# El giro del anillo del arbol (0x38AFC2B8) de cada personaje, leido de los
# jugadores que hizo el juego en una partida (NOTAS O-195). Es fijo por
# personaje: el editor lo usa al girar el anillo. Lo genera
# herramientas/construir_anillos.py <partida>.
identidad,chara_base_id,diamante,rama,giro,muestras,discrepan
00491555,-1447224537,0,0,6,2,0
00663444,-1450034634,0,0,1,1,0
006DEC12,-1449532832,0,0,7,2,0
008297CC,-1451845186,0,0,1,1,0
009F3580,-1452590094,0,0,1,1,0
00AD1DDF,-1453780051,0,0,7,1,0
00BF4E45,-1454686153,0,0,1,1,0
00CAE76A,-1455494888,0,0,1,1,0
01088D5D,-1459846353,0,0,1,1,0
01189533,-1460888767,0,0,6,2,0
016F77E8,-1466205798,0,0,1,1,0
018B7F62,-1468042992,0,0,7,3,0
01ADE52B,-1470502055,0,0,7,1,0
01E779CE,-1475119172,0,0,8,3,0
02094A80,-1409465102,0,0,6,1,0
02197A14,-1410501530,0,0,4,1,0
02197A14,-1410501530,1,0,8,1,0
0219E23F,-1410470835,0,0,6,1,0
0222D9BE,-1411983412,0,0,7,1,0
022B524B,-1411425223,0,0,6,1,0
0236F007,-1413284235,0,0,6,1,0
024A9476,657096377,1,0,7,3,0
0263ADA0,-1416125486,0,0,7,1,0
0275D7BA,-1417553464,0,0,7,1,0
02C42995,-1422907417,0,0,4,1,0
02E4DD1D,-1424960657,0,0,7,3,0
030643A2,-1426960944,0,0,8,1,0
0326B72A,-1429030568,0,0,7,1,0
03322173,-1429852415,0,0,8,1,0
03397668,-1429374950,0,0,4,1,0
033B9A2B,-1429236647,0,0,8,1,0
038E4D84,-1434827786,0,0,6,3,0
03BCEA96,-1438063388,0,0,1,1,0
03CB20B7,-1438699835,0,0,8,1,0
03DE7C58,-1440058838,0,0,1,1,0
03E9387C,-1440926194,0,0,7,3,0
04079A90,-1376545566,0,0,8,1,0
04479BD8,-1380739670,0,0,7,2,0
04560E75,-1381892089,0,0,7,1,0
045714AC,-1381819682,0,0,7,1,0
04A01582,-1386996752,0,0,7,1,0
04A86F4B,-1386454727,0,0,6,1,0
04DADE77,-1389441019,0,0,6,3,0
04E090A0,-1391157550,0,0,7,1,0
04E2F3AE,-1391002148,0,0,7,1,0
050B3A0A,-1392561032,0,0,8,1,0
0522FA97,-1395198747,0,0,8,1,0
05627FB5,-1399426617,0,0,8,1,0
056A057C,-1398928626,0,0,7,1,0
05857EA2,-1401851696,0,0,8,1,0
0585F1EF,-1401815139,0,0,8,1,0
05957E9B,-1402900247,0,0,6,5,0
05F11D3B,-1408953527,0,0,7,1,0
05FC0170,547154879,1,0,7,1,0
06012581,-1342886925,0,0,1,3,0
0601AACC,-1342856002,0,0,8,1,0
06113DEF,-1343933539,0,0,8,1,0
0629224E,-1344459716,0,0,7,1,0
06338293,-1345876767,0,0,1,1,0
0666DF34,-1349332666,1,0,6,2,0
06748CAE,-1350532388,0,0,7,1,0
0675C955,-1350449369,0,0,1,1,0
06A44DF7,-1353694331,0,0,7,1,0
06EED112,-1357193376,0,0,7,1,0
07033136,-1359528124,0,0,6,3,0
072CBB25,-1361529513,0,0,7,1,0
076627C0,-1366152782,0,0,7,1,0
078B3F10,-1367395998,0,0,6,1,0
07B40ADA,-1371536216,0,0,7,1,0
07B6E699,-1371346709,0,0,7,1,0
07B7A362,-1371296496,0,0,4,1,0
07BF5DC1,-1370795085,0,0,7,1,0
07C34FB6,-1372110396,0,0,6,1,0
07D357D8,-1373152854,0,0,6,1,0
07DE62B7,-1372951355,0,0,4,1,0
07EB4879,-1373682165,0,0,6,1,0
07F1E8A4,-1375344938,0,0,7,1,0
08127439,-1578730933,0,0,1,1,0
08192322,-1578291888,0,0,1,1,0
08758E8C,-1585348354,0,0,7,1,0
087AF017,-1584464283,0,0,7,1,0
08840633,-1586493375,0,0,8,2,0
08851CEA,-1586425192,0,0,8,1,0
08928562,770863021,1,0,7,2,0
08950484,-1587475722,0,0,7,1,0
0897E8C7,-1587288395,0,0,1,1,0
089CBFDC,-1586974290,0,0,7,1,0
08E022E6,-1592513388,0,0,6,1,0
0922C79C,-1596536338,0,0,6,1,0
09466C04,-1598922122,0,0,7,1,0
094776DD,-1598850897,0,0,8,1,0
09576EB3,-1599905599,0,0,7,1,0
096AB73A,-1600210616,0,0,4,1,0
097F697C,-1601476850,0,0,4,1,0
0985CCE4,-1603157354,0,0,1,1,0
098E14B2,-1602610496,0,0,7,1,0
09986EA8,-1603510054,0,0,1,1,0
09B7E4BB,-1606161719,0,0,6,1,0
09CD330F,-1606861443,0,0,6,1,0
09D01E0E,-1608249220,0,0,7,1,0
09FA772B,-1609664167,0,0,7,1,0
0A01188A,-1544218888,0,0,6,1,0
0A0AC0DC,-1543582034,0,0,6,1,0
0A49E761,-1547835117,0,0,6,1,0
0AA613F2,-1554899584,0,0,7,1,0
0AAB7861,801870510,1,0,7,1,0
0AAD44E9,-1554429285,0,0,7,1,0
0AC335A9,-1556661285,0,0,8,1,0
0AD3BADD,-1557678929,0,0,7,1,0
0AF3C118,-1559769238,0,0,7,1,0
0AFA30D1,-1559347549,0,0,6,1,0
0B015F9E,-1560981012,0,0,6,4,0
0B11D0EA,-1561993576,0,0,1,1,0
0B133CA9,-1561906469,0,0,1,1,0
0B13B3E4,-1561870954,0,0,6,1,0
0B186BB2,-1561565760,0,0,7,1,0
0B6F2EDE,-1566891860,0,0,7,1,0
0B8B8D56,-1568701660,0,0,7,1,0
0C11C36E,-1511666404,0,0,7,1,0
0C1A9475,-1511089657,0,0,6,1,0
0C25A1BF,-1512984627,0,0,7,1,0
0C33DBA5,-1513630249,0,0,4,1,0
0C6DD119,-1516642453,0,0,8,1,0
0C70FC18,-1518013846,0,0,1,1,0
0CADAF99,-1520852501,0,0,8,1,0
0CB561AE,-1522438180,0,0,6,1,0
0CBFFC03,-1521749391,0,0,7,1,0
0CC10237,-1523250107,0,0,8,1,0
0CEAA1A4,-1524715562,0,0,1,1,0
0CF78CA5,-1526496553,0,0,7,1,0
0CFCDBBE,-1526147636,0,0,7,2,0
0D036800,-1527290254,0,0,8,1,0
0D08B056,-1526940124,0,0,8,1,0
0D28CB93,-1529035295,0,0,1,1,0
0D404FBD,-1531690545,0,0,6,1,0
0D74928C,-1535075074,0,0,8,1,0
0D770B99,-1534917141,0,0,7,1,0
0D7D9634,-1534486458,0,0,4,1,0
0DA4EC35,-1538203065,0,0,7,1,0
0DAFBB2E,-1537493668,0,0,7,1,0
0DB2962F,-1538877347,0,0,6,1,0
0DD8710F,-1540587651,0,0,1,1,0
0DDA1201,-1540481933,0,0,6,1,0
0E2B6F40,-1478532814,0,0,7,1,0
0E5CA561,-1482118381,0,0,1,1,0
0E5EC66F,-1481979875,0,0,6,1,0
0E7CDEA4,-1484205866,0,0,7,1,0
0E87BC6E,-1485589988,0,0,8,1,0
0E8C6438,-1485280694,0,0,7,1,0
0EAEF3BE,-1487209012,0,0,7,1,0
0EB132FC,-1488634738,0,0,8,1,0
0EC8CE59,-1489190869,0,0,6,1,0
0EF3DFF7,-1492659835,0,0,7,1,0
0F06F1E4,-1494024298,0,0,8,1,0
0F1B53A8,-1494262310,0,0,7,1,0
0F297BF7,-1495435899,0,0,6,1,0
0F45D659,-1498294229,0,0,7,1,0
0F7358CB,-1501079879,0,0,7,1,0
0F9E401B,-1502982551,0,0,1,1,0
0FE2526C,-1508484066,0,0,1,1,0
1032A1C6,-1178161228,0,0,7,1,0
1039F6DD,-1177683793,0,0,6,1,0
105C479C,-1180153362,0,0,8,1,0
105E0C68,-1180040678,0,0,7,2,0
10A3AB61,-1185438445,0,0,7,1,0
10ACD5FA,-1185358968,0,0,7,1,0
10CB2F4F,-1187045059,0,0,1,1,0
10D6024E,-1188950980,0,0,1,1,0
11021263,-1191830511,0,0,7,1,0
11232C5D,-1193860561,0,0,7,1,0
113BE26A,-1194333160,0,0,7,1,0
11574FC4,-1197260362,0,0,6,1,0
11878E9D,-1200389905,0,0,1,1,0
118C56CB,-1200072519,0,0,1,1,0
118CD986,-1200039948,0,0,7,1,0
118E35C5,-1199948873,0,0,7,1,0
119C665F,-1201117139,0,0,1,1,0
119F3772,-1200932608,0,0,4,1,0
11B3EC4C,-1203248578,0,0,7,1,0
11F0CBF1,-1207646845,0,0,1,1,0
12035AF3,-1141418879,0,0,1,1,0
12080DE8,-1141111910,0,0,6,1,0
120882A5,-1141076777,0,0,1,1,0
121A6EDF,-1142005587,0,0,6,1,0
12373822,-1144834480,0,0,1,1,0
1290BC17,-1151028635,0,0,6,1,0
12A7F833,-1152125375,0,0,8,1,0
12B74634,936881403,1,0,7,1,0
12BF3604,-1152698250,0,0,6,1,0
12E51538,-1156506806,0,0,1,1,0
1311F19D,-1159331857,0,0,6,1,0
131A29CB,-1158797383,0,0,8,1,0
13659204,-1164862346,0,0,1,1,0
137D5C33,-1165405631,0,0,1,1,0
13BD22B3,-1169609535,0,0,8,1,0
13C88B9C,-1170438674,0,0,6,1,0
13CAE892,-1170282784,0,0,6,1,0
13E10190,-1173024798,0,0,7,1,0
14185941,-1108584653,0,0,8,1,0
142580C8,-1110339910,0,0,7,4,0
142580C8,-1110339910,0,1,1,4,0
145B7EFC,-1112575858,0,0,8,1,0
146FA3CD,-1113870913,0,0,8,1,0
1474F4EF,-1115620707,0,0,7,1,0
14A9A76E,-1117935332,0,0,8,1,0
14B48A6F,-1119845347,0,0,7,1,0
14BFDD74,-1119104250,0,0,6,1,0
14C12340,-1120588494,0,0,6,1,0
14C3404E,-1120448964,0,0,7,1,0
14DB8E79,-1120960501,0,0,7,1,0
14EA80D3,-1122070879,0,0,8,1,0
14FCFAC9,-1123486533,0,0,7,1,0
1501A534,-1124750522,0,0,1,1,0
1501A534,-1124750522,0,1,5,1,0
150AF22F,-1124139939,0,0,8,1,0
15147696,-1126139676,0,0,7,1,0
1544474A,-1129297608,0,0,7,2,0
156BCD59,-1130380501,0,0,7,1,0
157DB743,-1131824847,0,0,8,1,0
15A4CD42,-1135557840,0,0,7,1,0
15ECBDE4,-1139231850,0,0,4,1,0
1611952F,-1075471523,0,0,4,1,0
161DC0A5,-1075196201,0,0,7,1,0
162A8481,-1075934477,0,0,1,1,0
1648124F,-1078191043,0,0,1,1,0
1648124F,-1078191043,1,0,6,2,0
1668698A,-1080268808,0,0,8,1,0
1685FE17,-1083051931,0,0,1,1,0
16879D19,-1082944661,0,0,6,1,0
16BA4490,-1085388062,0,0,7,1,0
16F23436,-1090110908,0,0,7,1,0
16F9632D,-1089639073,0,0,7,1,0
173B091A,-1093728408,0,0,6,1,0
1745F72E,-1095632548,0,0,8,1,0
17975579,-1100784885,0,0,8,1,0
17AA03BD,-1101132337,0,0,1,1,0
17D3FF18,-1104678550,0,0,1,1,0
17DFAA92,-1104436000,0,0,7,1,0
17E8EEB6,-1105403708,0,0,7,1,0
17ED56E1,-1105635181,0,0,7,2,0
17F02081,-1107022093,0,0,7,1,0
18133351,-1310245597,0,0,8,1,0
1839D539,-1311909045,0,0,1,1,0
18466EF6,-1313709948,0,0,7,1,0
185BCCBA,-1313881400,0,0,1,1,0
18661533,-1315824831,0,0,1,1,0
1883F340,-1317536462,0,0,8,1,0
1885B42A,-1317946792,0,0,6,1,0
18904E23,-1318829999,0,0,6,7,0
18904E23,-1318829999,0,1,8,2,0
18B4B764,-1321158378,0,0,7,3,0
18FC488F,-1324857603,0,0,7,1,0
193E22B8,-1328927542,0,0,7,1,0
197D0505,-1333195913,0,0,7,1,0
198404C1,-1334834509,0,0,7,1,0
19A47F04,-1336905354,0,0,6,1,0
19A53AFF,-1336855411,0,0,6,2,0
19A69347,-1336763083,0,0,6,1,0
19B62C9E,-1337842964,0,0,1,1,0
19D15966,-1339730156,0,0,7,1,0
19D1D62B,-1339697063,0,0,1,1,0
1A20AB6A,-1277909736,0,0,8,1,0
1A224729,-1277802149,0,0,6,1,0
1A291032,-1277354432,0,0,6,1,0
1A558D08,-1281260678,0,0,8,1,0
1A957CC5,-1285459273,0,0,7,1,0
1AA7DBD7,-1286351451,0,0,7,1,0
1AAC8CCC,-1286044994,0,0,7,1,0
1AAC8CCC,-1286044994,0,1,5,1,0
1ABA799B,-1286703127,1,0,6,2,0
1ABAF6D6,-1286670172,0,0,1,1,0
1AC02162,-1288425712,0,0,7,1,0
1AC0B949,-1288390853,0,0,6,1,0
1AC54D19,-1288617109,0,0,1,1,0
1AD011F6,-1289478268,0,0,6,2,0
1AF9D16B,-1290936551,0,0,8,2,0
1B127BC1,-1293519437,0,0,7,1,0
1B30630A,-1295749768,0,0,7,1,0
1B320004,-1295643018,0,0,7,1,0
1B6EE6FB,-1298470775,0,0,7,2,0
1B789CE1,-1299410285,0,0,8,1,0
1BE2C15D,-1307128017,0,0,6,1,0
1C100B4B,-1243347655,0,0,8,1,0
1C39CBD6,-1244805724,0,0,1,1,0
1C71343D,-1249559985,0,0,1,1,0
1C794EF4,-1249034106,0,0,4,5,0
1C8E4FDA,-1250279000,0,0,7,2,0
1C9E4FE3,-1251327599,0,0,6,1,0
1CEA2C7A,-1256316408,0,0,1,1,0
1D20B8EE,-1261128036,0,0,7,1,0
1D2903B6,-1260581436,0,0,1,1,0
1D4C25ED,-1262998625,0,0,6,1,0
1D4D3F34,-1262931642,0,0,6,1,0
1D5C25D4,-1264047194,0,0,1,1,0
1D5CAA99,-1264016149,0,0,1,1,0
1DBB24C3,-1269880143,0,0,6,1,0
1DCCE5C5,-1271338057,0,0,7,1,0
1DF9C2EF,-1274164067,0,0,6,1,0
1E0A53ED,-1208066657,0,0,7,1,0
1E180077,-1209266683,0,0,6,4,0
1E378A64,-1211923434,0,0,7,1,0
1E4831AB,-1212399655,0,0,6,1,0
1E82459C,-1216984082,0,0,7,7,0
1E86744B,-1217234375,0,0,8,1,0
1E900E51,-1218183133,0,0,7,1,0
1EA46C80,-1219468558,0,0,1,1,0
1EADD7D8,-1218848342,0,0,8,1,0
1EAF3B9B,-1218759191,0,0,7,1,0
1EBF8442,-1219786192,0,0,7,1,0
1EC553F6,-1221501564,0,0,6,1,0
1ED87EF7,-1221824379,0,0,7,1,0
1ED8F1BA,-1221787704,0,0,8,1,0
1EEAD9E5,-1222715497,0,0,6,1,0
1EF07938,-1224444086,0,0,7,1,0
1F0A0CAE,-1224867108,0,0,7,1,0
1F1A14C0,-1225909582,0,0,8,1,0
1F32130F,-1228530307,0,0,7,1,0
1F441E7C,-1229975538,0,0,7,1,0
1F6FBDEF,-1231309923,0,0,7,1,0
1F8A5B9C,-1233234450,0,0,8,1,0
1F9D647D,-1234605553,0,0,7,1,0
1FB6C7EE,-1237136996,0,0,6,1,0
1FBD1FB8,-1236725302,0,0,6,1,0
1FF5E053,-1241387487,0,0,7,1,0
20015AA0,-1980410670,0,0,7,1,0
202C0C5D,-1982332369,0,0,8,1,0
202D1684,-1982261002,0,0,1,1,0
203C8329,-1983345317,0,0,1,1,0
20427D1D,-1984531601,0,0,7,1,0
204BC645,-1983920073,0,0,1,1,0
206065D6,-1986761820,0,0,8,1,0
20919AB1,-1989831485,0,0,7,1,0
20996412,-1989318048,0,0,6,1,0
20A6DE95,-1991061273,0,0,7,1,0
20E5F928,-1995311270,0,0,1,1,0
20EE217E,-1994772724,0,0,8,1,0
21111D8D,-1998253057,0,0,6,1,0
214B3EB1,-2000736061,0,0,8,1,0
2150D673,-2002462719,0,0,7,1,0
216C4A01,-2003286925,0,0,7,1,0
218B4031,-2004922813,0,0,7,1,0
21A20FE1,-2007629421,0,0,7,1,0
21C33097,-2009645339,0,0,7,1,0
21EE666A,-2011535336,0,0,7,1,0
2204C344,-1947153098,0,0,1,1,0
220D781C,-1946585490,0,0,7,1,0
220F945F,-1946445267,0,0,1,1,0
2220061B,-1949038487,0,0,1,2,0
22523ABF,-1952041779,0,0,1,1,0
22686EEA,-1952685928,0,0,1,1,0
226A251E,-1952568468,0,0,7,2,0
226A251E,-1952568468,1,0,6,2,0
227A3D70,-1953615102,0,0,1,1,0
2295C9E3,-1956526191,0,0,1,1,0
229AB778,-1955677942,0,0,6,1,0
22D4021D,-1960833937,0,0,7,1,0
22D724E8,-1960629606,0,0,6,1,0
22E89E6F,-1961062371,0,0,7,1,0
22FD4DCD,-1962327105,0,0,8,1,0
230D80E8,-1963356518,0,0,1,1,0
23220AFB,-1965685623,0,0,8,1,0
233F27FA,-1966397048,0,0,7,1,0
2357A3D4,-1968984666,0,0,1,1,0
2358DD4F,-1968385219,0,0,7,1,0
23612D46,-1969937612,0,0,8,1,0
2377575C,-1971103442,0,0,6,1,0
23905088,-1973133574,0,0,4,1,0
23AA04DD,-1973548369,0,0,7,1,0
23B85747,-1974707915,0,0,1,1,0
23CF122B,-1975837607,0,0,7,1,0
241CE603,-1914115983,0,0,7,1,0
24635DCC,-1919462466,0,0,7,1,0
248C2612,-1921505184,0,0,6,1,0
24B1FF9B,-1924795927,0,0,7,1,0
24C6BAF7,-1926056827,0,0,8,1,0
24CF01AF,-1925509155,0,0,1,1,0
2504D0C0,-1930371406,0,0,6,1,0
25063C83,-1930284303,0,0,7,1,0
25463C15,2545370,1,0,8,2,0
25638DC2,-1936227408,0,0,6,2,0
25A137FB,-1940571767,0,0,7,1,0
25AAEFAD,-1939938849,0,0,6,1,0
25C64203,-1942860687,0,0,6,1,0
25D6FDDA,-1943866456,0,0,7,1,0
25DDAAC1,-1943427917,0,0,6,1,0
25DE8C34,-1943371194,0,0,7,1,0
25E136B3,-1944766271,0,0,1,1,0
25E59D9A,-1945005080,0,0,7,1,0
25F46A5C,-1946131410,0,0,8,1,0
26059850,-1879992798,0,0,1,1,0
2618B551,-1880311005,0,0,6,1,0
26208E30,54551807,1,0,7,1,0
262E3BC3,-1881524815,0,0,8,1,0
2650C5F7,-1885025403,0,0,7,1,0
265229B4,-1884936250,0,0,8,1,0
26597EAF,-1884458787,0,0,8,1,0
2659C14F,-1884434627,0,0,7,1,0
2665E2DD,-1886262097,0,0,7,1,0
268004AE,-1888220452,0,0,7,1,0
2689BFF6,-1887587964,0,0,7,1,0
26A07F6B,-1890291431,0,0,6,1,0
26DCE251,-1893143517,0,0,7,1,0
26E07E23,-1894485935,0,0,4,1,0
2708F27C,-1896023026,0,0,6,1,0
271E8866,-1897232876,0,0,1,1,0
27352BF5,-1899944569,0,0,6,1,0
27426E99,-1900650261,0,0,6,1,0
274BD5C1,-1900029005,0,0,6,1,0
2772BDE3,-1903774831,0,0,6,4,0
2780FC5A,-1904938456,0,0,6,1,0
2792AFC0,-1905876558,0,0,7,1,0
27C7F267,-1909195755,0,0,6,1,0
27D1887D,-1910143473,1,0,7,2,0
27E789A2,-1911322672,0,0,6,1,0
27EC51F4,-1911005306,0,0,6,1,0
2816C9E8,-2115844198,0,0,1,1,0
28618C84,-2120908042,0,0,1,1,0
286360C7,-2120782155,0,0,8,1,0
2873EFB3,-2121801279,0,0,6,2,0
2887C34F,-2123117251,1,0,7,2,0
288C9454,-2122802650,0,0,6,8,0
2891B955,-2124040409,0,0,7,1,0
289AEE4E,-2123440068,0,0,7,1,0
28B8F685,-2125661961,0,0,8,1,0
28C46BBF,-2127534643,0,0,6,1,0
28CFB3E9,-2126791269,0,0,1,1,0
28D9C9F3,-2127706239,0,0,8,1,0
28F32F9B,-2130238999,0,0,7,1,0
28F643E0,-2130555502,0,0,1,1,0
290DD9DE,-2131109972,0,0,1,1,0
291BA3C4,-2131776074,0,0,6,1,0
293429D7,-2134890587,0,0,1,1,0
2934B1FC,-2134851698,0,0,7,1,0
29588479,-2136176117,0,0,7,2,0
29617470,-2137687550,0,0,7,1,0
2967C7B5,201796986,1,0,7,1,0
29A185BD,-2141877297,0,0,6,1,0
29A3E6B3,-2141722431,0,0,6,1,0
29C98EDE,-2143453012,0,0,6,1,0
29E97A56,-2145553372,0,0,1,1,0
2A0FB7BB,-2080654903,0,0,1,1,0
2A2732DD,-2083308369,0,0,6,1,0
2A42242B,-2085213607,0,0,7,1,0
2A6DAE38,-2087083958,0,0,6,1,0
2A700C74,-2088500730,0,0,8,1,0
2A82D5E6,-2089362540,0,0,6,2,0
2A890DB0,-2088959038,0,0,1,1,0
2AB3D6A8,-2092443430,0,0,8,1,0
2AD5EB4F,-2094930627,0,0,7,1,0
2B08403A,-2097394104,0,0,1,3,0
2B3C22EB,-2100810599,0,0,1,1,0
2B40BFD1,-2102087261,0,0,7,3,0
2B4B6787,-2101384715,0,0,6,1,0
2B71BC9F,-2105167123,0,0,7,1,0
2B77FBF5,-2105281145,0,0,1,1,0
2BAF4B42,-2107947728,0,0,7,6,0
2BE558EA,-2112792936,0,0,1,1,0
2BF2670B,-2113508999,0,0,6,1,0
2C01E8E6,-2047482220,0,0,7,1,0
2C3E5261,-2050335725,0,0,6,1,0
2C42CF5B,-2051620567,0,0,4,1,0
2C49170D,-2051204737,0,0,6,1,0
2C7E5329,-2054529701,0,0,7,1,0
2C9AF0A1,-2056323373,0,0,7,1,0
2CC61BBA,-2060315192,0,0,7,1,0
2CECF036,-2061959612,0,0,8,1,0
2CEE1C75,-2061889017,0,0,1,1,0
2CEE9338,-2061853366,0,0,6,1,0
2CF33174,-2063122682,0,0,1,1,0
2D1ED150,-2064982238,0,0,1,1,0
2D2C7642,-2066188240,0,0,7,1,0
2D2CF90F,-2066155651,0,0,6,1,0
2D2E9A01,-2066049933,0,0,6,2,0
2D3C6E2C,-2067242914,0,0,8,1,0
2D589A96,-2069064476,0,0,6,1,0
2D59DF6D,-2068983521,0,0,6,1,0
2D80A56C,-2072728802,0,0,6,1,0
2D8B7D3A,-2072022200,0,0,7,1,0
2D9EAF46,150881673,1,0,8,1,0
2DBC391E,-2075642004,0,0,1,1,0
2DEC08C2,-2078800208,0,0,7,5,0
2DF7E000,-2080117134,0,0,1,1,0
2DFE5B58,-2079697622,0,0,7,1,0
2E047102,-2014281872,0,0,7,1,0
2E1A7B28,192582119,1,0,8,2,0
2E38ED70,-2016615678,0,0,6,1,0
2EA8A22C,-2023969698,0,0,7,1,0
2EAA4E6F,-2023866339,0,0,7,1,0
2EDC4EF8,-2027405174,0,0,8,1,0
2F22B8BD,-2032748849,0,0,6,1,0
2F682458,-2036585942,0,0,6,1,0
2F6A4756,-2036446940,0,0,7,1,0
2F6AC81B,-2036414871,0,0,7,1,0
2F6AC81B,-2036414871,1,0,6,2,0
2F7A476F,-2037495523,0,0,1,2,0
2F853C88,-2039401734,0,0,8,1,0
2F8D4641,-2038872013,0,0,7,1,0
2FB15E59,-2042277845,0,0,7,1,0
2FBA860F,-2041673603,0,0,6,1,0
2FC61B35,-2043538105,0,0,7,1,0
2FCDC363,-2043032303,0,0,8,1,0
2FFA8747,-2045867723,0,0,1,1,0
30009285,-1712022281,0,0,6,1,0
3014BB3C,-1713326770,0,0,6,1,0
301D30C9,-1712767301,0,0,7,1,0
302A74ED,-1713472865,0,0,7,1,0
302F1896,-1713695004,0,0,1,1,0
3055406F,-1717481955,0,0,6,2,0
3055CF22,-1717452464,0,0,7,15,0
3055CF22,-1717452464,0,1,5,2,0
307A4531,-1718727869,0,0,7,1,0
30B8D7F2,-1723016832,0,0,1,1,0
30BA3BB1,-1722927677,0,0,7,1,0
30CF929E,-1724146452,0,0,8,1,0
30F24B17,-1727642267,0,0,7,1,0
310DF8A9,-1728448805,0,0,7,1,0
3123B9D2,339956509,1,0,8,1,0
31302120,-1731973294,0,0,7,2,0
31302120,-1731973294,1,0,8,2,0
3168DEF2,-1734553472,0,0,8,2,0
317ABDC5,-1735478345,0,0,6,1,0
3181DF0F,-1737109123,0,0,7,1,0
318A8814,-1736538522,0,0,6,1,0
3197A515,-1738298521,0,0,6,1,0
31A3C7C4,-1739077194,0,0,6,1,0
31A81F92,-1738796576,0,0,7,1,0
31B82F06,-1739841164,0,0,6,1,0
31D482A8,-1742697254,0,0,7,1,0
31DF5AFE,-1741990772,0,0,6,1,0
31FA2E7A,-1743904760,0,0,6,4,0
320CB039,-1678197173,0,0,7,1,0
3213717B,-1679327479,0,0,1,3,0
322CCBFC,-1680292466,0,0,6,1,0
325B8E90,-1682997022,0,0,7,1,0
326A8DDE,-1684110420,0,0,6,1,0
327F77D7,-1685358171,0,0,7,1,0
32892CC7,-1686297931,0,0,7,1,0
329B7F5D,-1687195345,0,0,1,1,0
32A95702,-1688381072,0,0,7,1,0
32D48227,-1692365739,0,0,8,1,0
32D6ECCD,-1692212545,0,0,7,1,0
32FE69AB,-1693816871,0,0,7,1,0
332B3C7D,-1696648689,0,0,7,1,0
333C039C,-1698165266,0,0,6,1,0
333EEFDF,-1697979987,0,0,6,1,0
334B46F0,-1698740094,0,0,4,1,0
336B3D35,-1700842681,0,0,7,1,0
338C36DB,384621588,1,0,8,1,0
33923CF1,-1704578429,0,0,7,1,0
3399E4A7,-1704072491,0,0,1,1,0
33AEA083,-1705333007,0,0,1,1,0
33CEDA0E,-1707420548,0,0,6,1,0
33D11B4C,-1708845762,0,0,7,10,0
3405E011,-1645089181,0,0,7,1,0
341F40CC,-1645523266,0,0,1,1,0
342A6A02,-1646369680,0,0,1,1,0
3435AB40,-1648253646,0,0,1,1,0
34374703,-1648146063,0,0,7,1,0
3443ABD7,-1648908891,0,0,6,1,0
3450BDB6,-1650150460,0,0,8,1,0
34694DBF,-1650637875,0,0,7,1,0
347F37A5,-1651820073,0,0,1,1,0
349B942D,-1653630369,0,0,7,1,0
34A7085F,-1655503315,0,0,7,1,0
34AA9B59,298480022,1,0,8,2,0
34D8B390,-1658012190,0,0,1,1,0
34E56A19,-1659804565,0,0,1,1,0
34ECD141,-1659314381,0,0,6,1,0
34F73983,-1660733455,0,0,1,1,0
351AD9A7,-1662068779,0,0,6,1,0
35256320,-1663996590,0,0,6,1,0
3527002E,-1663889828,0,0,7,1,0
353553B4,-1665049146,0,0,6,1,0
3552264C,-1666832322,0,0,7,1,0
3559FE1A,-1666322328,0,0,8,1,0
35725D89,-1668918277,0,0,7,1,0
3592D781,-1670981133,0,0,7,1,0
35BD5D92,-1672916000,0,0,7,1,0
35C78A26,-1674345388,0,0,7,1,0
35E5355A,-1676592344,0,0,8,1,0
35F52D34,-1677647034,0,0,6,1,0
35F5A279,-1677612021,0,0,7,1,0
35F7C177,-1677471995,0,0,1,1,0
36045075,-1611637241,0,0,8,1,0
3661762E,-1617594276,0,0,1,2,0
3661762E,-1617594276,1,0,7,2,0
36717617,-1618642843,0,0,7,1,0
3671F95A,-1618610392,0,0,7,1,0
36967700,-1620936334,0,0,6,1,0
369E0DC9,-1620442181,0,0,1,1,0
36A1B74E,-1621771972,0,0,6,1,0
36AA6F18,-1621204630,0,0,7,1,0
36D6F222,-1625097136,0,0,6,1,0
36D8C89C,330834515,1,0,8,1,0
36E1B606,-1625966476,0,0,7,1,0
37149815,-1629448601,0,0,7,1,0
372E4F37,307144184,1,0,8,1,0
3731EC91,-1631198493,0,0,1,4,0
37541D37,-1633676475,0,0,1,3,0
375C67FE,-1633130100,0,0,7,1,0
3768052F,-1633940643,0,0,7,1,0
379A1961,-1636952301,0,0,7,1,0
37A31C19,-1638460821,0,0,4,1,0
37B31C20,-1639509422,0,0,8,1,0
37B3936D,-1639473889,0,0,6,1,0
37C63A42,-1640877008,0,0,7,1,0
37C77FB9,-1640795701,0,0,6,1,0
37CB51D1,313244446,1,0,1,2,0
38377A08,-1849461638,0,0,6,1,0
383CA25E,-1849119700,0,0,1,1,0
38777B40,-1853655758,0,0,1,1,0
38907170,-1855684862,0,0,6,1,0
389B266B,-1854986215,0,0,4,1,0
38B93EA0,-1857212206,0,0,4,1,0
38C5A39A,-1859015192,0,0,1,1,0
3907C9AD,-1863071777,0,0,7,1,0
3927B268,-1865171942,0,0,1,1,0
393627C5,-1866323529,0,0,7,1,0
39825553,-1871291615,0,0,7,1,0
39A22E96,-1873403676,0,0,8,1,0
39B51177,-1874780411,0,0,6,1,0
39BDEFD4,-1874206298,0,0,6,1,0
39C846FB,-1875097463,0,0,7,1,0
39F5103F,-1878974899,0,0,8,1,0
39FEC869,-1878342117,0,0,1,1,0
3A0E7F9E,-1812303380,0,0,7,1,0
3A2F41A0,-1814343726,0,0,7,1,0
3A6C661D,-1818728337,0,0,4,1,0
3A71C451,-1819948509,0,0,7,1,0
3A9EBF8F,-1821724163,0,0,6,1,0
3AA36606,-1822988172,0,0,1,1,0
3AB1359C,-1824179218,0,0,7,1,0
3AB37E68,-1824034790,0,0,4,1,0
3AF95D6D,-1827843297,0,1,5,1,0
3B14A51E,-1830769812,0,0,8,1,0
3B1FF205,-1830028169,0,0,7,1,0
3B490BFE,-1833106036,0,0,7,1,0
3B5CD5B8,-1834427446,0,0,7,1,0
3B71145F,-1836770771,0,0,1,1,0
3B818639,-1837791157,0,0,8,1,0
3B8EF8A2,-1837435184,0,0,8,1,0
3BA67C1A,516331221,1,0,8,1,0
3BB3AE66,-1840799724,0,0,8,1,0
3BB87630,-1840482238,0,0,7,1,0
3BCC15A9,-1841816613,0,0,1,1,0
3BCF335C,-1841611474,0,0,6,1,0
3BD4DB9E,-1843341844,0,0,1,1,0
3C1D0DC2,-1779891280,0,0,1,1,0
3C68A4ED,-1784894817,0,0,8,1,0
3C78BC83,-1785941263,0,0,7,1,0
3CBA06BA,-1790048056,0,0,6,1,0
3CC00522,-1791751344,0,0,7,1,0
3CC00522,-1791751344,0,1,5,2,0
3CC5BD75,-1791905017,0,0,1,1,0
3CC69B80,-1791846926,0,0,6,1,0
3CCDCC9B,-1791376663,0,0,1,1,0
3CEF5B1D,-1793370769,0,0,7,1,0
3CF2F951,-1794705629,0,0,7,1,0
3CFA07F2,-1794242176,0,0,7,1,0
3CFEACDB,-1794465111,0,0,1,1,0
3D07D742,-1795958480,0,0,7,1,0
3D3CC6EC,-1798780770,0,0,8,1,0
3D453A49,-1800326085,0,0,7,1,0
3D73B4DB,-1803044183,0,0,7,1,0
3D971753,-1805444831,0,0,7,1,0
3DAACEDA,-1805729624,0,0,7,1,0
3DD430EE,-1809826148,1,0,8,2,0
3DDD8BB6,-1809218108,0,0,7,1,0
3DDF67F5,-1809094265,0,0,7,1,0
3E05B927,-1745766571,0,0,7,1,0
3E2E1AB4,-1747315514,0,0,6,1,0
3E4E9E6F,-1749381091,0,0,1,1,0
3E779B17,-1752984219,0,0,7,2,0
3E899E81,-1753378573,0,0,6,1,0
3E8BFD8F,-1753222147,0,0,7,1,0
3EB44708,-1757394566,0,0,6,1,0
3EC66FC1,463897870,1,0,6,2,0
3EF760B5,-1761382713,0,0,6,1,0
3EFCB8E3,-1761036655,0,0,7,1,0
3F08D30B,-1761813127,0,0,4,10,0
3F08D30B,-1761813127,1,0,6,2,0
3F1EA911,-1763006621,0,0,1,1,0
3F350A82,-1765735184,0,0,8,1,0
3F3BBF71,442193342,1,0,7,2,0
3F3ED2D4,-1765090138,0,0,6,1,0
3F424FEE,-1766440548,0,0,7,1,0
3F42F00E,-1766392196,0,0,7,1,0
3F4918F5,-1765992825,0,0,8,1,0
3F4BF4B6,-1765803324,0,0,1,1,0
3F59A72C,-1767003810,1,0,6,2,0
3F609EC3,436237324,1,0,8,1,0
3F762D3F,-1769856179,0,0,8,1,0
3F7C59F7,-1769449595,0,0,6,3,0
3F7ED39C,-1769284114,0,0,1,1,0
3F84F4AD,-1770980641,0,0,6,1,0
3F928EB7,-1771667259,0,0,1,1,0
3F99D9AC,-1771186210,0,0,6,1,0
3F9B35EF,-1771095139,0,0,7,1,0
3FC7D310,-1774985886,0,0,1,2,0
3FEC7083,-1776779535,0,0,8,1,0
4004409E,-370127124,0,0,1,1,0
400F98C8,-369387846,0,0,1,1,0
4030224F,-373019587,0,0,7,1,0
4032CE0C,-372850562,0,0,8,1,0
40476723,-374118063,0,0,6,1,0
40A3C4AB,-380122407,0,0,8,1,0
411F50A8,-387227942,0,0,7,1,0
4161AE9C,-392847122,0,0,6,1,0
416AF987,-392235019,0,0,7,1,0
41850D14,-395246746,0,0,8,1,0
41AA8707,-396457611,0,0,1,1,0
41B7F167,-398196971,0,1,1,2,0
41F0A43B,-402347447,0,0,7,1,0
423C00F3,-339210623,0,0,7,1,0
4242FEC7,-340332363,0,0,1,1,0
42747055,-343900633,0,0,6,1,0
428CBB27,-344410795,0,0,7,1,0
42A65D4F,-346926275,0,0,7,1,0
42B02755,-347854553,0,0,7,1,0
42E57AF2,-351177600,0,0,1,1,0
42EE2DE9,-350608485,0,0,1,1,0
42F300E8,-351859046,0,0,1,1,0
4312DB98,-353970710,0,0,6,2,0
432710C5,-355262793,0,0,6,1,0
434ED110,-356851870,0,0,7,1,0
4359EEF1,-357703549,0,0,1,1,0
43643778,-359646966,0,0,1,1,0
43AB3763,-362858223,0,0,8,1,0
43C3B34D,-365445825,0,0,7,1,0
43EC395E,-367511764,0,0,4,1,0
43F4F769,-369034981,0,0,7,1,0
4425604F,-305041859,0,0,8,1,0
442EB819,-304433557,0,0,6,1,0
44384D4E,-305380548,0,0,7,3,0
4440C959,-306919637,0,0,7,1,0
4482E47A,-310973944,0,0,1,1,0
44BD5EFD,-313962353,0,0,6,1,0
44CA1B91,-314698269,0,0,1,1,0
44E59182,-317612048,0,0,6,1,0
44FD5FB5,-318156345,0,0,6,1,0
4527FBB5,-321653305,0,0,7,1,0
453F3582,-322225168,0,0,6,2,0
454B561B,-323004311,0,0,7,1,0
4582A36E,-327766756,0,0,7,1,0
45A2674B,-329881287,0,0,7,1,0
45A2FF60,-329846510,0,0,6,2,0
45AFF593,-329516063,0,0,7,1,0
45B257DF,-330933843,0,0,7,1,0
45C8806B,-331575783,1,0,8,1,0
45E78535,-334263481,0,0,4,1,0
4604ABEE,-269441636,0,0,8,1,0
4606E01A,-269291928,0,0,6,1,0
463EFFBB,-271912503,0,0,6,1,0
464CC31F,-273101459,0,0,7,1,0
4663515B,-275292375,0,0,7,1,0
46680640,-274986958,0,0,7,1,0
469188C9,-278559045,0,0,7,1,0
46CF8275,-281310201,0,0,6,1,0
46F6727C,-285049842,0,0,7,1,0
470DE842,-285612496,0,0,1,1,0
471B9258,-286286806,0,0,7,1,0
4734184B,-289401287,0,0,4,1,0
47398A93,-288520991,0,0,7,1,0
474ECFFF,-289750643,0,0,6,1,0
4753E2FE,-290984820,0,0,8,1,0
4758B5E5,-290669673,0,0,6,1,0
47C48A2D,-298810273,0,0,4,3,0
47D313A5,1655961962,1,0,1,1,0
47FC958C,-301425666,0,0,6,1,0
4812962D,-504981409,0,0,6,1,0
4814D147,-505356491,0,0,7,1,0
481A688E,-504469764,0,0,6,1,0
4825D209,-506340229,0,0,6,1,0
486D2DE2,-510057584,0,0,6,1,0
4882D971,-512305405,0,0,4,1,0
489FF470,-513017342,0,0,6,1,0
48F635A5,-519947305,1,0,8,1,0
492749F3,-523024511,0,0,1,1,0
49351A69,-524217317,0,0,6,1,0
4940B346,-525025996,0,0,1,1,0
495D9E47,-525758411,0,0,8,1,0
4968B489,-526599429,0,0,6,1,0
49721454,-528082394,0,0,6,1,0
499EC7EC,1828597027,1,0,8,2,0
49AC021A,-531100568,0,0,7,4,0
49AF47D5,-530888281,0,0,6,1,0
49C7C3FB,-533475959,0,0,7,1,0
49D0FC1A,-534449560,0,0,6,1,0
49E7B83E,-535579060,0,0,1,1,0
49EC6068,-535269862,0,0,4,5,0
4A23E972,-472389888,0,0,7,1,0
4A2B93BB,-471884343,0,0,7,1,0
4AB08BFC,-482048626,0,0,6,1,0
4AB1CE07,-481968011,0,0,7,1,0
4AC46728,-483366566,0,0,8,1,0
4AC4E865,-483334633,0,0,1,1,0
4AD4E85C,-484383186,0,0,7,1,0
4B060D1F,-487455891,0,0,6,1,0
4B068252,-487420896,0,0,7,1,0
4B16826B,-488469479,0,0,7,1,0
4B4E7DB9,-491097141,0,0,1,1,0
4B73A430,-494425534,0,0,7,1,0
4B964243,-496874447,0,0,1,1,0
4BA10667,-497743851,0,0,7,1,0
4BA88D92,-497253408,0,0,7,4,0
4BAADE31,-497102781,0,0,1,1,0
4BE18345,-501904073,0,0,6,1,0
4BE18345,-501904073,1,0,7,2,0
4C47D565,-441197801,0,0,1,1,0
4C7A0CEC,-443678050,0,0,1,1,0
4C9A86E4,-445740906,0,0,1,1,0
4C9FEA9F,-445913875,0,0,7,1,0
4CA1254E,-447403204,0,0,7,1,0
4CA376ED,-447252321,0,0,7,1,0
4CB50CF7,-448724347,0,0,1,1,0
4CB89E2F,-447967139,0,0,7,3,0
4CCFDB43,-449063631,0,0,7,1,0
4CD1D169,1773222822,1,0,7,1,0
4CE0DE1D,-451620753,0,0,7,1,0
4CF62B4A,-452844232,0,0,7,2,0
4CFD7C51,-452365789,0,0,6,1,0
4D223B67,-455723755,0,0,8,1,0
4D34417D,-457158897,0,0,1,2,0
4D5874F8,-458458486,0,0,7,1,0
4D5A4A01,-458341261,0,0,7,1,0
4D5D80A8,-458649894,0,0,1,1,0
4D611CDA,-459992408,0,0,8,1,0
4D634F79,-459849461,0,0,8,1,0
4D6AC48C,-459355394,0,0,6,1,0
4DB866DB,-464754519,0,0,7,1,0
4E0C61CF,-403148867,0,0,7,1,0
4E1CC970,-404175102,0,0,7,1,0
4E2373F7,-405308027,0,0,8,3,0
4E2EE12F,-405082275,0,0,6,1,0
4E3CB2B5,-406274873,0,0,6,1,0
4E4994D7,-407004507,0,0,6,1,0
4E6372BF,-409502515,0,0,7,1,0
4EA6EF09,-413998725,0,0,7,1,0
4ED954C6,-416458060,0,0,1,1,0
4EDF13AC,-416604706,0,0,6,1,0
4EE616D4,-418244442,0,0,7,1,0
4EEE10E2,-417718640,0,0,1,2,0
4EFBC29E,1805330513,1,0,7,1,0
4F13C052,-421016032,0,0,8,1,0
4F1B3EF1,-420532093,0,0,7,1,0
4F1D799B,-420907031,0,0,8,1,0
4F27A283,-422335247,0,0,6,1,0
4F2C7AD5,-422021977,0,0,7,1,0
4F2C7AD5,-422021977,0,1,5,2,0
4F3C4A41,-423082957,0,0,1,1,0
4F64853E,-426734772,0,0,8,1,0
4F8B71AD,-427851809,0,0,7,1,0
4FA11888,-430631174,0,0,6,1,0
4FEC8B18,-434600598,0,0,7,1,0
4FFED882,-435497232,0,0,7,1,0
500588BB,-101611831,0,0,6,1,0
5046AF06,-105733772,0,0,7,1,0
505B8207,-105935755,0,0,7,1,0
507385C8,-108557382,0,0,1,1,0
5085F6AD,1977949282,1,0,7,1,0
50B47694,-113215258,0,0,6,1,0
50F75129,-117219493,0,0,8,1,0
510159CF,-118138947,0,0,7,1,0
5109A76C,-117593826,0,0,8,1,0
510FE006,-117707148,0,0,7,1,0
511E988D,-118843649,0,0,6,1,0
513EE348,-120918726,0,0,1,1,0
515996B0,-122840894,0,0,6,1,0
51761CA3,-125693231,0,0,8,1,0
5184C531,-126825661,0,0,7,1,0
5189F05E,-125960660,0,0,8,1,0
5199E830,-127015358,0,0,7,1,0
51B1EFFF,-129638003,0,0,7,1,0
51C3D35B,-130556631,0,0,7,3,0
51C7E28C,-130814722,0,0,7,1,0
51D19896,-131754268,0,0,1,1,0
51EC411F,-132624531,0,0,7,1,0
51ED04E4,-132576618,0,0,1,1,0
520DB32A,-67519144,0,0,7,1,0
52331AD3,-70839135,0,0,6,2,0
52689571,-73622781,0,0,7,2,0
52858DA1,-76446765,0,0,7,1,0
52B1EF70,-79306494,0,0,8,1,0
52FAB204,-82920330,0,0,6,3,0
5330A2FA,-87774072,0,0,6,1,0
5338D833,-87239103,0,0,8,3,0
53AAFF46,-94441164,0,0,7,1,0
53CFD91D,-96741521,0,0,8,1,0
53F841E3,-99856495,0,0,7,4,0
542F703C,-35946930,0,0,7,1,0
54390A26,-36895660,0,0,6,1,0
544345B9,-38319157,0,0,1,1,0
5443DD92,-38284320,0,0,7,1,0
546C5781,-40347149,0,0,7,1,0
54790B6E,-41089764,0,0,6,1,0
54D671F8,-48070774,0,0,8,1,0
54D6FEB5,-48041785,0,0,6,1,0
55141BCF,-52423235,0,0,7,1,0
55149482,-52389136,0,0,7,1,0
555CE424,-56038826,0,0,7,1,0
5581B7A5,-59393577,0,0,6,1,0
5584DBDE,-59714132,0,0,8,1,0
558C257D,-59233521,0,0,7,1,0
55A3AF6E,-61365988,0,0,8,3,0
55BA140F,-61990275,0,0,7,1,0
55D4EA02,-64953232,0,0,6,1,0
55E64D10,-65911966,0,0,1,1,0
55ED1A0B,-65465223,0,0,8,1,0
56277B00,-2919054,0,0,8,1,0
56374B94,-3979802,0,0,8,1,0
56374B94,-3979802,0,1,4,2,0
563C93C2,-3629648,0,0,6,1,0
567FB47F,-7620083,0,0,6,1,0
5690CFA1,-10173997,0,0,6,1,0
56BA29C9,-11655237,0,0,6,1,0
56D8304A,-13877704,0,0,7,1,0
5707F831,-17566141,0,0,7,1,0
571A5A7D,-17935345,0,0,7,1,0
572783F4,-19690106,0,0,7,1,0
5735D06E,-20849124,0,0,7,1,0
573842B6,-20165436,0,0,7,1,0
57522ADB,-22666071,0,0,7,1,0
5752A596,-22631452,0,0,7,1,0
577843FE,-24359540,0,0,8,1,0
578C5E71,1928115390,1,0,7,1,0
57BDDE48,-28716998,0,0,1,6,0
57FD2795,-32953881,0,0,7,1,0
5839B860,-238176750,0,0,1,1,0
5871C8C6,-242891084,0,0,7,1,0
587A9FDD,-242314833,0,0,6,1,0
58839E19,-243822485,0,0,4,1,0
589269DF,-244947027,0,0,6,1,0
58B1B646,-247089100,0,0,7,1,0
58DD1BE8,-248965734,0,0,8,1,0
5914A989,-253712389,0,0,7,1,0
591F71DF,-253001811,0,0,7,1,0
5929FF4D,-253890241,0,0,8,1,0
595003E8,-257684070,0,0,7,1,0
595C5662,-257402864,0,0,6,1,0
596B1246,-258008012,0,0,1,1,0
5973DC71,-259534333,0,0,6,1,0
59B3A2F1,-263738237,0,0,6,1,0
59B8F5EA,-263390312,0,0,7,1,0
59FBD257,-267396059,0,0,8,1,0
5A2A5B9E,-203532820,0,0,1,1,0
5A37769F,-205293331,0,0,6,1,0
5A3C2184,-204984330,0,0,1,1,0
5A42DFB0,-206122558,0,0,7,1,0
5A907DE7,-211520619,0,0,7,1,0
5A9BA5B1,-210785341,0,0,4,1,0
5AAD2B23,-212261551,0,0,6,1,0
5AB00622,-213645232,0,0,7,1,0
5AD8820C,-215184258,0,0,7,1,0
5AE55B85,-216967689,0,0,1,1,0
5AF7081F,-217905555,0,0,8,1,0
5B2731B2,-221036608,0,0,7,1,0
5B2DAC1F,-220618131,0,0,6,1,0
5B2E350A,-220578952,0,0,7,1,0
5B356228,-222204838,0,0,6,1,0
5B59CF86,-223493644,0,0,7,1,0
5B726C15,-226074009,0,0,1,1,0
5B978A66,-228359148,0,0,7,1,0
5BAB1614,-228648858,0,0,1,1,0
5BBD6C0E,-230071684,0,0,7,1,0
5BE831A9,-233029669,0,0,7,1,0
5BF51CA8,-234810662,0,0,6,1,0
5BFE4BB3,-234207807,0,0,1,1,0
5C1340E7,-169390443,0,0,7,1,0
5C2404C3,-170915151,0,0,6,1,0
5C3CCAF4,-171391866,0,0,6,1,0
5C5BBF0C,-173035138,0,0,6,1,0
5C99922F,-177365923,0,0,8,1,0
5CCBF050,-180355550,0,0,1,1,0
5CF7E36F,-184292067,0,0,7,1,0
5CFCB474,-183977466,0,0,7,1,0
5D99D53B,-194127031,0,0,8,1,0
5DA66FBC,-195927602,0,0,6,1,0
5DFEA0C3,-200626511,0,0,7,1,0
5E00A319,-134959765,0,0,7,1,0
5E16D903,-136128655,0,0,6,1,0
5E1D0155,-135721177,0,0,7,1,0
5E205791,-137078301,0,0,8,1,0
5E22BBD2,-136923744,0,0,1,1,0
5E2F290A,-136632456,0,0,6,1,0
5E4384A4,-138966314,0,0,6,1,0
5E62BA9A,-141118232,0,0,8,1,0
5E7A74AD,-141657377,0,0,7,1,0
5E959869,-144599525,0,0,1,3,0
5E959869,-144599525,1,0,8,2,0
5ECFA302,-147083920,0,0,7,1,0
5EDDF098,-148242710,0,0,7,1,0
5EDFBB6C,-148130530,0,0,4,3,0
5F0DC935,-151402681,0,0,8,1,0
5F1DD15B,-152445143,0,0,7,1,0
5F25CEFA,-154025848,0,0,7,1,0
5F733701,-158910093,0,0,1,1,0
5F78601A,-158568856,0,0,8,1,0
5FA0D0AD,-162210081,0,0,8,1,0
5FC2C92E,-164182180,0,0,8,1,0
5FDF6B62,-164928240,0,0,8,1,0
60146B16,-908040860,0,0,6,1,0
602B5EDC,-908111698,0,0,1,1,0
602BD191,-908075037,0,0,8,1,0
60331FA6,-909700652,0,0,7,2,0
603BE105,-909119625,0,0,6,3,0
605EF7F3,-911541887,0,0,1,1,0
60878DF2,-915176576,0,0,1,1,0
60C9A0BC,-918704434,0,0,1,4,0
60E6B284,-921518858,0,0,7,1,0
60F973C6,-921862732,0,0,1,1,0
6106C078,-923611638,0,0,7,1,0
610EBAB1,-923093821,0,0,7,1,0
61797BB7,-930253371,0,0,6,1,0
619DD83F,-932587955,0,0,1,1,0
61D60121,-937291949,0,0,7,1,0
61E934EB,-937608551,0,0,1,1,0
61E9BBA6,-937577004,0,0,1,1,0
61F9BB9F,-938625555,0,0,6,1,0
621849AA,-873707560,0,0,1,1,0
62190C51,-873659869,0,0,7,1,0
62259023,-875454895,0,0,1,1,0
6237DBEE,-876358244,1,0,8,2,0
6245E74A,-877532872,0,0,6,1,0
6252D54F,-878257347,0,0,7,1,0
625F4797,-877966875,0,0,1,1,0
626D6FC8,-879140422,0,0,8,1,0
627DF8EB,-880150887,0,0,7,1,0
62821416,-881452444,0,0,7,1,0
62829B5B,-881421015,0,0,7,5,0
62BFCD9F,-884227091,0,0,6,2,0
62CAEBFD,-885070449,0,0,6,3,0
62EA9038,-887185846,0,0,7,1,0
62FDAFD9,-888561237,0,0,7,1,0
6303599C,-889759762,0,0,8,1,0
630881CA,-889417800,0,0,6,1,0
6328FA0F,-891489155,0,0,6,1,0
633FC5EE,-892613732,0,0,7,1,0
636FF432,-895747520,0,0,4,1,0
63AF8AB2,-899971904,0,0,7,1,0
63BF92DC,-901014354,0,0,7,1,0
63C87007,-902005131,0,0,1,1,0
63DB6666,-902862828,0,0,1,1,0
63F1800E,-905605508,0,0,7,1,0
64012916,-839571612,0,0,8,1,0
640AF140,-838926542,0,0,7,1,0
64302A58,-842783702,0,0,6,1,0
64366D32,-842898624,0,0,7,1,0
648C4B4B,-847755975,0,0,6,1,0
64A6226E,-850252772,0,0,6,1,0
64C1D8DB,-852109655,0,0,7,1,0
64D38B41,-853048013,0,0,7,1,0
64EBD407,-853550475,0,0,7,1,0
64F3F084,-855113994,0,0,6,1,0
6511E176,-857346300,0,0,7,1,0
652C38FF,-858245491,0,0,7,1,0
65319AB3,-859466559,0,0,6,1,0
655B7D93,-860916767,0,0,7,1,0
65644859,-862960085,0,0,7,1,0
65F2406F,-872002019,0,0,7,1,0
65F40705,-872412809,0,0,8,1,0
660F68A4,-805607722,0,0,7,1,0
661245A5,-806990889,0,0,7,1,0
661912BE,-806544180,0,0,6,2,0
66265172,1128709053,1,0,1,2,0
664C4F19,-810008213,0,0,6,1,0
664E1CBA,-809889080,0,0,1,1,0
665A3503,-810665103,0,0,8,1,0
6675273B,-813618871,0,0,7,1,0
6675BF10,-813584030,0,0,7,1,0
66953518,-815711382,0,0,1,1,0
66DFA9FD,-819222641,0,0,7,1,0
66E0137A,-820765432,0,0,1,1,0
66E09C37,-820735419,0,0,6,1,0
671DC3CA,-823538248,0,0,8,1,0
67575F2F,-828157603,0,0,6,1,0
678C768D,-830965505,0,0,7,1,0
678E252E,-830854308,0,0,6,1,0
67985F34,-831762106,0,0,6,1,0
67B2B95C,-834226386,0,0,7,1,0
67B7D527,-834413739,0,0,7,1,0
67CD8DDE,-835091540,0,0,6,3,0
67DB7889,-835750149,0,0,1,10,0
67E28880,-837384462,0,0,6,1,0
6801141D,-1040901521,0,0,6,1,0
6802BDA5,-1040796713,0,0,1,1,0
680A4306,-1040298636,0,0,7,1,0
6811ABC4,-1041914442,0,0,7,1,0
681C391C,-1041746066,0,0,6,1,0
683E21D7,-1043714139,0,0,6,1,0
685F1EA1,-1045753645,0,0,1,1,0
689B49A1,-1049671725,0,0,6,1,0
68C16A9D,-1053465361,0,0,1,1,0
68D9A4AA,-1053971752,0,0,1,1,0
68EEE08E,-1055199492,0,0,8,1,0
690300AA,-1057550632,0,0,7,1,0
692152F0,-1059758974,0,0,7,1,0
692C8AB9,-1059552053,0,0,6,1,0
69592396,-1062392348,0,0,1,1,0
696FAD04,-1063541898,0,0,1,1,0
698B0E8C,-1065418498,0,0,7,1,0
69C82931,-1069799613,0,0,6,1,0
69FC4BE0,-1073199726,0,0,7,1,0
6A0F55AF,-1006937123,0,0,7,2,0
6A32036B,-1010430695,0,0,8,1,0
6A4403FC,-1011872370,0,0,1,1,0
6A57159D,-1012720657,0,0,1,1,0
6A789F8E,-1014197764,0,0,7,3,0
6A9D0E25,-1016528809,0,0,8,1,0
6A9F1AF3,-1016392575,0,0,1,1,0
6AA85ED7,-1017360219,0,0,1,1,0
6AB5FC9B,-1019088151,0,0,8,1,0
6B1F9DCF,-1024748611,0,0,7,1,0
6B29135D,-1025696465,0,0,7,1,0
6B3AEF88,-1026629126,0,0,7,1,0
6B3AEF88,-1026629126,0,1,5,1,0
6B45BEF3,-1028542335,0,0,8,1,0
6B482C2B,-1027857831,0,0,6,1,0
6B57ED69,-1029446885,1,0,7,2,0
6B5D70C4,-1029079370,0,0,7,1,0
6B66616A,-1030590696,0,0,7,1,0
6B6A34E0,-1029817710,0,0,7,1,0
6B7796AC,-1031563042,0,0,7,1,0
6B85C073,-1032729087,0,0,8,1,0
6B8669CB,-1032689735,0,0,8,1,0
6B957FAA,-1033801256,0,0,7,1,0
6BBAF5B9,-1035011125,0,0,8,1,0
6C194B88,-974305798,0,0,7,1,0
6C2B63D7,-975213147,0,0,7,1,0
6C639C3C,-979922354,0,0,7,1,0
6C6FC9B6,-979646524,0,0,6,1,0
6C7EB13D,-980762801,0,0,8,1,0
6C873FB4,-982306362,0,0,7,3,0
6C873FB4,-982306362,1,0,8,4,0
6C8C68AF,-981965091,0,0,8,8,0
6C8CE7E2,-981931632,0,0,6,1,0
6C9CD776,-982984444,0,0,7,1,0
6CC41809,-986704261,0,0,8,1,0
6CD1C64F,-987379651,0,0,1,1,0
6CE9D9EE,-987900004,0,0,1,1,0
6CEB921A,-987784088,0,0,8,1,0
6CFE4066,1235135145,1,0,8,1,0
6D06723E,-990741428,0,0,7,1,0
6D13AC78,-991452662,0,0,6,1,0
6D29F82D,-992086433,0,0,7,1,0
6D455583,-995009551,0,0,6,5,0
6D4DAB20,-994466478,0,0,6,1,0
6D4E8DD5,-994409561,0,0,8,3,0
6D5EBD41,-995445965,0,0,7,1,0
6D6190DC,-996827474,0,0,4,6,0
6D6190DC,-996827474,1,0,7,2,0
6D8E7C18,-998608278,0,0,1,1,0
6DB78C11,-1002208669,0,0,7,5,0
6DBCDB0A,-1001859720,0,0,7,1,0
6DDB21BF,-1003540531,0,0,7,1,0
6E252265,-942593001,0,0,6,1,0
6E6DDD8E,-946220036,0,0,1,1,0
6EAFF0AD,-950272289,0,0,1,4,0
6EC181ED,-952791137,0,0,7,1,0
6EC97F4E,-952274628,0,0,7,1,0
6ECA59BB,-952215607,0,0,7,3,0
6EF5E33C,-956175026,0,0,7,1,0
6F08338C,-956547586,0,0,7,1,0
6F08BCC1,-956517709,0,0,7,10,0
6F0B1579,-956359925,0,0,8,1,0
6F27B99F,-959203347,0,0,7,8,0
6F40CC67,-961232363,0,0,1,1,0
6F6D9A9A,-963013400,0,0,7,1,0
6F7D15EE,-964093028,0,0,1,1,0
6FA46FEF,-967810659,0,0,6,1,0
6FC8C241,-969094093,0,0,6,1,0
6FD00C76,-970718716,0,0,7,3,0
6FD00C76,-970718716,0,1,5,2,0
6FD39563,-970482927,0,1,8,1,0
6FDA91DB,-970022999,0,1,5,2,0
700366C9,-638097221,0,0,7,1,0
700A6271,-637637629,0,0,1,1,0
7037BBF8,-641485430,0,0,7,1,0
703A63B1,-640782909,0,0,7,1,0
707F4413,-645182879,0,0,6,9,0
707F4413,-645182879,0,1,8,2,0
70ADE644,-648419274,0,0,7,1,0
70BAD9A5,-649144361,0,0,7,1,0
70C5626A,-651072488,0,0,8,1,0
70DBE6D3,-651171679,0,0,1,1,0
70E77AA1,-653036333,0,0,7,1,0
7107085D,-655161809,0,0,8,1,0
710A9A85,-654404361,0,0,7,1,0
71117247,-656049099,0,0,7,1,0
71198CE4,-655523178,0,0,4,1,0
711A255C,-655480018,0,0,7,1,0
71251096,-657383708,0,0,6,1,0
71442FE0,-659545710,0,0,7,1,0
716F8C73,-660897279,0,0,7,1,0
7187F906,1424430025,1,0,7,1,0
71BD2E24,-666296234,0,0,6,1,0
71C10CFE,-667614580,0,0,6,1,0
71DA5BDC,-668052050,0,0,1,1,0
7232221C,-607769490,0,0,8,1,0
72464185,-609071113,0,0,6,1,0
726CA7ED,-610752097,0,0,7,1,0
727D502B,-611754407,0,0,6,1,0
7295A629,-614356901,0,0,7,1,0
729D588A,-613853448,0,0,6,1,0
729EF132,-613744832,0,0,1,1,0
72A1C4F8,-615134582,0,0,1,1,0
72D68194,-618491930,0,0,1,1,0
72EB581D,-618703249,0,0,7,1,0
7314EBA3,-622795311,0,0,6,1,0
735C9B05,-626485897,0,0,6,1,0
735F32BD,-626311985,0,0,8,1,0
738193E5,-629826153,0,0,6,3,0
73842BB2,-630184512,0,0,8,1,0
73863F64,-630050538,0,0,8,1,0
73AECDDA,-631585880,0,0,8,1,0
73B36F96,-632856092,0,0,6,1,0
73BF3A1C,-632605586,0,0,7,1,0
74089D39,-570649781,0,0,8,1,0
74209AF6,-573270908,0,0,6,1,0
74308298,-574321430,0,0,8,1,0
7432C96C,-574175458,0,0,7,1,0
74458C00,-575569294,0,0,7,1,0
745533D9,-576635477,0,0,1,1,0
7455BC94,-576605466,0,0,1,1,0
746A0613,-576845727,0,0,7,1,0
747AA19D,-577851409,0,1,6,1,0
748D836E,-579236580,0,0,8,1,0
74954D59,-580828373,0,0,8,1,0
74A7EA4B,-581704647,0,0,7,1,0
74ACBD50,-581389534,0,0,7,1,0
74BAC74A,-582039240,0,0,1,1,0
74C010FE,-583786868,0,0,7,1,0
74CF6E65,-583311337,0,0,7,1,0
74F238A1,-586795309,0,0,6,1,0
74F9E0F7,-586289531,0,0,6,1,0
75027AC9,-587828037,0,0,1,1,0
753B8AC0,-590379854,0,0,8,1,0
754FE959,-591665365,0,0,6,1,0
7557276E,-593286884,0,0,7,1,0
756ED767,-593831659,0,0,7,1,0
7574F8F7,-595528059,0,0,6,11,0
7578AD7D,-594762993,0,0,7,1,0
7587E637,-596383675,0,0,7,1,0
7594F056,-597623260,0,0,7,1,0
759759EE,-597469284,0,0,7,1,0
759C0EF5,-597163897,0,0,8,1,0
75B8CBAA,-598948392,0,0,7,3,0
75CAF70E,-599852676,0,0,7,1,0
75E2F0C1,-602472781,0,0,7,1,0
75F0A35B,-603673303,0,0,6,1,0
75F2E8AF,-603527459,0,0,7,1,0
76138D80,-538475534,0,0,8,1,0
762CB84A,-539445704,0,0,6,1,0
765BFD26,-542117036,0,0,7,1,0
766624AF,-544068899,0,0,7,1,0
7676ABDB,-545086039,0,0,7,4,0
7689D03C,-545399218,0,0,6,1,0
76BF5EAE,-548712228,0,0,6,1,0
76CB3D37,-549506235,0,0,6,3,0
76D3F300,-551027342,0,0,1,1,0
773E1324,-557179562,0,0,4,1,0
7776ECCF,-561847619,0,0,1,1,0
7784355D,-563070161,0,0,7,1,0
77D168FA,-567974264,0,0,6,1,0
77D1E7B7,-567940667,0,0,7,1,0
77D24E0F,-567918467,0,0,4,1,0
78037580,-772310030,0,0,7,1,0
78158BF0,-773749374,0,0,7,39,0
785ED684,-777332490,0,0,1,1,0
7886E97E,-780998900,0,0,6,1,0
7887AC85,-780950793,0,0,1,1,0
78CD3060,-784777710,0,0,1,1,0
78E28ADE,-787053396,0,0,1,2,0
7920E0E9,-791351653,0,0,7,1,0
79282EE7,-790880107,0,1,4,4,0
79306F9D,-792436241,0,0,1,1,0
7930E0D0,-792400222,0,0,1,1,0
7945C6B2,-793655104,0,0,1,1,0
797D99F4,-796289146,0,0,6,1,0
799764E5,-798791017,0,0,6,1,0
79A020C1,-799789389,0,0,7,1,0
79C11FB7,-801828411,0,0,8,1,0
79D291FD,-802775153,0,0,1,2,0
79D7E1C7,-802951243,0,0,4,11,0
79FD83C5,-804680265,0,0,6,1,0
7A13B08B,-739787015,0,0,7,1,0
7A1868DD,-739481937,0,0,7,1,0
7A24F4AF,-741279011,0,0,6,1,0
7A33CB4E,-741882564,0,0,6,1,0
7A5B4F60,-743489262,0,0,8,1,0
7A74C573,-746534143,0,0,7,1,0
7A8B8E39,-746618805,0,0,8,1,0
7A9CBC3C,-748113330,0,0,7,1,0
7AA4A39D,-749687313,0,0,8,1,0
7AA996F2,-748840832,0,0,8,1,0
7AB434BE,-750765364,0,0,7,1,0
7AB4BBF3,-750733951,0,0,8,1,0
7AC05727,-751543979,0,0,1,1,0
7AD34146,-752398540,0,0,7,1,0
7B023D10,-755616926,0,0,7,1,0
7B28DB78,-757279478,0,0,6,1,0
7B3EA162,-758468848,0,0,1,1,0
7B49E40E,-759305604,0,0,7,1,0
7B5ED60B,-760555399,0,0,1,1,0
7B66C9AA,-762132520,0,0,7,1,0
7B765E89,-763211525,0,0,7,1,0
7B992557,-764597467,0,0,7,1,0
7B9A6098,-764514582,0,0,1,4,0
7BA4FCDE,-766446932,0,0,7,1,0
7BDA02EA,-768734056,0,0,8,1,0
7BF1A179,-771379445,0,0,7,1,0
7C1883AD,-705917473,0,0,7,1,0
7C3709BE,-708638772,0,0,7,1,0
7C55103D,-710861233,0,0,7,1,0
7C7FF655,-712247257,0,0,1,1,0
7CD3AA36,-718822332,0,0,7,1,0
7CD87260,-718504942,0,0,7,3,0
7CE9712E,-719487140,0,0,7,7,0
7CEF3644,-719636426,0,0,1,1,0
7D1A1857,-722594267,0,0,7,2,0
7D2B1B19,-723577493,0,0,6,1,0
7D2D5C73,-723955199,0,0,1,1,0
7D52E7BC,-727258674,0,0,7,1,0
7D8226E5,-730453865,0,0,7,1,0
7D977A0A,-731679624,0,0,7,1,0
7DE8C1C5,-736309321,0,0,7,1,0
7DF56389,-738103813,0,0,8,1,0
7E39C741,-674379469,0,0,1,1,0
7E4C6E6E,-675782628,0,0,6,1,0
7E51436F,-677032675,0,0,7,1,0
7E836E75,-680042489,0,0,8,1,0
7E9747CC,-681358914,0,0,4,1,0
7EACE466,-682038764,0,0,7,1,0
7ECB1ED3,-683732831,0,0,6,1,0
7ED6BC9F,-685591827,0,0,6,1,0
7EF9B9C1,-686966861,0,0,1,1,0
7F0223FF,-688509555,0,0,1,1,0
7F0223FF,-688509555,0,1,5,1,0
7F0974E4,-688031082,0,0,7,1,0
7F1459E5,-689940585,0,0,7,1,0
7F410442,-692778448,0,0,6,1,0
7F552DFB,-694082679,0,0,7,1,0
7F577E58,-693931990,0,0,8,1,0
7F6BE22A,-694162344,0,0,7,1,0
7F6E8E51,-694517725,0,0,8,1,0
7F8E0459,-696645077,0,0,1,2,0
7F932958,-697882838,0,0,6,1,0
7FFB223B,-703648695,0,0,8,1,0
8027410E,701714300,0,0,8,1,0
802EFA56,702215204,0,0,1,1,0
8059BF3A,699248968,0,0,8,1,0
8064E9FE,697362316,0,0,7,6,0
808B1D6D,696193823,0,0,1,1,0
80F45E37,687886405,0,0,7,1,0
80F78057,688098853,0,0,6,1,0
810188B1,687179459,0,0,6,1,0
811E49F3,686442369,0,0,6,1,0
8135EA60,683795474,0,0,7,1,0
813C5138,684220234,0,0,8,1,0
813E3236,684342340,0,0,6,1,0
8149775A,683505960,0,0,7,1,0
819BD50D,678419327,0,0,8,1,0
81C733F2,674446720,0,0,7,1,0
81EE7C22,672821840,0,0,1,1,0
8205AD84,-1486534837,1,0,8,2,0
820C788D,737703679,0,0,7,1,0
821F0163,736825105,0,0,1,1,0
8234672C,734030174,0,0,6,1,0
8280A88F,729065213,1,0,8,2,0
829326C5,728180919,0,0,7,1,0
82B13E0E,725954684,0,0,1,1,0
82B218FB,726013577,0,0,7,1,0
82B88556,726436644,0,0,6,1,0
82CDA334,725200198,0,0,6,1,0
82EC9D0A,723030904,0,0,8,1,0
82FF1340,722148658,0,0,7,2,0
83041155,720379687,0,0,7,1,0
830FC903,721143665,0,0,8,1,0
83126B4F,719742269,0,0,7,1,0
833D7977,717846277,0,0,7,3,0
834802E2,716967056,0,0,6,1,0
834FC84B,716949049,0,0,1,1,0
837AEF61,714006803,0,0,8,1,0
83AA2E38,710811722,0,0,1,1,0
83CF38CE,708523708,0,1,7,1,0
83DD6B54,707355942,0,0,7,1,0
83F60D1B,704775017,0,0,7,1,0
840661DF,770863021,0,0,8,1,0
840DB989,771340283,0,0,6,1,0
84466097,766668517,0,0,7,1,0
84533C78,765932042,0,0,6,1,0
847347BD,763840975,0,0,7,1,0
8479DA10,764269666,0,0,7,1,0
84A16AA7,760571093,0,0,6,1,0
84A386E4,760711318,0,0,6,1,0
84AA3DBC,761148366,0,0,6,1,0
84C69012,758292064,0,0,6,1,0
8504FA25,753988695,0,0,6,1,0
8516A9BF,753051597,0,0,6,1,0
852B7036,752844356,0,0,7,1,0
8559B395,749583847,0,0,1,1,0
8561ECD3,748020385,0,0,1,1,0
85840AA0,745538770,0,0,8,1,0
858CF403,746125937,0,0,6,1,0
85B34E84,742867190,0,0,6,1,0
85BAC571,743361283,0,0,7,1,0
85CFD3BE,742120908,0,0,7,1,0
8600DECE,804573372,0,0,7,1,0
860699A4,804427734,0,0,6,1,0
8608206D,805056031,0,0,8,1,0
8627AA7E,802399244,0,0,8,1,0
8635F9E4,801240982,0,0,7,1,0
86379AEA,801346712,0,0,1,1,0
863C42BC,801656014,0,0,6,1,0
863F9CDC,801870510,0,0,7,5,0
86AFA458,794536490,0,0,7,1,0
86E7D4FE,789830284,0,0,7,2,0
86FAF9FF,789510029,0,0,6,3,0
871F0DCC,787153854,0,0,6,17,0
8725BEC9,785494203,0,0,7,2,0
8727528A,785603832,0,0,6,1,0
8742447C,783698446,0,0,8,1,0
87472807,783492725,0,0,7,1,0
875017E6,782506388,0,0,8,1,0
876DCE6F,781828125,0,0,6,1,0
87896DE7,779969429,0,0,7,1,0
87C2B4F9,775338635,0,0,7,1,0
87FDF6EB,772405401,0,0,1,5,0
87FE288B,772417273,0,0,8,1,0
8806D399,569564651,0,0,7,1,0
8826A85C,567453230,0,0,8,1,0
8861A661,563456019,0,0,7,1,0
88961388,560078330,0,0,7,1,0
88ABBDD9,559920043,0,0,7,1,0
88E9A847,555591221,0,0,4,1,0
88F48546,553683764,0,0,1,1,0
891478F7,551581317,0,0,6,1,0
892BC270,551537666,0,0,1,1,0
895479BF,547387341,0,0,7,1,0
8968E5CD,547154879,0,0,4,1,0
8969D7EE,547215772,0,0,7,2,0
89B0DA37,541381701,0,0,1,1,0
89B19FCC,541430206,0,0,1,1,0
8A08922B,603757657,0,0,7,1,0
8A153067,601964053,0,0,1,1,0
8A228A15,601261159,0,0,6,2,0
8A271838,601036362,0,0,7,1,0
8A55312F,597770077,0,0,1,1,0
8A58A3F7,598519173,0,0,1,1,0
8A69AD5D,597533487,0,0,8,1,0
8A95C13C,-1342886925,1,0,6,2,0
8AAF161E,593172588,0,0,4,3,0
8AAF161E,593172588,0,1,8,2,0
8AB0D75C,591714606,0,0,7,1,0
8AD0ADD1,589603747,0,0,1,1,0
8AD58B3B,589399369,0,0,7,1,0
8AEC31A3,588791761,0,0,6,7,0
8B12C7E6,585550228,0,0,6,1,0
8B17E10C,585363326,0,0,1,1,0
8B250C8F,584123133,0,0,1,1,0
8B2583C2,584158640,0,0,7,1,0
8B591EF8,581767306,0,0,7,1,0
8B6D7C29,580481627,0,0,8,5,0
8B72BD6B,579253017,0,0,6,1,0
8B8064F9,578054795,0,0,1,1,0
8B8288BA,578193096,0,0,7,1,0
8B89DFA1,578671059,0,0,7,1,0
8BABC76A,576702744,0,0,7,1,0
8BCAF81C,574551662,0,0,1,1,0
8BD75A50,572740642,0,0,6,1,0
8BE5720F,571571325,0,0,8,1,0
8BF6646E,570583580,0,0,6,1,0
8BF72195,570634215,0,0,1,1,0
8C0C50DB,637034153,0,0,6,1,0
8C1B6F3A,636445000,0,0,7,1,0
8C27F348,634649914,0,0,1,2,0
8C2C2B1E,634922348,0,0,8,1,0
8C50B624,631552086,0,0,7,1,0
8C64D4F5,630250119,0,0,7,1,0
8C80777D,628390159,0,0,7,1,0
8C8B2066,629091860,0,0,7,1,0
8C985988,627857402,0,0,7,1,0
8CA04629,626280539,0,0,7,1,0
8CA9B7E0,626899346,0,0,7,1,0
8CB91F5F,625807661,0,0,1,2,0
8CC350C0,624385714,0,0,7,1,0
8CECDAD3,622384289,0,0,7,1,0
8D1740ED,618876575,0,0,6,1,0
8D3CE37E,617147660,0,0,7,1,0
8D49C51C,616418158,0,0,6,1,0
8D4BA612,616540256,0,0,1,1,0
8D5A33BF,615398861,0,0,6,1,0
8D622C1E,613818988,0,0,7,1,0
8D92DC13,610718305,0,0,8,1,0
8DA6BEC2,609398960,0,0,7,1,0
8DCE3AEC,607794334,0,0,4,1,0
8DD9050D,606931839,0,0,8,1,0
8E16087D,669124111,0,0,6,1,0
8E1DD02B,669638233,0,0,7,1,0
8E1FB325,669760855,0,0,7,1,0
8E226AAC,668361950,0,0,1,1,0
8E614D11,664093539,0,0,1,1,0
8E6A1A0A,664671352,0,0,7,2,0
8E7039A0,-1424960657,1,0,7,2,0
8E9453CE,660626876,0,0,1,4,0
8EAA648A,660499192,0,0,7,1,0
8EB972EB,659389593,0,0,7,1,0
8ECD1172,658054912,0,0,8,1,0
8ECF727C,658209806,0,0,7,1,0
8EDE70CB,657096377,0,0,8,9,0
8EF7491D,-1416125486,1,0,1,1,0
8F04A313,653307233,0,0,7,1,0
8F0D184B,653858361,0,0,7,1,0
8F0F7B45,654013751,0,0,8,1,0
8F0FF408,654047866,0,0,7,1,0
8F1C1AFC,652743822,0,0,6,3,0
8F4784AE,649300700,0,0,6,1,0
8F5639F9,648165259,0,0,1,1,0
8F7B18DC,646911662,0,0,6,1,0
8F9FBB54,644592934,0,0,7,1,0
8FA32726,643246420,0,0,7,1,0
8FA8FF70,643625218,0,0,1,1,0
8FD4624A,639659064,0,0,6,1,0
8FE0009B,638848745,0,0,7,1,0
900F49B6,972769220,0,0,7,1,0
90307C7C,969175566,1,0,6,2,0
904F48FE,968574604,0,0,7,1,0
9072E6AF,965142749,0,0,7,2,0
90AAAE8D,962502911,0,0,8,1,0
90ABEB76,962585860,0,0,8,1,0
90DDEBE1,959047059,0,0,7,1,0
90DF07A2,959121872,0,0,8,1,0
90FFF32A,957087064,0,0,6,1,0
911DE2D8,954854570,0,0,6,1,0
91551D33,950080321,0,0,4,1,0
9188D699,947706091,0,0,1,2,0
918D22C9,947465403,0,0,1,1,0
91A7C4A1,945015507,0,0,6,1,0
91B08C98,944014058,0,0,4,1,0
9209F6A7,1006500053,0,0,6,1,0
920CD04D,1006165567,0,0,7,1,0
923E3DCE,1003107260,0,0,1,1,0
923EB283,1003142385,0,0,1,1,0
92698C2A,1000178264,0,0,7,1,0
928C6A59,997745707,0,0,7,1,0
9292EEE0,996597906,0,0,1,1,0
929B55B8,997153738,0,0,7,1,0
92B0F62B,994375769,0,0,7,1,0
92CC6B11,993551715,0,0,7,1,0
92EC10D4,991436454,0,0,7,1,0
92ED552F,991517533,0,0,7,1,0
92FE434E,990530876,0,0,8,1,0
932E7AE3,987395217,0,0,7,1,0
9339BB54,986559782,0,0,7,3,0
934392B6,985111748,0,0,6,1,0
934E006E,985271836,0,0,1,1,0
93593F8F,984429053,0,0,7,1,0
935B5C81,984568563,0,0,8,1,0
935BD3CC,984604094,0,0,8,1,0
93729C1C,981897838,0,0,1,1,0
9380458E,980700156,0,0,4,1,0
938B9DD8,981439402,0,0,7,1,0
93B4275F,977283373,0,0,7,1,0
93CB9C90,977244898,0,0,8,1,0
93F700E2,973278864,0,0,1,1,0
93FC57F9,973625739,0,0,7,1,0
940C71AC,1039695838,0,0,5,2,0
942697C4,1037212086,0,0,7,1,0
943581A5,1036095447,0,0,1,5,0
944102FE,1035275404,0,0,7,1,0
94509753,1034197281,0,0,7,1,0
9460DC02,1033163376,0,0,7,1,0
94791D5F,1032655661,0,0,7,1,0
9489ED52,1031660320,0,0,6,1,0
94D50BAD,1025574367,0,0,7,1,0
94FEA83E,1024108108,0,0,6,1,0
9517619A,1021538280,0,0,7,3,0
9522C823,-1337842964,1,0,8,2,0
953CC209,1019792507,0,0,7,13,0
953CC209,1019792507,1,0,6,2,0
954B8765,1019185431,0,0,7,1,0
9592FD64,1013379862,0,0,7,1,0
959B463C,1013925966,0,0,7,1,0
95A22E1E,1012277356,0,0,7,2,0
95CE1B9B,1010439657,0,0,6,1,0
95E4FDF3,1007743873,0,0,7,1,0
95E5B808,1007793786,0,0,1,1,0
95F7EB92,1006888416,0,0,7,1,0
96072BBD,1072899535,0,0,8,2,0
96144A04,1071662198,0,0,7,1,0
9616290A,1071785848,0,0,7,1,0
961F9252,1072405536,0,0,6,1,0
964C1261,1069030419,0,0,7,1,0
965CB5EF,1068022685,0,0,7,1,0
9660299D,1066674159,0,0,7,2,0
96616C66,1066754580,0,0,7,1,0
96733FFC,1065824654,0,0,7,1,0
96848A15,1064338535,0,0,6,1,0
96B81667,1061951509,0,0,7,1,0
96CF530B,1060855161,0,0,7,1,0
9706E16A,1056108312,0,0,6,1,0
97395BED,1053644191,0,0,8,1,0
97712B4B,1048913209,0,0,7,1,0
9771A406,1048947316,0,0,7,1,0
977A7C50,1049522722,0,0,7,1,0
97A30651,1045891107,0,0,7,1,0
97C5418A,1043419128,0,1,8,2,0
97D4433D,1042304335,0,0,6,1,0
97D62033,1042427457,0,0,7,1,0
97D6AF7E,1042456844,0,0,7,1,0
97EC785C,-1299410285,1,0,1,2,0
980077F3,838105473,0,0,1,4,0
981AB9F0,837728130,0,0,6,1,0
98250377,835783941,0,0,6,1,0
9852461B,832981097,0,0,6,1,0
98599E4D,833458239,0,0,1,1,0
9880E44C,829745726,0,0,7,1,0
98B16475,-1110339910,1,0,1,1,0
98BD3DC5,826880951,0,0,7,1,0
98D929BD,825042895,0,0,1,4,0
98DC02B3,824708289,0,0,7,1,0
9935CB17,818005349,0,0,8,1,0
99428E7B,817266697,0,0,8,1,0
997F57F2,814438784,0,0,7,1,0
99902C2C,811868766,0,0,7,1,0
999BF47A,812644872,0,0,7,1,0
99D8D3C7,808246709,0,0,6,1,0
99E50A4E,806421564,0,0,7,1,0
99EF6F76,807100676,0,0,7,1,0
9A14F842,870381104,0,0,8,1,0
9A1F2014,871050854,0,0,8,1,0
9A264836,869418564,0,1,8,1,0
9A35C67C,868337678,0,0,1,1,0
9A54F90A,866187128,0,0,6,1,0
9A5C07A9,866650587,0,0,8,1,0
9AB11F79,860164363,0,0,7,1,0
9AB8A421,860662355,0,0,8,1,0
9AC65A15,858936423,0,0,1,1,0
9AED3C5A,857289256,0,0,8,5,0
9AFB0CD1,856621731,1,0,8,2,0
9AFB839C,856657390,0,0,7,1,0
9B043022,854605392,0,0,1,1,0
9B2F566D,853235743,0,0,7,3,0
9B39E9AB,852355033,0,0,7,1,0
9B46DD29,850580315,1,0,8,2,0
9B881784,846993910,0,0,7,1,0
9B96933D,845323599,0,0,7,1,0
9B9E6D9E,845833196,1,0,8,1,0
9BCB3039,843005515,0,0,7,1,0
9BD69275,841128967,0,0,6,1,0
9BDD4A23,841565265,0,0,7,1,0
9BE42201,839920755,0,0,7,1,0
9BF7AC4B,839098937,0,0,6,1,0
9C0D98FE,905549452,0,0,8,1,0
9C1FCB64,904643862,0,0,1,1,0
9C304177,902057733,0,0,8,1,0
9C7ADD92,898552800,0,0,1,1,0
9C97C542,895732528,0,0,7,1,0
9CA08166,894734100,0,0,1,1,0
9CA1F430,894827074,0,0,8,1,0
9D1688C8,887260858,0,0,6,1,0
9D1D509E,887709420,0,0,1,1,0
9D480D39,884736843,0,0,7,2,0
9D4F6176,884698884,0,0,7,4,0
9D5A9B7F,883856653,0,0,7,1,0
9D61CDA4,882230230,0,0,7,2,0
9D62EB51,882304291,0,0,1,1,0
9D6876FC,882669710,0,0,6,1,0
9D7A2566,881732372,0,0,7,1,0
9DB10CFD,876937871,0,0,1,1,0
9DB8B7A5,877443543,0,0,7,1,0
9DCFF2C9,876346555,0,0,8,1,0
9DDDA153,875147041,0,0,1,1,0
9DF22B40,872817970,0,0,6,1,0
9E043C8D,938488575,0,0,7,1,0
9E23A289,936881403,0,0,7,16,0
9E3C63CB,935882169,0,0,6,1,0
9E4B26A7,935274709,0,0,7,1,0
9E59753D,934116175,0,0,1,1,0
9E9984F0,929925762,0,0,1,1,0
9EB9FF35,927854919,0,0,6,1,0
9ED17B1B,925201769,0,0,1,2,0
9EE63F3F,923939149,0,0,6,1,0
9EE6C7AA,923978200,0,0,8,1,0
9EECA292,924364000,0,0,7,1,0
9EFEF108,923467642,0,0,1,1,0
9F13112C,921116510,0,0,6,1,0
9F1BEF8F,921690621,0,0,6,1,0
9F1DA8E5,921282199,0,0,7,1,0
9F2773FD,919829903,0,0,8,1,0
9F5BEEC7,917495989,0,0,1,1,0
9F7B9502,915381104,0,0,1,1,0
9F894C90,914178786,0,0,7,1,0
9F9E7371,912948483,0,0,7,1,0
9FCEDA86,909825268,0,0,6,1,0
A0085F4C,167530814,0,0,7,1,0
A008D001,167566963,0,0,8,1,0
A00AB30F,167689597,0,0,6,1,0
A03AB2CF,164543677,0,0,1,1,0
A0402FEA,162800024,0,0,8,3,0
A0A48C62,156271120,0,0,8,1,0
A0CDB3E1,154779027,0,0,6,3,0
A0DA7256,154041380,0,0,7,1,0
A0DB37AD,154089951,0,0,7,1,0
A0FA0993,151914465,0,0,1,1,0
A10A4BFB,150881673,0,0,1,2,0
A111A339,149269835,0,0,7,1,0
A1181861,149689875,0,0,8,1,0
A1195D9A,149771240,0,0,7,1,0
A11AF422,149879376,0,0,1,1,0
A125C1E8,147967898,0,0,1,1,0
A175F034,142736966,0,0,6,1,0
A18245DD,141970351,0,0,6,1,0
A1C16260,137718802,0,0,1,3,0
A1C1DD80,137745394,0,0,6,1,0
A1C8D938,138205002,0,0,6,1,0
A1CA357B,138296073,0,0,8,1,0
A1FDFE12,134869088,0,0,6,1,0
A20691B3,200449985,0,0,1,1,0
A21BBCB2,200258240,0,0,1,1,0
A24EE115,196800359,0,0,8,1,0
A253CC14,195543654,0,0,1,1,0
A26C7693,194541793,0,0,1,1,0
A27D8155,193564455,0,0,1,1,0
A2957757,190937381,0,0,6,1,0
A29CCC0F,191414909,0,0,6,1,0
A29D89F4,191465350,0,0,7,1,0
A29E204C,191508030,0,0,7,1,0
A2E96520,186477394,0,0,7,1,0
A30BFB9F,184546797,0,0,7,1,0
A32B0F17,182387045,0,0,6,1,0
A32B805A,182423080,0,0,8,1,0
A35EA638,178956362,0,0,6,1,0
A35FE3C3,179039665,0,1,8,1,0
A3637FB1,177697219,0,0,6,1,0
A386EE1A,175300712,0,0,7,1,0
A391A623,174434385,0,0,1,1,0
A3C4FB84,170980854,0,0,1,1,0
A3D9D685,170776823,0,0,7,1,0
A41870E9,-2122802650,1,0,8,2,0
A429F0D0,232652450,0,0,7,1,0
A431493F,231032653,0,0,1,4,0
A4570EE4,228786326,0,0,7,1,0
A485ACB3,225551041,0,0,7,1,0
A48F46C6,226183348,0,0,6,1,0
A4A73B35,223556935,0,0,7,1,0
A4AC6C2E,223896156,0,0,7,1,0
A4CD5358,221863210,0,0,7,1,0
A54749C9,213075899,0,0,7,1,0
A57082A0,210013394,0,0,6,1,0
A5978890,207849186,0,0,7,1,0
A59CDF8B,208196089,0,0,6,1,0
A5A8BD5A,207401768,0,0,8,1,0
A5D14DC5,-2135841014,1,0,1,1,0
A5D2F2C5,203881655,0,0,1,3,0
A5E042B1,202656963,0,0,1,1,0
A5E0CDFC,202687374,0,0,8,1,0
A5F32308,201796986,0,0,7,4,0
A5F32308,201796986,0,1,5,2,0
A603E327,267906389,0,0,6,1,0
A610F546,266664756,0,0,7,1,0
A6135CFE,266818188,0,0,1,1,0
A6180BE5,267126167,0,0,7,1,0
A63A132E,265166172,0,1,7,2,0
A63C59A0,264787922,0,0,6,2,0
A64F7FDD,263942575,0,0,1,1,0
A65626AB,262285529,0,0,7,4,0
A656BE80,262320370,0,0,7,1,0
A6641992,261101536,0,0,1,1,0
A66496DF,261134509,0,0,8,1,0
A68BED01,260039539,0,0,7,1,0
A6C8CABC,255640782,0,0,7,1,0
A6E3692F,253192029,0,0,6,1,0
A6F456CE,251680956,0,0,1,1,0
A70178DD,250967727,0,0,7,1,0
A7331A13,247927905,0,0,6,1,0
A73BAFFF,-2107947728,1,0,8,2,0
A78D15EA,242817944,0,0,7,1,0
A7944C9C,241189614,0,0,6,2,0
A7944C9C,241189614,0,1,8,1,0
A79CA487,-2097394104,1,0,7,1,0
A7AD24BE,240724684,0,0,7,1,0
A7B50A4B,239141945,0,0,1,1,0
A7D1B984,237352950,0,0,8,1,0
A7EE0303,236588401,0,0,8,1,0
A803A4FE,33008268,0,0,8,1,0
A8155A8E,31544572,0,0,4,1,0
A8184DE2,-1921472723,1,0,7,1,0
A8229AC0,30839986,0,0,1,1,0
A83F388C,30095102,0,0,7,1,0
A857BCA2,27505360,0,0,8,1,0
A86A652B,27159385,0,0,7,1,0
A8E34179,18304779,1,0,8,2,0
A8F03897,17053413,0,0,7,1,0
A8F25B99,17192427,0,0,7,1,0
A90F8B29,16483675,0,0,8,1,0
A9212B4E,13968700,0,0,7,1,0
A930BEE3,12890257,0,0,7,1,0
A9AD6367,5860629,0,0,1,2,0
A9BE7506,4881268,0,0,1,1,0
A9D24083,2510577,0,0,1,2,0
A9D2D8A8,2545370,0,0,1,1,0
A9E0F0F7,1375877,0,0,7,1,0
AA1102FB,65342601,0,0,7,1,0
AA642499,59779819,0,0,8,1,0
AA664797,59918821,0,0,8,1,0
AAB46A8D,54551807,0,0,6,3,0
AAB686CE,54692028,0,0,8,1,0
AAC32FE1,53944723,0,0,7,1,0
AB0A12CD,50207935,0,0,7,1,0
AB3601F2,46272384,0,0,7,1,0
AB66BF63,43168017,0,1,7,1,0
AB768FF7,42107269,0,0,1,1,0
ABA42DA0,38806482,0,0,8,1,0
ABD368CC,36136638,0,0,8,1,0
ABEEB145,35307319,0,0,6,1,0
AC08ED0A,100459384,0,0,7,1,0
AC15C00B,98684537,0,0,7,1,0
AC409DAC,95720414,0,0,7,1,0
AC6A7BC4,94270902,0,0,6,1,0
AC6F17BF,94050765,0,0,7,1,0
AC6F17BF,94050765,1,0,6,2,0
AC8F9DB7,91984837,0,0,7,1,0
ACAFE672,89909248,0,0,7,1,0
ACC8938A,87858680,0,0,1,1,0
ACD0A528,86289242,0,0,6,1,0
ACDAC010,86953570,0,0,8,1,0
AD0AF9BD,83818447,0,0,1,1,0
AD12CF1F,82231661,0,0,1,1,0
AD18AA27,82617429,0,0,7,1,0
AD4DF780,79297010,0,0,6,1,0
AD665413,76700257,0,0,6,1,0
ADA811F3,73146241,0,0,6,1,0
ADBD4D1C,71910254,0,0,8,1,0
ADBDC251,71945251,0,0,1,1,0
ADCA873D,71207247,0,0,6,1,0
ADD7AA3C,69444686,0,0,1,1,0
AE29A9E6,131966868,0,0,7,2,0
AE399972,130914048,0,0,6,1,0
AE3BFA7C,131068942,0,0,7,1,0
AEA1A7C0,123054514,0,0,8,1,0
AEAE93CA,123379128,0,0,7,1,0
AF02F281,116849907,0,0,1,1,0
AF09A59A,117287912,0,0,7,1,0
AF20EA4A,114615352,0,0,1,1,0
AF4C47E4,112740758,0,0,1,1,0
AF5489D3,111183777,0,0,1,1,0
AF63CDF7,110609285,0,0,8,1,0
AF6CF9FD,110688143,0,0,7,1,0
AF7E6FBB,109732297,0,0,6,1,0
AF876E7F,108224525,0,0,8,1,0
AF8C3964,108541718,0,0,8,1,0
AFC449C2,103827376,0,0,1,1,0
AFEBC3D1,102747555,0,0,1,1,0
AFF9904B,101555769,0,0,1,1,0
AFFBF345,101711159,0,0,7,1,0
B014BA68,434156570,0,0,6,1,0
B02B8FA2,434078160,0,0,7,1,0
B04826AB,431761625,1,1,8,2,0
B0A54447,424757813,0,0,7,1,0
B0B33E5D,424095791,0,0,6,1,0
B0B65226,423779412,0,0,7,2,0
B0B6CA0D,423806079,0,0,7,4,0
B0C971C2,423460784,0,0,7,4,0
B0DAFF88,422507002,0,0,7,1,0
B10E6BCF,419063229,0,0,6,1,0
B11895BF,418159565,0,0,7,1,0
B12409CD,416286655,0,0,8,1,0
B13273D7,415661477,0,0,7,1,0
B139AB81,416130547,0,0,8,1,0
B14C8DE3,414745489,0,0,1,1,0
B171DB27,411424085,0,1,1,2,0
B195F7E2,409074064,0,0,8,1,0
B1A9E4DD,408808111,0,0,1,8,0
B1C06F99,406086123,0,0,6,3,0
B1E96AD8,404579498,0,0,1,1,0
B1E9E595,404614119,0,0,7,1,0
B1F87038,403471946,0,0,6,1,0
B21A7497,468613861,0,0,6,1,0
B21F1932,-1753222147,1,0,8,1,0
B2528B7C,463897870,0,0,6,14,0
B26DBEB6,463057092,0,0,7,1,0
B26FDDB8,463197130,0,0,1,1,0
B2B6A7B9,457353675,0,0,6,1,0
B2BF1CE1,457904787,0,0,8,1,0
B2C8598D,456939519,0,0,8,1,0
B2F58004,453086838,0,0,7,1,0
B337EA33,449045569,0,0,6,1,0
B374CD8E,444646396,0,0,1,1,0
B37D76D6,445216932,0,0,7,1,0
B3906E06,442785908,0,0,7,1,0
B390E14B,442822457,0,0,7,4,0
B3AF5BCC,442193342,0,0,1,9,0
B3AFD481,442227443,0,0,1,1,0
B3D81EA0,439095506,0,0,6,1,0
B3E2ADA5,437691351,0,0,7,4,0
B3F47A7E,436237324,0,0,7,5,0
B409FE5E,503181356,0,0,1,1,0
B411C8FC,501597838,0,0,6,1,0
B456C6C1,497207475,0,0,1,1,0
B4A41F53,491786529,0,0,4,1,0
B4A67C5D,491942447,0,0,8,1,0
B4A6F310,491978082,0,0,7,1,0
B4B64CC9,490881723,0,0,7,1,0
B4CC9B7D,490247439,0,0,1,3,0
B4E38945,488081207,0,0,7,1,0
B50EF14A,486211384,0,0,6,1,0
B513DC4B,484954681,0,0,7,1,0
B55BACED,481272479,0,0,6,1,0
B564166A,479205400,0,0,7,1,0
B5667564,479361814,0,0,8,1,0
B5714A85,478495991,0,0,7,1,0
B594ACF6,476095108,0,0,6,1,0
B5B4D733,474011969,0,0,4,1,0
B5BF0F65,474677527,0,0,8,1,0
B5C1F151,473300771,0,0,1,1,0
B5CB9469,473930267,0,0,7,1,0
B5D3A2CB,472362169,0,0,7,1,0
B61294DB,535206569,0,0,8,1,0
B619C3C0,535678386,0,0,1,2,0
B630035D,532942127,0,0,7,1,0
B645253F,531704653,0,0,7,1,0
B65776A5,530806999,0,0,7,1,0
B677C8BC,528729806,0,0,4,1,0
B6970825,526583383,0,0,7,1,0
B6E0C204,521456758,0,0,6,1,0
B6E2A10A,521580408,0,1,8,2,0
B720CB3D,517260623,0,0,1,1,0
B722A833,517383745,0,0,1,1,0
B73298A7,516331221,0,0,1,3,0
B7556212,513895520,0,0,8,1,0
B7874F08,510869882,0,0,7,1,0
B7B5A28B,507620601,0,0,7,1,0
B7F9B13C,504217422,0,0,7,1,0
B801C563,301320977,0,0,1,1,0
B80A9278,301898762,0,0,1,1,0
B8117ABA,300250312,0,0,8,1,0
B82352E5,299326615,0,0,1,1,0
B86EC175,295358215,1,0,1,1,0
B876800F,293768829,0,0,7,1,0
B8DA5321,288251219,0,0,7,1,0
B8DAECC1,288285363,0,0,6,1,0
B8E3E9B9,286779339,0,0,7,1,0
B8E6CF53,286441761,0,0,6,1,0
B911824E,283479100,0,0,7,1,0
B913E140,283635506,0,0,6,1,0
B921838E,282430972,0,0,7,1,0
B95B1EAB,279908569,0,0,7,5,0
B9B4EA38,272688202,0,0,1,1,0
B9BFBD23,273396561,0,0,1,1,0
B9C006EC,271845534,0,0,7,1,0
B9D3108D,270999295,0,0,1,1,0
B9FC9A9E,268997868,0,0,6,1,0
BA10CADE,333759660,0,0,7,1,0
BA30B11B,331661161,0,0,6,1,0
BA44D282,330358000,0,0,6,1,0
BA459779,330406155,0,0,6,1,0
BA4C2C21,330834515,0,0,7,2,0
BA784EF0,327958658,0,0,7,1,0
BA9CED78,325640970,0,0,6,1,0
BA9DDF5B,325701929,0,0,1,1,0
BAA5855A,324111144,0,0,7,2,0
BAB52DE5,323036055,0,0,6,1,0
BAF854C1,319576755,0,0,7,1,0
BB008DF3,318014337,0,0,6,1,0
BB1DA0F2,317304448,0,0,7,1,0
BB55D054,312598054,0,0,6,1,0
BB5FB56C,313244446,0,1,5,2,0
BB621B3D,311825743,0,0,8,1,0
BB66B014,311606886,0,0,7,1,0
BB85110D,309403519,0,0,8,1,0
BB95AED4,308388006,0,0,7,1,0
BBBA24C7,307112629,0,0,8,1,0
BBF25461,302406163,0,0,6,1,0
BC14082E,367003228,0,0,1,2,0
BC5CF7C5,363395511,0,0,7,1,0
BC87EECA,359915704,0,0,7,1,0
BC8CB9D1,360232867,0,0,8,1,0
BC9C0608,359139450,0,0,7,1,0
BCB38C1B,357007977,0,0,6,1,0
BCC12B9F,-1717452464,1,0,7,2,0
BCE81249,354163771,0,1,1,2,0
BCFB73F0,353336706,0,0,6,1,0
BCFBFCBD,353366735,0,0,8,1,0
BD2A787E,350123532,0,0,1,2,0
BD2A787E,350123532,0,1,5,2,0
BD32C191,348573667,0,0,6,1,0
BD39968A,349018360,0,0,7,1,0
BD4C3FA5,347615703,0,0,1,1,0
BD4E5CAB,347755225,0,0,7,1,0
BD5E6C3F,346710605,0,0,7,1,0
BD947787,341866997,0,0,7,3,0
BDB75D6F,339956509,0,0,7,3,0
BDD66219,337800299,0,0,4,1,0
BE1A499C,401491950,0,0,8,1,0
BE209EBE,-1690274703,1,0,8,1,0
BE282B52,400303392,0,0,1,1,0
BE52B677,396802053,0,0,6,1,0
BE8F7DDD,393966511,0,0,7,1,0
BEB615FF,390208397,0,0,1,1,0
BEBD42E4,390679702,0,0,7,1,0
BEBDCDA9,390710235,0,0,8,1,0
BEC8EBCB,389866937,0,0,1,1,0
BEC9AE30,389914690,0,0,6,1,0
BECA88C5,389973687,0,0,8,1,0
BEDAB851,388937251,0,0,7,1,0
BEE34858,387401258,0,0,4,1,0
BF033AA4,385299670,0,0,8,1,0
BF086DBF,385639373,0,0,7,1,0
BF18D266,384621588,0,0,7,1,0
BF45FFF1,-1708845762,1,0,6,2,0
BF544E9C,379601134,0,0,7,1,0
BF6C513D,379084623,0,0,7,1,0
BF7F28D3,378218145,0,0,7,1,0
BF90DC40,375706162,0,0,8,1,0
C029987A,1776129544,0,0,7,1,0
C03BCBE0,1775224210,0,0,7,1,0
C04535D4,1773222822,0,0,8,3,0
C04EED82,1773855728,0,0,8,1,0
C05D8C3B,1772716617,0,0,6,2,0
C0838E97,1769439461,0,0,1,1,0
C0A1965C,1767217198,0,0,1,1,0
C0A37A1F,1767339117,0,0,1,1,0
C0AC0484,1767377654,0,0,6,1,0
C0E2B1E1,1763098515,0,0,4,1,0
C0E969B7,1763534789,0,0,7,1,0
C120DBD6,1758778788,0,0,7,1,0
C12B8CCD,1759478463,0,0,7,1,0
C1611028,1754603098,0,0,1,1,0
C163FC6B,1754788377,0,0,1,1,0
C1875FE3,1752387985,0,0,7,1,0
C18C87B5,1752730055,0,0,6,1,0
C19CB721,1751693651,0,0,8,2,0
C19FE60C,1751902334,0,0,7,6,0
C19FE60C,1751902334,1,0,8,1,0
C1A6E374,1750265094,0,0,8,1,0
C1B33D32,1749496640,0,0,7,1,0
C1C4785E,1748006444,0,0,7,1,0
C1EBF24D,1746926655,0,0,8,1,0
C1F9A1D7,1745727397,0,0,7,1,0
C2038B8D,1811383807,0,0,6,1,0
C208DC96,1811731172,0,0,7,1,0
C21ABFA1,1810805203,0,0,7,1,0
C21B3262,1810840592,0,0,7,2,0
C223BAD9,1809298603,0,0,6,3,0
C240AC30,1807000130,0,0,7,1,0
C256D62A,1805834328,0,0,7,1,0
C26F2623,1805330513,0,0,7,12,0
C27C3042,1804090928,0,0,6,1,0
C2A40FB8,1800405450,0,0,6,1,0
C2E5C446,1796327988,0,0,6,1,0
C2E72805,1796417143,0,0,8,1,0
C34DC61C,1790560366,0,0,7,1,0
C366658F,1787980797,0,0,6,3,0
C36DBDD9,1788457899,0,0,6,1,0
C382C607,1786169461,0,0,8,1,0
C394BC1D,1784722031,0,0,1,1,0
C3AD4C14,1784234598,0,0,8,1,0
C3BE5A75,1783256071,0,0,8,1,0
C3BF1F8E,1783304700,0,0,8,1,0
C3C1E1BA,1781919688,0,0,8,1,0
C3C1E1BA,1781919688,1,0,6,2,0
C3CA39EC,1782462366,0,0,8,1,0
C3D9CF4F,1781383485,0,0,1,1,0
C3E1D0EE,1779818140,0,0,7,1,0
C3F5836B,1778486553,0,0,8,1,0
C42CEAEE,1842930844,0,0,7,3,0
C42E06AD,1843005663,0,0,7,1,0
C45677CB,1839364537,0,0,6,1,0
C4641505,1838160759,0,0,6,1,0
C4649A48,1838191674,0,0,1,1,0
C48B6EDB,1837064361,0,0,7,1,0
C496CC97,1835188965,0,0,1,1,0
C4A4E4C8,1834019514,0,0,6,1,0
C4B6B752,1833089312,0,0,6,1,0
C4B7F2A9,1833172187,0,0,7,2,0
C4C39130,1832361794,0,0,7,1,0
C4C84966,1832666900,0,0,7,1,0
C4E87832,1830581824,0,0,7,1,0
C4FC2BB7,1829250501,0,0,7,1,0
C501744A,1828026936,0,0,7,2,0
C501FB07,1828058485,0,0,1,1,0
C50A2351,1828597027,0,0,6,1,0
C54904EC,1824328350,0,0,8,1,0
C554A6A0,1822468306,0,0,7,1,0
C5631CD2,1821840032,0,0,8,3,0
C5668EFF,1821540493,0,0,7,1,0
C5735C83,-535579060,1,0,6,1,0
C574DD65,1820381975,0,0,6,1,0
C575989E,1820432108,0,0,6,1,0
C5913B16,1818572132,0,0,8,1,0
C5941DFC,1818235790,0,0,8,1,0
C5A6F07F,1817378317,0,0,8,1,0
C5ADA764,1817815318,1,0,8,1,0
C5D35950,1814517538,0,0,7,1,0
C6222411,1876306531,0,0,1,1,0
C6284129,1876709211,0,1,8,2,0
C629730A,1876786552,0,0,7,1,0
C63F0910,1875576674,0,0,7,1,0
C668B8F4,1872541318,0,0,6,1,0
C66A54B7,1872648901,0,0,6,1,0
C67779B6,1870886852,0,0,1,1,0
C6852F69,1869685019,0,0,7,1,0
C685A024,1869721174,0,0,1,1,0
C6A554AC,1867602654,0,0,8,1,0
C6E25A91,1863734499,0,0,1,1,0
C6F0090B,1862535033,0,0,8,1,0
C6F14CF0,1862615682,0,0,8,1,0
C7673E9B,1855140073,0,0,6,1,0
C7A83E80,1851535602,0,0,6,1,0
C7AAD2C3,1851710641,0,0,7,1,0
C7B51381,1849761267,0,0,7,1,0
C7D2711F,1848016749,0,0,7,3,0
C7D7854F,1847823165,0,0,1,1,0
C7E04E26,1846820948,0,0,7,1,0
C7EA2B1E,1847469420,0,0,6,1,0
C7EB193D,1847531343,0,0,6,1,0
C803D2BB,1643633865,0,0,7,2,0
C81600C7,-310973944,1,0,8,1,0
C85B1DC4,1638863798,0,0,7,1,0
C879050F,1636633469,0,0,7,1,0
C8B60514,1631718246,0,0,6,1,0
C8BC602C,1632136798,0,0,1,1,0
C8C32376,1631005956,0,0,7,1,0
C8C8FB20,1631384914,0,0,6,1,0
C8E358B3,1628919489,0,0,6,1,0
C90A9117,1627299685,0,0,6,1,0
C9213284,1624587510,0,0,8,1,0
C9746F23,1619026257,0,0,6,1,0
C97E0A1B,1619657833,0,0,1,1,0
C9947D00,1616933746,0,0,1,1,0
C9A64239,1616006219,0,0,7,1,0
C9BB6F38,1615814986,0,0,6,3,0
C9C4D4F7,1613814405,0,0,7,1,0
C9D3EB16,1613227364,0,0,7,1,0
C9EE329F,1612332269,0,0,7,1,0
CA1DA39D,1676258799,0,0,1,1,0
CA229657,1675008037,0,0,7,1,0
CA29C14C,1675480894,0,0,8,1,0
CA444696,1672497380,0,0,7,1,0
CA456CE2,1672569488,0,0,6,1,0
CA8E4579,1668958987,0,0,6,1,0
CAC06837,1664378437,0,0,1,1,0
CAC256CE,1664506044,0,0,7,1,0
CAEF7A0F,1662743677,0,0,1,1,0
CAF0BB4D,1661252927,0,0,6,1,0
CB003CF9,1660170891,0,0,6,1,0
CB029A2B,1660327001,0,0,6,5,0
CB029A2B,1660327001,0,1,8,4,0
CB12AABF,1659282637,0,0,7,1,0
CB384CD7,1657553573,0,0,6,1,0
CB47F718,1655961962,0,0,7,3,0
CB4A1FFC,1656623502,0,0,7,3,0
CB4C2F4E,1656234300,0,0,7,1,0
CB8706D5,1651706023,0,0,7,1,0
CB95554F,1650547517,0,0,4,1,0
CBDA4F65,1647198487,0,0,7,2,0
CC06A02F,1710403165,0,0,7,1,0
CC10DA35,1709495367,0,0,6,1,0
CC3B79A6,1708095444,0,0,7,1,0
CC4E5FC4,1706709430,0,0,7,1,0
CC8F847D,1702595087,0,0,6,1,0
CC9CFD93,1701376993,0,0,1,1,0
CCA1241A,1700080232,0,0,7,1,0
CCB79BDC,1698928046,0,0,7,1,0
CD289733,1692178753,0,0,1,1,0
CD4DEE4A,1689903160,0,0,1,1,0
CD4DEE4A,1689903160,1,0,6,2,0
CD5E97A4,1688902102,0,0,7,1,0
CD634E2D,1687634015,0,0,1,1,0
CD75F1EB,1686241177,0,0,7,1,0
CD75F1EB,1686241177,1,0,8,2,0
CD87EDA5,1685316567,0,0,8,1,0
CD8C35F3,1685601153,0,0,7,1,0
CDC1A663,1681238033,0,0,6,1,0
CDC1A663,1681238033,1,0,8,1,0
CE0339CB,1744254905,0,0,7,1,0
CE838E3B,1735884873,0,0,8,5,0
CE98AEC1,1735172275,0,0,7,8,0
CEAC435D,1733840175,0,0,7,1,0
CEAFEAE5,1734075543,0,0,7,1,0
CEBF553C,1732991822,0,0,7,1,0
CEDA43CA,1731087800,0,0,7,1,0
CEE79A43,1729336369,0,0,7,1,0
CF1829FD,1726752655,0,0,6,1,0
CF257F39,1725002059,0,0,6,1,0
CF25F074,1725038086,0,0,1,1,0
CF5AC4F6,1722731140,1,0,6,2,0
CF6D80D2,1721339552,0,0,7,1,0
CF6E296A,1721378584,0,0,7,1,0
CFBFADC8,1716233146,0,0,7,1,0
D011A056,2045095460,0,0,8,1,0
D01A7800,2045671026,0,0,6,1,0
D03A03C5,2043547063,0,0,7,1,0
D05287EB,2040957337,0,0,6,1,0
D05F14ED,-180355550,1,0,8,1,0
D0653B5A,2039559464,0,0,8,1,0
D06F5E62,2040221712,0,0,8,1,0
D08F4C41,2038121011,0,0,7,1,0
D0A05E79,2035568651,0,0,7,1,0
D0ADCCA1,2035925715,0,0,1,1,0
D0BD7378,2034859274,0,0,1,1,0
D0BD7378,2034859274,1,0,8,1,0
D0DA89CD,2033092543,0,0,8,1,0
D118E3FA,2028793224,0,0,7,1,0
D11D8F81,2028569075,0,0,1,1,0
D145AA4A,2024907832,0,0,1,1,0
D190EDDC,2019877806,0,0,1,1,0
D1AD3455,2019113511,0,0,8,1,0
D1D81237,2016156741,0,0,7,1,0
D1F869F2,2014078848,0,0,7,1,0
D219AB6A,2079171864,0,0,6,1,0
D2237D96,2077717476,0,0,6,1,0
D2362179,2076323595,0,0,7,1,0
D2571E0F,2074284157,0,0,8,1,0
D25CC659,2074658859,0,0,6,1,0
D2B3BD87,2068296693,0,0,7,1,0
D2E40C63,2064646673,0,0,7,1,0
D2F09A3A,2063897672,0,0,7,1,0
D30692DC,2062720174,0,0,7,1,0
D332F00D,2059861631,0,0,6,1,0
D339A716,2060298596,0,0,7,1,0
D35F77D7,2058058149,0,0,7,1,0
D371D7B0,2055592386,0,0,7,1,0
D3957438,2053208650,0,0,1,1,0
D3CBF1C9,2051014587,0,0,1,1,0
D3D65385,2049072631,0,0,8,1,0
D3D9678F,2049796605,0,0,1,1,0
D40F3A00,2113614962,0,0,7,1,0
D43B58D1,2110740131,0,0,6,1,0
D46EC0AA,2107297496,0,0,7,3,0
D4787F6C,2106355998,0,0,8,1,0
D48AA6FE,2105452684,0,0,6,1,0
D49704B2,2103642816,0,0,6,1,0
D49CDCE4,2104021654,0,0,6,1,0
D4B63A8C,2101490942,0,0,1,1,0
D4DFFB59,2100032811,0,0,8,1,0
D4E222D0,2098605218,0,0,7,1,0
D50BEB74,2097145094,1,0,1,1,0
D51D916E,2095685404,0,0,6,1,0
D52048E7,2094286485,0,0,7,1,0
D567DEF1,2090061955,0,0,7,2,0
D57450BB,2088787657,0,0,6,1,0
D5ACAA9D,2086184175,0,0,1,3,0
D5ACAA9D,2086184175,0,1,5,2,0
D5ACAA9D,2086184175,1,0,8,2,0
D5F8771D,2081192303,0,0,7,1,0
D5F932E6,2081242260,0,0,7,1,0
D5F932E6,2081242260,1,0,6,2,0
D60318BC,2146899662,0,0,1,1,0
D611EC91,2145772259,0,0,7,1,0
D6498459,2143128107,0,0,6,1,0
D675182B,2139166297,0,0,6,1,0
D6994500,2137869170,0,0,8,1,0
D6A49C89,2135986939,0,0,8,3,0
D6D1BAEB,2133177497,0,0,6,1,0
D6DA62BD,2133748943,0,0,8,1,0
D718088A,2129397496,0,0,6,1,0
D75B2F37,2125406533,0,0,1,1,0
D766F6BE,2123561164,0,0,7,1,0
D78BEE6E,2122309660,0,0,7,1,0
D798BF7A,2121052424,0,0,6,9,0
D7B7721C,2118351982,0,0,6,1,0
D7C1728B,2117434617,0,0,8,1,0
D7FCAB02,2114495856,0,0,7,1,0
D80776E5,1911781527,0,0,1,1,0
D83032C1,1908686003,0,0,1,1,0
D830BD8C,1908716542,0,0,8,2,0
D83BEA97,1909449957,0,0,8,1,0
D8878660,1903396882,0,0,7,1,0
D89739B9,1902327755,0,0,7,1,0
D89739B9,1902327755,1,0,8,2,0
D89C6EA2,1902665936,0,0,7,1,0
D8BDD235,1900665927,0,0,7,1,0
D8DF491F,1898661741,0,0,8,1,0
D8E3D56D,1897388831,0,0,7,2,0
D8E3D56D,1897388831,0,1,5,2,0
D8E3D56D,1897388831,1,0,6,2,0
D8F0C30C,1896140158,0,0,7,1,0
D920FAA1,1893004499,0,0,1,1,0
D932A93B,1892067145,0,0,1,7,0
D946BD7A,1890759432,0,0,1,1,0
D955538E,1889623548,0,0,6,1,0
D998BFD6,1886171556,0,0,7,1,0
D9B735C5,1883454391,0,0,7,1,0
D9B84B5E,1884046636,0,0,7,1,0
D9BAA71D,1884203375,0,0,8,1,0
D9F980A0,1879936722,0,0,1,1,0
DA3C9F30,1942524226,0,0,1,1,0
DA3E7373,1942650113,0,0,4,1,0
DA41C8BC,1941292750,0,0,6,1,0
DA56F75D,1940060463,0,0,6,5,0
DA7D54CE,1938381500,0,0,6,1,0
DA8F8D5C,1937474350,0,0,1,1,0
DAA42ECF,1934631101,0,0,7,1,0
DAC2FE0E,1932980348,0,0,6,1,0
DAD108AD,1931806431,0,0,7,1,0
DAD187E0,1931839890,0,0,6,1,0
DAFAE1AF,1930358749,0,0,7,1,0
DB000323,1928596817,0,0,7,1,0
DB018EE0,1928691858,0,0,7,1,0
DB13629A,1927769320,0,0,7,1,0
DB18BACC,1928115390,0,0,7,1,0
DB4DE76B,1924786457,0,0,1,2,0
DB6644F8,1922189962,0,0,7,1,0
DB741762,1920997648,0,0,6,1,0
DB83A28B,1920445689,0,0,6,1,0
DB949D6A,1918931736,0,0,6,1,0
DC111210,1977949282,0,0,8,1,0
DC1A450B,1978551161,0,0,1,1,0
DC4F97E1,1975228819,0,0,7,1,0
DC5235AD,1973828575,0,0,7,1,0
DC782D93,1972118497,0,0,1,2,0
DC7DBFBE,1971958220,0,0,7,1,0
DC81B13B,1970650953,0,0,8,4,0
DC8A0A57,1971192869,0,0,7,1,0
DCBDC13E,1967771468,0,0,7,1,0
DCCF66BA,-105935755,1,0,1,1,0
DCF75DDB,1963152297,0,0,8,1,0
DD3537EC,1958820254,0,0,8,1,0
DD37DBAF,1958991325,0,0,6,1,0
DD486060,1958506002,0,0,7,1,0
DD4D468A,1958299896,0,0,7,1,0
DD7F2444,1955277366,0,0,7,1,0
DD7FAB09,1955308923,0,0,7,1,0
DD905F9A,1952731624,0,0,6,1,0
DDACC3E8,1951976858,0,0,7,1,0
DDAD8613,1952024673,0,0,7,1,0
DDF34973,1946633985,0,0,6,1,0
DE148BF4,2011202950,0,0,6,1,0
DE281786,2010913268,0,0,7,1,0
DE29527D,2010995727,0,0,8,1,0
DE3B01E7,2010058645,0,0,1,1,0
DE44BA28,2008069210,0,0,6,1,0
DE4F15A6,2008751060,0,0,6,2,0
DE5C741F,2007530093,0,0,4,1,0
DE5CFB52,2007561504,0,0,1,1,0
DE63CE98,2006434026,0,0,6,1,0
DE7C0FDA,2005402024,0,0,1,1,0
DEAE22C0,2002398386,0,0,7,1,0
DEAE22C0,2002398386,1,0,8,2,0
DEB30FC1,2001142195,0,0,7,1,0
DEBB395A,2001680168,0,0,6,2,0
DEC9405E,2000506412,0,0,6,2,0
DEF0287C,1996760590,0,0,7,1,0
DEF11A5F,1996821549,0,0,8,1,0
DF0EDE39,1996148811,0,0,8,1,0
DF32424B,1992707129,0,0,7,1,0
DF337068,1992785434,0,0,7,1,0
DF34DCE9,1992348315,0,0,6,2,0
DF391550,1993153314,0,0,6,1,0
DF7389B5,1988593607,0,0,6,1,0
DF9E9165,1986699031,0,0,4,1,0
DFA1A4AF,1985325789,0,0,1,1,0
DFBE65ED,1984588703,0,0,7,1,0
DFEA7DB1,1981707203,0,0,1,1,0
DFEB384A,1981756984,0,0,6,1,0
DFF96BD0,1980589474,0,0,7,1,0
E00DD123,1241112401,0,0,6,1,0
E0188C12,-981965091,1,0,8,1,0
E02D6F3A,1238982984,0,0,7,1,0
E0559111,1235328867,0,0,6,4,0
E0617C8D,1234531071,0,0,6,1,0
E06AA4DB,1235135145,0,0,1,1,0
E07A944F,1234082365,0,0,7,1,0
E085DF05,1232195959,0,0,8,1,0
E09360C3,1231515313,0,0,1,5,0
E0AA5516,1230920548,0,0,7,2,0
E0CDAFA3,1228513745,0,0,8,1,0
E10FC594,1224461286,0,0,8,1,0
E12368AC,-1002208669,1,0,8,1,0
E17A6CBB,1217290953,0,0,7,1,0
E197746B,1214478873,0,0,8,1,0
E1A316BA,1213667528,0,0,1,1,0
E1A52608,1213278330,0,0,8,3,0
E1DDE88E,1210705660,0,0,7,1,0
E1E03107,1209286517,0,0,8,1,0
E1EF050D,1209731967,0,0,6,1,0
E20C6147,1274572597,0,0,8,1,0
E213A005,1273474679,0,0,7,1,0
E227C2D4,1272171686,0,0,1,1,0
E22C1A82,1272452336,0,0,1,1,0
E24B6F7A,1270833416,0,0,8,1,0
E25359D8,1269258154,0,0,7,1,0
E254F559,1268841259,0,0,8,3,0
E264E569,1267788571,0,0,7,1,0
E2713715,-955130406,1,0,8,2,0
E28B11FA,1266622344,0,0,7,1,0
E2963CFB,1264726665,0,0,8,3,0
E2C3615C,1261924142,0,0,6,1,0
E2D63DB3,1260532673,0,0,6,4,0
E2E98734,1260226886,0,0,7,1,0
E2ECEB4F,1259922749,0,0,6,1,0
E3010B6B,1257571609,0,0,8,1,0
E32E8178,1255837450,0,0,1,1,0
E35456CC,1252022462,0,0,8,1,0
E373C8C8,1250412218,0,0,7,1,0
E39133EF,1248148893,0,0,7,1,0
E39C587C,-956517709,1,0,8,1,0
E3A68F5E,1246921004,0,0,7,1,0
E3CE0B70,1245316354,0,0,1,1,0
E3E5A8E3,1242670737,0,0,8,1,0
E3EE70B5,1243250375,0,0,7,1,0
E42ABB7C,1306440974,0,0,6,1,0
E4357A3E,1304523852,0,0,7,1,0
E44B840A,1304398456,0,0,6,1,0
E4AF2782,1297820144,0,0,1,1,0
E4EC003F,1293422157,0,0,6,1,0
E51A08D9,1290667691,0,0,7,1,0
E525B25E,1288813612,0,0,7,1,0
E550943C,1285855822,0,0,6,1,0
E582B926,1282848596,0,0,1,1,0
E5B5FD02,1279390576,0,0,6,2,0
E5CAC980,1279182834,0,0,7,1,0
E5E8D14B,1276960569,0,0,6,1,0
E5F71009,1275272827,0,0,8,1,0
E631296C,1338320670,0,0,8,6,0
E660BD89,1335145467,0,0,7,1,0
E660BD89,1335145467,1,0,8,1,0
E680580E,1333024380,0,0,1,1,0
E69BB112,-1006937123,1,0,7,1,0
E69EDCB7,1332400837,0,0,6,1,0
E6A16630,1330997314,0,0,7,1,0
E6BCC47C,1330170382,0,0,7,1,0
E6E999DB,1327339433,0,0,6,1,0
E6ECF5A0,1327037394,0,0,7,1,0
E6FFE3C1,1326181811,0,0,6,1,0
E7162A65,1323443223,0,0,6,1,0
E7423239,1320565835,0,0,8,1,0
E751BC73,1319481857,0,0,1,2,0
E7630C07,1318519413,0,0,6,1,0
E77EAE4B,1317707833,0,0,1,1,0
E79AC81F,1315882605,0,0,1,3,0
E79AC81F,1315882605,1,0,6,2,0
E7A2D7BE,1314314700,0,0,7,1,0
E84810B9,1102847691,0,0,7,3,0
E84B364C,1103050814,0,0,8,4,0
E84B364C,1103050814,1,0,8,1,0
E850DE8E,1101320444,0,0,6,1,0
E86095DF,1100258221,0,0,8,1,0
E8801FD7,1098125733,0,0,7,1,0
E8924C4D,1097220671,0,0,6,1,0
E8AF95C4,1096522678,0,0,1,1,0
E8CC832D,1094225247,0,0,1,1,0
E8E76A2F,1091789917,0,0,6,1,0
E8ECB279,1092140043,0,0,6,1,0
E90EE91A,1090185064,0,0,8,1,0
E9172847,1088628277,0,0,6,1,0
E917B06C,1088667166,0,0,1,12,0
E9250018,1087442538,0,0,7,1,0
E9258F55,1087471911,0,0,7,1,0
E936F6BB,1086519497,0,0,7,1,0
E97B85E9,1083149211,0,0,6,3,0
E992B4B9,1080474315,0,0,1,1,0
E9B5C009,1078054523,0,0,6,1,0
EA065043,1139957297,0,0,7,1,0
EA1660D7,1138912933,0,0,7,1,0
EA4EAFA8,1136304602,0,0,7,1,0
EA936402,1130850928,0,0,7,7,0
EA936402,1130850928,0,1,1,2,0
EAA15B3B,1129665865,0,0,7,1,0
EAA1D476,1129699844,0,0,7,1,0
EAB2B5CF,1128709053,0,0,7,17,0
EAB2B5CF,1128709053,0,1,1,2,0
EAC6A18E,1127395324,0,0,1,1,0
EB169823,1122145873,0,0,8,1,0
EB17DDD8,1122227114,0,0,1,1,0
EB4F9C34,-835750149,1,0,6,2,0
EB63310C,1117208446,0,0,7,1,0
EB63BE41,1117237299,0,0,7,1,0
EB686617,1117546597,0,0,8,1,0
EB70DFF8,1116000650,0,0,1,2,0
EB71C521,1116064595,0,0,7,1,0
EB8CC59F,1115212781,0,0,7,1,0
EBCFE222,1111223376,0,0,7,2,0
EBD40AE0,1109394578,0,0,6,1,0
EBF37E50,1107783714,0,0,8,1,0
EC1E7504,1172994934,0,0,7,1,0
EC1F30FF,1173044877,0,0,6,1,0
EC22E976,1171711748,0,0,6,1,0
EC4A6D58,1170105130,0,0,7,1,0
EC6A169D,1167988975,0,0,6,1,0
EC72D8AA,1166464728,1,0,6,2,0
EC8D5BD8,1165579690,0,0,7,2,0
EC984042,1164725808,0,0,7,1,0
ECC56C0B,1160864377,0,0,7,1,0
ECC64AFE,1160922252,0,0,7,1,0
ECCD92A8,1161403610,0,0,8,3,0
ECCD92A8,1161403610,1,0,7,2,0
ECD030E4,1160003222,0,0,1,1,0
ECF2282F,1158030941,0,0,1,1,0
ECFF22DC,1158360238,0,0,7,1,0
ED0512EA,1156652184,0,0,1,1,0
ED07063C,1156778062,0,0,1,1,0
ED125AD3,1155945633,0,0,1,1,0
ED470774,1152583942,0,0,7,1,0
ED4F31EF,1153122205,0,0,7,2,0
ED5A2A75,1152263175,0,0,8,1,0
EDA8F3E7,1146944917,0,0,7,1,0
EDE08341,1142197555,0,0,6,1,0
EE3F5E67,1204506645,0,0,7,1,0
EE4E4F11,1203388771,0,1,5,2,0
EE58CB5D,1202505007,0,0,7,1,0
EE598EA6,1202553044,0,0,1,1,0
EE64572F,1200642397,0,0,7,1,0
EE79F563,1200487185,0,0,8,1,0
EE8B2CF1,1199514243,0,0,7,1,0
EE8BA3BC,1199549902,0,0,7,1,0
EE9B1C65,1198461463,0,0,6,1,0
EEB49676,1195415556,0,0,6,1,0
EEB94E3F,1196245069,0,0,6,1,0
EEC3D31A,1194843496,0,0,8,1,0
EEF90438,-879104265,1,0,6,1,0
EF429E90,1186369762,0,0,6,1,0
EF429E90,1186369762,1,0,8,2,0
EF76FC41,1182986803,0,0,7,1,0
EF89B70B,1182644601,0,0,7,1,0
EF9AA16A,1181658904,0,0,7,1,0
EF9BE491,1181739747,0,0,8,1,0
EFC52BF1,1177625987,0,0,7,1,0
EFE51AA5,1175524567,0,0,7,1,0
F00C1906,1509431156,0,0,8,1,0
F015D85B,1507972649,0,0,4,1,0
F03E3159,1506426667,0,0,8,1,0
F03EBE14,1506455654,0,0,1,1,0
F04A52C0,1505647794,0,0,8,1,0
F060B4A8,1502919386,0,0,1,1,0
F076CEB2,1501741248,0,0,4,1,0
F0914BCF,1499809213,0,0,6,1,0
F0AEF148,1499135802,0,0,6,1,0
F0B9CEA9,1498267867,0,0,7,1,0
F11320B0,1491545794,0,0,7,1,0
F150070D,1487145343,0,0,7,1,0
F15321F8,1487351690,0,0,6,3,0
F17BA49E,1485810412,0,0,8,1,0
F18838F7,1484535429,0,0,6,1,0
F1897D0C,1484616574,0,0,7,1,0
F19B2E96,1483677924,0,0,1,1,0
F1A2DE9F,1482084589,0,0,1,1,0
F1B4A485,1480633079,0,0,7,1,0
F1D7B26C,1478736926,0,0,1,1,0
F1EFADCD,1478206399,0,0,7,1,0
F1F78338,1476627786,0,0,7,1,0
F1FCD423,1476975185,0,0,7,1,0
F20CEC99,1543037675,0,0,8,1,0
F20DA962,1543087888,0,0,1,1,0
F26AF460,1537145362,0,0,7,1,0
F26BEEB9,1537204427,0,0,1,1,0
F2735756,1535596836,0,0,7,1,0
F278004D,1535905343,0,0,7,1,0
F297F4DE,1533278892,0,0,7,1,0
F2CF3BA1,1530607059,0,0,7,1,0
F2D4D363,1528880401,0,0,8,1,0
F2D7F596,1529084900,0,0,1,1,0
F2E0B1B2,1528086464,0,0,6,1,0
F2E84F11,1528578403,0,0,7,1,0
F31D6102,1525247856,0,0,7,1,0
F322DB85,1524028919,0,0,6,1,0
F32A2526,1524509524,0,0,6,1,0
F3559EE9,1520537755,0,0,8,1,0
F3A9848E,1516079868,0,0,8,4,0
F3BAE537,1515121477,0,0,7,1,0
F3CE86AE,1513785564,0,0,7,1,0
F3CFC355,1513868583,0,0,6,1,0
F3DD90CF,1512677053,0,0,8,1,0
F41C377D,1575500047,0,0,7,1,0
F41E23AB,1575628249,0,0,7,1,0
F4238DFA,1574405000,0,0,8,1,0
F45400AE,1570770652,0,0,7,2,0
F493362E,1567045724,0,0,7,1,0
F4B3C2A6,1564986580,0,0,4,1,0
F4C66B89,1563583995,0,0,7,1,0
F4FBB200,1561312370,0,0,7,1,0
F50401BE,1559236556,0,0,8,1,0
F5054445,1559317047,0,0,6,1,0
F5515C19,1554338411,0,0,6,1,0
F569E9EB,1553852313,0,0,6,1,0
F57127DC,1552230830,0,0,6,1,0
F5837103,1551335281,0,0,7,1,0
F59E5C02,1550471792,0,0,6,3,0
F5CB01A5,1547636695,0,0,7,1,0
F5D62CA4,1545741014,0,0,8,1,0
F5DC499C,1546143726,0,0,6,1,0
F5E1E7CD,1544939967,0,0,1,1,0
F5E4139D,1544560111,0,0,6,4,0
F5E9196E,1545410332,0,0,6,1,0
F61A886C,1609467422,0,0,7,2,0
F6205F4E,-750733951,1,0,8,1,0
F6527787,1604745717,0,0,7,1,0
F652F8CA,1604777656,0,0,6,1,0
F659AFD1,1605214627,0,0,8,1,0
F65A8924,1605273430,0,0,8,1,0
F6601549,1603541819,0,0,1,1,0
F66533A3,1603354065,0,0,6,1,0
F681902B,1601543769,0,0,7,1,0
F6BD0C59,1598620203,0,0,1,1,0
F6DE1AB0,1596593346,0,0,1,1,0
F6F57CFF,1593930381,0,0,7,1,0
F6F5F3B2,1593966016,0,0,6,1,0
F6FE2BE4,1594500502,0,0,6,1,0
F7246F26,1590714708,0,0,6,1,0
F743FA1C,1589113966,0,0,7,1,0
F750EC7D,1587864079,0,0,6,1,0
F7901DB0,1583616962,0,0,7,1,0
F79BC5E6,1584384916,0,0,6,1,0
F79BC5E6,1584384916,1,0,6,2,0
F7A27F7E,1582723340,0,0,7,1,0
F7A75994,1582520294,0,0,1,1,0
F7D8E25B,1580002345,0,0,6,1,0
F814F4D5,1373698727,0,0,7,1,0
F88C452A,1366838104,0,0,7,1,0
F8B3FFAD,1363669471,0,0,7,1,0
F8B827FB,1363945865,0,0,7,1,0
F8E6A20A,1360178296,0,0,8,1,0
F8F4344C,1358969406,0,0,6,1,0
F8FB0046,1359941172,0,0,8,1,0
F904B3F8,1357954442,0,0,8,1,0
F90E2E55,1358569511,0,0,4,1,0
F916E062,1357049360,0,0,6,2,0
F92C2F17,-598948392,1,0,1,1,0
F9365E7B,1354911753,0,0,1,1,0
F9396A71,1355637763,0,0,6,1,0
F94EA050,1354411554,0,0,4,1,0
F961A50E,1351986044,0,0,6,1,0
F97A4DCC,1351500734,0,0,7,1,0
F9885182,1350328304,0,0,8,3,0
F9B16457,1346726437,0,0,7,1,0
F9DDC9F9,1344915339,0,0,7,1,0
FA0F66C5,1408985271,0,0,6,1,0
FA1A3A2A,1408119896,0,0,1,1,0
FA35B039,1405206091,0,0,1,1,0
FA4F678D,1404791295,0,0,6,1,0
FA68F989,1402796027,0,0,1,2,0
FA8A02AE,1400769756,0,0,8,1,0
FA92340C,1399208574,0,0,1,1,0
FABDBE1F,1397338221,0,0,1,1,0
FAD53A31,1394684995,0,0,8,1,0
FAFE99A2,1393203152,0,0,6,3,0
FB089144,1392287542,0,0,8,1,0
FB175006,1390632564,0,0,1,1,0
FB420DA1,1387660243,0,0,7,1,0
FB486899,1388078827,0,0,7,1,0
FB505E3B,1386500169,0,0,7,3,0
FB7FD428,1384897114,0,0,6,1,0
FBA21F82,1381372400,0,0,7,1,0
FBCD0CF2,1379467904,0,0,7,1,0
FBD8501D,1378639471,0,0,7,1,0
FBF2B675,1376172039,0,0,6,1,0
FC3E831F,1439337837,0,0,6,1,0
FC767CF4,1434612358,0,0,6,1,0
FC998867,1433241109,0,0,7,1,0
FCB5ECB9,1430381259,0,0,6,3,0
FCEC2148,1427648314,0,0,8,1,0
FD1392F6,1424465028,0,0,7,1,0
FD2E4B7F,1423590669,0,0,6,1,0
FD5BE250,1420815394,0,0,6,1,0
FD89CF4A,1417527608,0,0,6,1,0
FDECD9BC,1410914254,0,0,7,1,0
FE30C2AD,1472515295,0,0,6,1,0
FE4A8D32,1472103232,0,0,7,3,0
FE81F95E,1467348780,0,0,7,1,0
FEB9E6FF,1464723597,0,0,7,1,0
FED46125,1461743447,0,0,1,1,0
FF439369,1454873883,0,0,7,3,0
FF552CAF,1453400797,0,0,7,1,0
FF68F526,1453128532,0,0,4,1,0
FF7A9611,1452185699,0,0,8,1,0
FF7B8CC8,1452245690,0,0,7,4,0
FF7B8CC8,1452245690,1,0,1,2,0
FF85EDF6,1450304388,0,0,4,1,0
FFB18F27,1447395669,0,0,6,1,0
FFC87FB8,-626485897,1,0,6,1,0
FFCF7113,1446739809,0,0,7,1,0
FFE4D280,1443945714,0,0,1,1,0
FFF7C4E1,1443089043,0,0,8,2,0
