# Dato de la ficha de cada personaje, sacado de chara_param.
# identidad = el valor del campo 0xBA162C11 de la partida.
# campo_fc = lo que hay que escribir en 0xFC830AAC (NOTAS O-71).
# Lo genera herramientas/construir_ficha_jugador.py.
identidad,campo_fc
C19FE60C,2
EAB2B5CF,4
F3A9848E,2
BCE81249,4
A5F32308,2
8EDE70CB,1
97C5418A,3
105D5D45,4
09466C04,2
D946BD7A,3
C05D8C3B,2
EB70DFF8,4
F26BEEB9,1
BD2A787E,2
A431493F,1
8F1C1AFC,1
96072BBD,3
119F3772,3
08840633,2
DB000323,1
C21B3262,3
E93661A1,4
BB5FB56C,4
CC5885FA,4
9072E6AF,2
8969D7EE,3
C6284129,3
DF337068,2
F41E23AB,4
ED0512EA,1
6A9D0E25,4
73863F64,4
A386EE1A,1
BA9DDF5B,3
91B08C98,4
88ABBDD9,4
C7EA2B1E,3
DEF11A5F,3
F5DC499C,2
BD947787,1
A48F46C6,3
871F0DCC,2
CBDA4F65,1
DE4F15A6,4
6245E74A,2
E5DDFB85,4
0629224E,3
2CC61BBA,4
7B5ED60B,1
507385C8,2
35DD2AFB,2
341F40CC,3
FCC6CAC4,2
1F32130F,1
4968B489,2
1EF07938,4
07EB4879,1
48AADEBE,4
51B1EFFF,3
7A9CBC3C,4
2BCFB366,4
32D48227,2
73BF3A1C,3
589269DF,4
4189589E,4
0EC8CE59,3
17D3FF18,4
3CFEACDB,2
25E59D9A,1
A27D8155,3
BB66B014,2
6B66616A,3
727D502B,2
595003E8,3
404B32A9,4
3D3CC6EC,3
0F0AA46E,3
1611952F,1
6C6FC9B6,4
7574F8F7,3
4EDF13AC,2
65F2406F,3
7CE9712E,3
33A8E7E9,4
2AB3D6A8,2
019E856B,4
1885B42A,3
9F1DA8E5,1
860699A4,1
560648DA,3
4F1D799B,3
326A8DDE,4
7D2B1B19,2
64302A58,3
005CEF5C,3
2B71BC9F,2
510FE006,4
4814D147,1
CC8F847D,3
E7A2D7BE,1
FEB9E6FF,2
B1F87038,3
A8E34179,3
83CE12BA,1
9AD523FB,4
1D4D3F34,4
04560E75,2
D456DF0B,4
CD4DEE4A,4
E660BD89,3
FF7B8CC8,4
B03A1A0F,1
A9212B4E,3
820C788D,2
D35F77D7,2
CA444696,3
097F697C,4
3B490BFE,2
74089D39,2
6D13AC78,3
463EFFBB,3
5F25CEFA,1
D8BDD235,3
C1A6E374,2
22523ABF,4
11A6320A,3
08BD034B,1
23905088,3
3A8B61C9,4
75CAF70E,4
6CD1C64F,1
47FC958C,4
863F9CDC,1
AD12CF1F,4
B409FE5E,2
FB486899,1
E25359D8,4
C97E0A1B,3
D0653B5A,2
57FD2795,4
4EE616D4,3
9EE6C7AA,2
87FDF6EB,3
ACD0A528,1
B5CB9469,4
FA8A02AE,3
E39133EF,2
C8BC602C,2
99EF6F76,1
80F45E37,4
FF439369,3
D46EC0AA,4
CD75F1EB,3
8234672C,4
9B2F566D,2
B00205AE,3
A91934EF,1
2E812820,4
379A1961,2
E79AC81F,4
FE81F95E,3
D5ACAA9D,3
CCB79BDC,2
83F60D1B,2
9AED3C5A,2
B1C06F99,4
E09360C3,3
F9885182,3
F1EFADCD,4
DAC2FE0E,4
C3D9CF4F,2
8C985988,1
958368C9,4
BEAE3B0A,3
A7B50A4B,2
202D1684,3
393627C5,3
E936F6BB,1
F02DC7FA,3
DB009439,2
C21BA578,3
8D5A33BF,2
944102FE,4
BF6C513D,1
EE3F5E67,4
F7246F26,3
0AC335A9,4
21EE666A,3
38F5572B,3
77B4C1EC,2
6EAFF0AD,2
4582A36E,4
5C99922F,1
DB018EE0,2
C21ABFA1,3
121A6EDF,1
0B015F9E,3
202C0C5D,2
39373D1C,4
7676ABDB,1
6F6D9A9A,4
4440C959,3
1513C603,3
0C08F742,2
37A31C19,4
1C8E4FDA,4
05957E9B,1
4AD4E85C,2
53CFD91D,1
78E28ADE,2
61F9BB9F,3
E661A750,1
FF7A9611,3
2F7A476F,1
3661762E,2
1D4C25ED,3
045714AC,4
4B16826B,4
520DB32A,4
7920E0E9,3
2873EFB3,3
3168DEF2,3
FA68F989,3
7DF0E546,4
E373C8C8,1
64EBD407,2
4235044B,4
71C10CFE,2
B8DAECC1,2
2659C14F,3
5B2E350A,3
700366C9,1
0D74928C,4
146FA3CD,3
A1C1DD80,4
3F42F00E,1
68DA3DBF,4
5AEC5F3D,2
6FD39563,4
76C8A422,4
07D357D8,1
2CFE041B,3
35E5355A,4
7AA4A39D,3
63BF92DC,4
4892C11F,1
5189F05E,3
D611EC91,1
CF0ADDD0,2
1F0A0CAE,3
06113DEF,3
2D3C6E2C,3
34275F6D,3
7B66C9AA,2
627DF8EB,1
4950AB28,3
1803A472,4
01189533,4
4D634F79,4
664E1CBA,1
7F552DFB,4
3014BB3C,3
290F8A7D,2
0222D9BE,2
1B39E8FF,2
9CA1F430,2
85BAC571,3
55BA140F,3
4CA1254E,2
678C768D,2
7E9747CC,3
31D6D10B,3
28CDE04A,1
03E0B389,3
52B3BCD3,2
4BA88D92,3
C223BAD9,3
E90EE91A,4
F015D85B,4
BF544E9C,3
A64F7FDD,4
8D622C1E,1
94791D5F,3
13E10190,4
0AFA30D1,2
DAFAE1AF,4
C3E1D0EE,3
E8CC832D,4
F1D7B26C,3
BE9624AB,3
A78D15EA,1
8CA04629,2
DDF34973,3
C4E87832,4
EFC52BF1,1
F6DE1AB0,2
3AB37E68,3
119E2DAB,3
08851CEA,3
47C48A2D,1
5EDFBB6C,3
75F2E8AF,2
6CE9D9EE,3
EB71C521,1
F26AF460,3
226A251E,4
3B71145F,1
105C479C,2
094776DD,3
4606E01A,3
5F1DD15B,3
74308298,3
B8E3E9B9,4
93CEBA7A,4
8AD58B3B,3
C5941DFC,2
DC8F2CBD,3
F7A27F7E,4
EEB94E3F,1
692152F0,1
703A63B1,4
A03AB2CF,2
B921838E,3
920CD04D,3
8B17E10C,2
C45677CB,4
DD4D468A,3
8583C009,4
AEAE93CA,3
B7B5A28B,2
F8F4344C,2
E1EF050D,3
CAC256CE,1
D3D9678F,4
54417B40,3
4D5A4A01,4
9D5A9B7F,3
8441AA3E,1
AF6CF9FD,4
B677C8BC,4
F9365E7B,3
E02D6F3A,1
CB003CF9,3
834802E2,3
F6CBEDD0,4
696F1C32,3
8AB1DD55,3
3ED67BC3,3
866A1CA6,3
FF6413AF,2
88632339,2
116A7283,2
29B9001C,2
551D4B24,3
47A8E4CA,3
10895DAB,2
05262A85,1
AC654EC9,3
391E6729,4
1B9F46E8,4
4604E078,3
56D3174D,3
97B4EDED,3
B9E662B0,4
0377CEAB,4
733B0A77,3
2C23705E,3
21CAE110,3
E836B902,4
5085C785,4
BCCD18F0,2
3FC200D0,2
48C53046,2
22DEC83F,2
33A09645,2
36BC9571,1
B261D5AE,2
A1A69573,2
C22D1172,1
D6A1A5E5,2
E49BF37A,3
B826B2E2,3
FF01726E,3
362F6511,3
D230648A,3
4B393530,3
3C3E05A6,3
A25A9005,3
A34BE7DE,3
3A42B664,3
8CAFB760,3
15A6E6DA,3
62A1D64C,3
FCC543EF,3
8BC27379,3
12CB22C3,3
65CC1255,3
F5730FC4,3
82743F52,3
BDA25E76,3
F56FFCCE,3
A445897D,3
961C3AB7,3
0A287FB9,3
D476C9C8,3
B3E5FA36,3
BF6F85F7,3
3855B5EA,3
7F820E51,3
45E9D15E,3
BCC3EB16,2
F3827DD1,1
AF0720CB,3
725E8515,3
EB57D4AF,3
9C50E439,3
0234719A,3
7533410C,3
EC3A10B6,3
9B3D2020,3
0B823DB1,3
7C850D27,3
1C4284C2,3
6B45B454,3
3055CF22,2
1B789CE1,3
0263ADA0,3
4D223B67,1
54390A26,3
7F1459E5,4
660F68A4,4
E197746B,4
F88C452A,3
288C9454,3
3197A515,3
1ABAF6D6,3
33D11B4C,3
18FC488F,2
01E779CE,3
4EA6EF09,4
57BDDE48,3
7C908D8B,2
658BBCCA,2
E213A005,2
FB089144,4
2B08403A,2
3213717B,3
193E22B8,4
002513F9,3
4F64853E,3
567FB47F,2
7D52E7BC,3
375C67FE,3
1C71343D,2
056A057C,3
4A2B93BB,1
5330A2FA,3
781DF139,4
6106C078,4
E69EDCB7,4
FF85EDF6,4
2F853C88,2
369E0DC9,4
1DB35E0A,4
04A86F4B,4
4BE9F98C,3
52F2C8CD,3
79DF9B0E,4
34D8B390,3
1FF5E053,2
06EED112,3
49AF47D5,3
50B47694,3
7B992557,4
62821416,2
E51A08D9,2
FC013998,3
2C01E8E6,3
351AD9A7,3
1E378A64,2
072CBB25,3
486D2DE2,3
51761CA3,4
7A5B4F60,3
3E469E9A,3
156BCD59,3
0C70FC18,2
43316ADF,3
5A2A5B9E,3
7107085D,2
681C391C,2
EF8425D3,2
F69F1492,3
269FC5EC,2
3F84F4AD,3
14A9A76E,3
0DB2962F,2
42F300E8,2
5BE831A9,3
70C5626A,2
88E9A847,3
A3C4FB84,3
BADFCAC5,4
F59E5C02,2
EC856D43,3
C7A83E80,3
DEB30FC1,3
592B130E,2
4030224F,3
9030F331,3
892BC270,3
A20691B3,4
BB1DA0F2,2
F45C3635,2
ED470774,3
C66A54B7,3
8B6D7C29,3
A0402FEA,3
B95B1EAB,3
F61A886C,3
EF01B92D,3
C42CEAEE,4
DD37DBAF,4
5AAFC760,4
43B4F621,4
93B4275F,4
8AAF161E,4
A18245DD,3
B899749C,2
F7D8E25B,2
EEC3D31A,4
C5EE80D9,3
8FE0009B,3
A4CD5358,2
BDD66219,3
F297F4DE,1
EB8CC59F,2
C0A1965C,4
D9BAA71D,4
5E22BBD2,2
47398A93,2
97395BED,2
8E226AAC,3
A50F396F,2
BC14082E,3
F3559EE9,3
EA4EAFA8,2
C163FC6B,2
8C64D4F5,4
A7498736,3
BE52B677,3
F11320B0,2
E80811F1,2
C3254232,2
DA3E7373,2
5DA66FBC,2
44BD5EFD,3
94BD8F83,3
8DA6BEC2,3
A68BED01,4
BF90DC40,2
F0D14A87,4
E9CA7BC6,3
C2E72805,2
86FAF9FF,3
ADD7AA3C,3
B4CC9B7D,3
FB8D0DBA,3
E2963CFB,3
C9BB6F38,4
D0A05E79,4
573842B6,4
4E2373F7,3
9E23A289,2
873893C8,4
AC15C00B,3
B50EF14A,4
FA4F678D,3
E35456CC,3
C879050F,4
9A5C07A9,4
B171546A,3
A86A652B,3
E72BF3EC,3
FE30C2AD,3
D51D916E,4
CC06A02F,4
4B9EBCE0,2
52858DA1,3
82855CDF,2
9B9E6D9E,3
B0B33E5D,4
A9A80F1C,3
E6E999DB,4
FFF2A89A,4
D4DFFB59,3
99D8D3C7,2
B2F58004,2
ABEEB145,2
E4AF2782,3
FDB416C3,3
D6994500,2
CF827441,2
481A688E,4
510159CF,3
810188B1,2
981AB9F0,3
B337EA33,2
AA2CDB72,2
E56D4DB5,3
FC767CF4,2
D75B2F37,3
9D55AF75,3
B678FCB6,3
AF63CDF7,3
E0225B30,3
F9396A71,1
D21439B2,4
CB0F08F3,4
4C97143C,2
558C257D,3
858CF403,2
9C97C542,3
B7BA9681,3
AEA1A7C0,2
E1E03107,3
F8FB0046,3
D3D65385,3
9ED17B1B,2
B5FC28D8,3
ACE71999,2
E3A68F5E,2
FABDBE1F,4
D190EDDC,4
C88BDC9D,2
4F13C052,2
5608F113,4
8608206D,2
9F13112C,3
B43E42EF,3
AD2573AE,3
E264E569,2
FB7FD428,3
D05287EB,3
22E060CC,3
09CD330F,4
10D6024E,4
5F979489,4
468CA5C8,3
6DA1F60B,3
74BAC74A,3
F322DB85,3
EA39EAC4,4
3A393BBA,4
23220AFB,3
080F5938,2
11146879,4
5E55FEBE,3
474ECFFF,2
6C639C3C,4
7578AD7D,4
F2E0B1B2,4
EBFB80F3,4
387F85E3,3
2164B4A2,3
0A49E761,4
1352D620,4
5C1340E7,3
450871A6,3
6E252265,2
773E1324,4
F0A60FEB,4
E9BD3EAA,3
39BDEFD4,3
20A6DE95,4
0B8B8D56,3
1290BC17,4
5DD12AD0,4
44CA1B91,3
6FE74852,3
76FC7913,3
F16465DC,3
E87F549D,3
3CF2F951,4
25E9C810,3
0EC49BD3,3
17DFAA92,4
589E3C55,3
41850D14,3
6AA85ED7,2
73B36F96,3
F42B7359,3
ED304218,2
3D309366,4
242BA227,3
0F06F1E4,3
161DC0A5,3
595C5662,3
40476723,4
6B6A34E0,3
727105A1,4
F5E9196E,4
ECF2282F,4
3F762D3F,3
266D1C7E,2
0D404FBD,3
145B7EFC,4
5B1AE83B,4
4201D97A,3
692C8AB9,3
7037BBF8,3
F7AFA737,3
EEB49676,3
3EB44708,3
27AF7649,3
0C82258A,4
159914CB,4
5AD8820C,3
43C3B34D,3
68EEE08E,4
71F5D1CF,4
F66DCD00,3
EF76FC41,3
35E80035,4
2CF33174,3
07DE62B7,4
1EC553F6,4
5184C531,3
489FF470,3
63B2A7B3,4
7AA996F2,2
FD318A3D,3
E42ABB7C,4
342A6A02,4
2D315B43,3
061C0880,4
1F0739C1,3
5046AF06,4
495D9E47,4
6270CD84,4
7B6BFCC5,3
FCF3E00A,4
E5E8D14B,3
A62C6934,4
BF375875,4
941A0BB6,4
8D013AF7,4
C240AC30,4
DB5B9D71,3
F076CEB2,2
E96DFFF3,4
6EF5E33C,4
77EED27D,3
A7EE0303,3
BEF53242,4
95D86181,3
8CC350C0,3
C382C607,4
DA99F746,3
F1B4A485,3
E8AF95C4,3
6F37890B,4
762CB84A,4
A5A8BD5A,4
BCB38C1B,3
979EDFD8,4
8E85EE99,4
C1C4785E,3
D8DF491F,3
F3F21ADC,3
EAE92B9D,3
6D713752,3
746A0613,3
A46AD76D,3
BD71E62C,3
965CB5EF,2
8F4784AE,3
C0061269,3
D91D2328,4
F23070EB,2
EB2B41AA,3
6CB35D65,3
75A86C24,3
A125C1E8,4
B83EF0A9,3
9313A36A,4
8A08922B,3
C54904EC,3
DC5235AD,4
F77F666E,3
EE64572F,1
69FC4BE0,4
70E77AA1,3
A0E7ABDF,3
B9FC9A9E,3
92D1C95D,3
8BCAF81C,3
C48B6EDB,3
DD905F9A,3
F6BD0C59,4
EFA63D18,3
683E21D7,4
71251096,3
A2A11586,3
BBBA24C7,3
90977704,3
898C4645,3
C6CDD082,4
DFD6E1C3,3
F4FBB200,4
EDE08341,3
6A789F8E,3
7363AECF,2
A3637FB1,3
BA784EF0,4
91551D33,4
884E2C72,4
C70FBAB5,4
DE148BF4,3
F539D837,3
EC22E976,4
6BBAF5B9,4
72A1C4F8,4
A83F388C,3
B12409CD,4
9A095A0E,2
83126B4F,4
CC53FD88,4
D548CCC9,3
FE659F0A,3
E77EAE4B,4
60E6B284,4
79FD83C5,3
A9FD52BB,4
B0E663FA,3
9BCB3039,4
82D00178,4
CD9197BF,3
D48AA6FE,4
FFA7F53D,4
E6BCC47C,3
6124D8B3,3
783FE9F2,3
1E900E51,4
078B3F10,4
2CA66CD3,3
35BD5D92,3
7AFCCB55,4
63E7FA14,4
48CAA9D7,4
51D19896,3
D6498459,3
CF52B518,3
1F526466,4
06495527,3
2D6406E4,4
347F37A5,4
7B3EA162,3
62259023,4
4908C3E0,4
5013F2A1,3
D78BEE6E,4
CE90DF2F,4
1D14DA3F,3
040FEB7E,3
2F22B8BD,3
363989FC,4
79781F3B,3
60632E7A,3
4B4E7DB9,3
52554CF8,3
D5CD5037,3
CCD66176,3
1CD6B008,3
05CD8149,4
2EE0D28A,3
37FBE3CB,3
78BA750C,4
61A1444D,4
4A8C178E,4
539726CF,4
D40F3A00,3
CD140B41,3
1999A68D,4
008297CC,3
2BAFC40F,3
32B4F54E,3
7DF56389,4
64EE52C8,3
4FC3010B,4
56D8304A,3
D1402C85,3
C85B1DC4,4
185BCCBA,3
0140FDFB,2
2A6DAE38,3
33769F79,3
7C3709BE,4
652C38FF,3
4E016B3C,4
571A5A7D,3
D08246B2,3
C99977F3,3
1A1D72E3,3
030643A2,4
282B1061,3
31302120,3
7E71B7E7,3
676A86A6,3
4C47D565,3
555CE424,4
D2C4F8EB,3
CBDFC9AA,3
1BDF18D4,3
02C42995,2
29E97A56,3
30F24B17,4
7FB3DDD0,3
66A8EC91,3
4D85BF52,2
549E8E13,4
D30692DC,3
CA1DA39D,3
10835FE9,3
09986EA8,3
22B53D6B,4
3BAE0C2A,3
74EF9AED,3
6DF4ABAC,4
46D9F86F,4
5FC2C92E,3
D85AD5E1,3
C141E4A0,4
114135DE,4
085A049F,3
2377575C,3
3A6C661D,4
752DF0DA,2
6C36C19B,2
471B9258,4
5E00A319,4
D998BFD6,3
C0838E97,4
0C25A1BF,4
153E90FE,3
3E13C33D,3
2708F27C,4
684964BB,4
715255FA,3
5A7F0639,3
43643778,3
C4FC2BB7,3
DDE71AF6,3
0DE7CB88,4
14FCFAC9,2
3FD1A90A,3
26CA984B,3
698B0E8C,4
70903FCD,3
5BBD6C0E,3
42A65D4F,4
C53E4180,4
DC2570C1,4
0FA175D1,3
16BA4490,3
3D971753,3
248C2612,4
6BCDB0D5,3
72D68194,4
59FBD257,2
40E0E316,3
C778FFD9,3
DE63CE98,4
0E631FE6,2
17782EA7,4
3C557D64,2
254E4C25,3
6A0FDAE2,3
7314EBA3,3
5839B860,3
41228921,4
C6BA95EE,4
DFA1A4AF,2
0B2C0963,4
12373822,3
391A6BE1,3
20015AA0,4
6F40CC67,4
765BFD26,3
5D76AEE5,3
446D9FA4,4
C3F5836B,4
DAEEB22A,2
0AEE6354,4
13F55215,3
38D801D6,3
21C33097,3
6E82A650,4
77999711,4
5CB4C4D2,3
45AFF593,3
C237E95C,3
DB2CD81D,3
08A8DD0D,4
11B3EC4C,3
3A9EBF8F,3
23858ECE,4
6CC41809,4
75DF2948,3
5EF27A8B,4
47E94BCA,4
C0715705,4
D96A6644,2
096AB73A,3
1071867B,4
3B5CD5B8,3
2247E4F9,2
6D06723E,3
741D437F,2
5F3010BC,4
462B21FD,3
C1B33D32,3
D8A80C73,4
0236F007,3
1B2DC146,1
30009285,3
291BA3C4,4
665A3503,3
7F410442,3
546C5781,3
4D7766C0,3
CAEF7A0F,2
D3F44B4E,3
03F49A30,4
1AEFAB71,4
31C2F8B2,3
28D9C9F3,3
67985F34,4
7E836E75,4
55AE3DB6,4
4CB50CF7,3
CB2D1038,4
D2362179,3
B499C6DA,4
AD82F79B,3
86AFA458,3
9FB49519,4
D0F503DE,1
C9EE329F,3
E2C3615C,4
FBD8501D,4
7C404CD2,3
655B7D93,3
B55BACED,4
AC409DAC,3
876DCE6F,4
9E76FF2E,4
D13769E9,4
C82C58A8,3
E3010B6B,3
FA1A3A2A,3
7D8226E5,3
649917A4,4
B71D12B4,3
AE0623F5,4
852B7036,2
9C304177,3
D371D7B0,3
CA6AE6F1,4
E147B532,4
F85C8473,3
7FC498BC,4
66DFA9FD,4
B6DF7883,3
AFC449C2,4
84E91A01,3
9DF22B40,2
D2B3BD87,4
CBA88CC6,3
E085DF05,4
F99EEE44,4
7E06F28B,3
671DC3CA,2
B3906E06,3
AA8B5F47,3
81A60C84,3
98BD3DC5,3
D7FCAB02,3
CEE79A43,3
E5CAC980,3
FCD1F8C1,4
7B49E40E,4
6252D54F,3
B2520431,4
AB493570,3
806466B3,3
997F57F2,4
D63EC135,4
CF25F074,3
E408A3B7,4
FD1392F6,4
7A8B8E39,4
6390BF78,4
B014BA68,4
A90F8B29,3
8222D8EA,3
9B39E9AB,3
D4787F6C,4
CD634E2D,3
E64E1DEE,2
FF552CAF,3
78CD3060,3
61D60121,3
B1D6D05F,4
A8CDE11E,3
83E0B2DD,1
9AFB839C,3
D5BA155B,4
CCA1241A,3
E78C77D9,2
FE974698,4
790F5A57,3
60146B16,4
BA8A9762,3
A391A623,2
88BCF5E0,2
91A7C4A1,2
DEE65266,3
C7FD6327,4
ECD030E4,4
F5CB01A5,3
72531D6A,3
6B482C2B,4
BB48FD55,4
A253CC14,3
897E9FD7,4
9065AE96,3
DF243851,3
C63F0910,2
ED125AD3,4
F4096B92,3
7391775D,3
6A8A461C,4
ECFAD68C,4
F5E1E7CD,4
DECCB40E,4
C7D7854F,4
88961388,4
918D22C9,2
BAA0710A,3
A3BB404B,4
24235C84,4
3D386DC5,3
ED38BCBB,3
F4238DFA,3
DF0EDE39,4
C615EF78,3
895479BF,4
904F48FE,4
BB621B3D,4
A2792A7C,4
25E136B3,4
3CFA07F2,4
EF7E02E2,3
F66533A3,4
DD486060,3
C4535121,2
8B12C7E6,3
9209F6A7,3
B924A564,3
A03F9425,4
27A788EA,4
3EBCB9AB,4
EEBC68D5,4
F7A75994,4
DC8A0A57,3
C5913B16,3
8AD0ADD1,3
93CB9C90,3
B8E6CF53,3
A1FDFE12,4
2665E2DD,2
3F7ED39C,4
EBF37E50,3
F2E84F11,3
D9C51CD2,4
C0DE2D93,4
8F9FBB54,4
96848A15,2
BDA9D9D6,3
A4B2E897,3
232AF458,3
3A31C519,4
EA311467,3
F32A2526,3
D80776E5,3
C11C47A4,4
8E5DD163,3
9746E022,4
BC6BB3E1,4
A57082A0,4
22E89E6F,4
3BF3AF2E,4
E877AA3E,4
F16C9B7F,3
DA41C8BC,2
C35AF9FD,3
8C1B6F3A,3
95005E7B,4
BE2D0DB8,4
A7363CF9,3
20AE2036,4
39B51177,3
E9B5C009,3
F0AEF148,3
DB83A28B,2
C29893CA,3
8DD9050D,3
94C2344C,4
BFEF678F,3
A6F456CE,3
216C4A01,3
38777B40,3
E2E98734,3
FBF2B675,3
D0DFE5B6,4
C9C4D4F7,2
86854230,2
9F9E7371,4
B4B320B2,2
ADA811F3,3
2A300D3C,4
332B3C7D,3
E32BED03,3
FA30DC42,4
D11D8F81,4
C806BEC0,3
87472807,2
9E5C1946,4
B5714A85,4
AC6A7BC4,3
2BF2670B,2
32E9564A,3
5446B1E9,3
4D5D80A8,3
6670D36B,3
7F6BE22A,2
302A74ED,3
293145AC,3
021C166F,4
1B07272E,3
9C9F3BE1,4
85840AA0,3
5584DBDE,3
4C9FEA9F,3
67B2B95C,3
7EA9881D,3
31E81EDA,3
28F32F9B,3
03DE7C58,2
1AC54D19,3
9D5D51D6,3
84466097,4
57C26587,3
4ED954C6,3
65F40705,3
7CEF3644,4
33AEA083,3
2AB591C2,3
0198C201,2
1883F340,4
9F1BEF8F,4
8600DECE,2
56000FB0,4
4F1B3EF1,3
64366D32,4
7D2D5C73,2
326CCAB4,4
2B77FBF5,3
19419977,4
9ED985B8,2
87C2B4F9,3
534F1935,3
4A542874,4
61797BB7,3
78624AF6,3
3723DC31,4
2E38ED70,3
0515BEB3,3
1C0E8FF2,3
9B96933D,1
828DA27C,2
528D7302,3
4B964243,4
60BB1180,3
79A020C1,3
36E1B606,3
2FFA8747,3
04D7D484,3
1DCCE5C5,4
9A54F90A,4
834FC84B,3
50CBCD5B,4
49D0FC1A,3
62FDAFD9,4
7BE69E98,2
34A7085F,3
2DBC391E,3
06916ADD,4
1F8A5B9C,3
98124753,4
81097612,2
5109A76C,3
4812962D,3
633FC5EE,3
7A24F4AF,4
35656268,3
2C7E5329,3
075300EA,3
1E4831AB,3
99D02D64,3
80CB1C25,4
5A55E051,3
434ED110,4
686382D3,2
7178B392,3
3E392555,4
27221414,4
0C0F47D7,2
15147696,3
928C6A59,2
8B975B18,2
5B978A66,4
428CBB27,4
69A1E8E4,3
70BAD9A5,2
3FFB4F62,3
26E07E23,4
0DCD2DE0,3
14D61CA1,3
934E006E,3
8A55312F,4
142ED7D3,3
0D35E692,4
2618B551,3
3F038410,2
704212D7,3
69592396,3
42747055,3
5B6F4114,3
DCF75DDB,3
C5EC6C9A,3
15ECBDE4,3
0CF78CA5,3
3EC1EE27,3
718078E0,3
689B49A1,4
43B61A62,3
5AAD2B23,3
DD3537EC,3
C42E06AD,1
17AA03BD,4
0EB132FC,3
259C613F,4
3C87507E,3
73C6C6B9,3
6ADDF7F8,4
41F0A43B,4
58EB957A,2
DF7389B5,3
C668B8F4,3
1668698A,3
0F7358CB,4
245E0B08,4
3D453A49,3
7204AC8E,3
6B1F9DCF,3
4032CE0C,3
5929FF4D,3
DEB1E382,4
C7AAD2C3,3
13277F0F,3
0A3C4E4E,4
21111D8D,4
380A2CCC,3
774BBA0B,2
6E508B4A,3
457DD889,3
5C66E9C8,1
DBFEF507,3
C2E5C446,3
12E51538,2
0BFE2479,3
20D377BA,3
39C846FB,4
7689D03C,3
6F92E17D,4
44BFB2BE,2
5DA483FF,3
DA3C9F30,4
C327AE71,3
10A3AB61,4
09B89A20,3
2295C9E3,3
3B8EF8A2,3
74CF6E65,4
6DD45F24,3
5FE23DA6,2
D87A2169,3
C1611028,2
1161C156,3
087AF017,4
2357A3D4,4
3A4C9295,3
750D0452,3
6C163513,3
473B66D0,3
5E205791,3
D9B84B5E,4
C0A37A1F,4
1A3D866B,3
0326B72A,2
280BE4E9,3
3110D5A8,4
7E51436F,3
674A722E,2
4C6721ED,3
557C10AC,4
D2E40C63,4
CBFF3D22,2
1BFFEC5C,3
02E4DD1D,2
29C98EDE,3
30D2BF9F,1
7F932958,4
4DA54BDA,3
D3266654,3
EF429E90,3
8AEC31A3,1
93F700E2,4
B8DA5321,4
A1C16260,4
26597EAF,2
3F424FEE,2
F659AFD1,3
6D455583,3
6C873FB4,3
F79BC5E6,3
DCB69625,3
C5ADA764,3
D2F09A3A,2
F9DDC9F9,3
E0C6F8B8,2
AF876E7F,2
B69C5F3E,4
9DB10CFD,4
84AA3DBC,2
03322173,2
1A291032,4
CA29C14C,2
D332F00D,3
756ED767,3
5E4384A4,3
4758B5E5,3
08192322,3
11021263,4
3A2F41A0,2
233470E1,4
A4AC6C2E,2
BDB75D6F,3
6DB78C11,3
74ACBD50,3
C3C1E1BA,4
E8ECB279,3
F1F78338,3
BEB615FF,2
A7AD24BE,2
8C80777D,1
959B463C,4
12035AF3,2
0B186BB2,3
DB18BACC,2
C2038B8D,3
C04535D4,2
EB686617,3
F2735756,1
BD32C191,3
A429F0D0,3
8F04A313,4
961F9252,4
11878E9D,2
089CBFDC,3
D89C6EA2,3
C1875FE3,1
C4C84966,4
EFE51AA5,3
F6FE2BE4,1
B9BFBD23,3
A0A48C62,3
8B89DFA1,2
9292EEE0,4
150AF22F,2
0C11C36E,3
DC111210,2
C50A2351,3
CDD2B002,3
E6FFE3C1,3
FFE4D280,2
B0A54447,3
A9BE7506,2
829326C5,2
9B881784,4
1C100B4B,4
050B3A0A,3
D50BEB74,4
CC10DA35,4
E44B840A,3
AB0A12CD,2
8027410E,2
07BF5DC1,2
1EA46C80,3
D5F932E6,4
FED46125,1
B195F7E2,4
9AB8A421,4
1D20B8EE,3
D43B58D1,3
69C82931,4
42E57AF2,3
5BFE4BB3,3
14BFDD74,2
0DA4EC35,1
2689BFF6,2
3F928EB7,4
B80A9278,4
A111A339,4
71117247,4
680A4306,4
432710C5,3
5A3C2184,3
157DB743,4
0C668602,3
274BD5C1,1
6A4CFD5F,4
4161AE9C,2
587A9FDD,2
173B091A,3
0E20385B,4
250D6B98,4
3C165AD9,2
BB8E4616,2
A2957757,3
BA4C2C21,3
7295A629,4
6B8E9768,3
40A3C4AB,3
59B8F5EA,3
16F9632D,2
0FE2526C,3
24CF01AF,3
6EC181ED,3
45ECD22E,3
5CF7E36F,3
13B675A8,3
0AAD44E9,3
2180172A,4
389B266B,4
BF033AA4,2
A6180BE5,3
7618DA9B,3
6F03EBDA,3
442EB819,3
5D358958,3
12741F9F,3
0B6F2EDE,4
20427D1D,4
46680640,2
5F733701,3
1032A1C6,3
09299087,3
2204C344,4
3B1FF205,4
BC87EECA,4
A59CDF8B,4
759C0EF5,2
47AA6C77,4
5EB15D36,3
11F0CBF1,3
08EBFAB0,2
23C6A973,4
67DB7889,3
4CF62B4A,3
55ED1A0B,3
1AAC8CCC,3
03B7BD8D,3
289AEE4E,4
3181DF0F,2
B619C3C0,3
AF02F281,2
7F0223FF,3
661912BE,4
4D34417D,3
542F703C,3
1B6EE6FB,4
0275D7BA,3
29588479,4
F41F1188,3
DF32424B,3
C629730A,1
8968E5CD,2
9073D48C,3
BB5E874F,4
A245B60E,4
25DDAAC1,2
3CC69B80,2
ECC64AFE,3
F5DD7BBF,3
DEF0287C,3
C7EB193D,3
88AA8FFA,2
91B1BEBB,4
BA9CED78,3
F316B954,3
D83BEA97,3
C120DBD6,3
8E614D11,3
977A7C50,2
BC572F93,2
A54C1ED2,4
22D4021D,4
3BCF335C,2
EBCFE222,3
F2D4D363,3
D9F980A0,4
C0E2B1E1,3
8FA32726,2
96B81667,4
BD9545A4,4
F0926D3A,4
DBBF3EF9,3
C2A40FB8,3
8DE5997F,2
94FEA83E,2
BFD3FBFD,4
A6C8CABC,2
2150D673,3
384BE732,4
E84B364C,3
F150070D,3
DA7D54CE,4
C366658F,3
8C27F348,4
953CC209,4
4CA376ED,3
678E252E,3
7E95146F,2
31D482A8,3
28CFB3E9,4
03E2E02A,4
1AF9D16B,4
9D61CDA4,3
847AFCE5,3
547A2D9B,3
4D611CDA,3
664C4F19,3
7F577E58,3
3016E89F,3
290DD9DE,3
02208A1D,3
1B3BBB5C,3
9CA3A793,2
85B896D2,3
563C93C2,3
4F27A283,3
640AF140,2
7D11C001,1
325056C6,3
2B4B6787,3
00663444,3
197D0505,3
9EE519CA,2
87FE288B,3
57FEF9F5,3
65C89B77,4
7CD3AA36,4
33923CF1,3
2A890DB0,4
01A45E73,4
18BF6F32,4
9F2773FD,2
863C42BC,3
52B1EF70,2
4BAADE31,3
60878DF2,3
799CBCB3,2
36DD2A74,4
2FC61B35,4
04EB48F6,4
1DF079B7,3
9A686578,4
83735439,3
53738547,3
4A68B406,1
6145E7C5,3
785ED684,4
371F4043,4
2E047102,2
052922C1,4
1C321380,3
9BAA0F4F,3
82B13E0E,3
51353B1E,4
482E0A5F,4
6303599C,2
7A1868DD,3
3559FE1A,2
2C42CF5B,4
076F9C98,2
1E74ADD9,3
99ECB116,4
80F78057,3
50F75129,4
49EC6068,3
62C133AB,3
7BDA02EA,4
349B942D,3
2D80A56C,3
06ADF6AF,2
1FB6C7EE,3
982EDB21,3
8135EA60,4
5BAB1614,3
42B02755,3
699D7496,3
708645D7,3
3FC7D310,3
26DCE251,2
0DF1B192,3
14EA80D3,4
93729C1C,4
8A69AD5D,3
5A697C23,3
43724D62,3
685F1EA1,3
71442FE0,3
3E05B927,3
271E8866,4
0C33DBA5,4
1528EAE4,4
92B0F62B,4
8BABC76A,2
470DE842,4
5E16D903,4
753B8AC0,4
6C20BB81,4
23612D46,3
3A7A1C07,4
11574FC4,4
084C7E85,1
8FD4624A,3
96CF530B,4
46CF8275,3
5FD4B334,2
74F9E0F7,4
6DE2D1B6,3
22A34771,3
3BB87630,3
109525F3,4
098E14B2,3
8E16087D,3
970D393C,2
44893C2C,4
5D920D6D,3
76BF5EAE,3
6FA46FEF,3
20E5F928,3
39FEC869,3
0BC8AAEB,2
8C50B624,3
954B8765,2
454B561B,1
5C50675A,4
777D3499,4
6E6605D8,4
2127931F,4
383CA25E,3
1311F19D,3
0A0AC0DC,3
8D92DC13,3
9489ED52,4
4004409E,3
591F71DF,3
7232221C,3
6B29135D,3
2468859A,3
3D73B4DB,4
165EE718,4
0F45D659,3
88DDCA96,3
91C6FBD7,4
41C62AA9,3
58DD1BE8,4
73F0482B,3
6AEB796A,3
25AAEFAD,2
3CB1DEEC,3
179C8D2F,3
0E87BC6E,4
891FA0A1,3
900491E0,4
438094F0,4
5A9BA5B1,3
71B6F672,4
68ADC733,3
27EC51F4,3
3EF760B5,4
15DA3376,3
0CC10237,2
8B591EF8,3
92422FB9,3
4242FEC7,3
5B59CF86,2
70749C45,3
696FAD04,3
262E3BC3,3
3F350A82,3
14185941,3
0D036800,3
8A9B74CF,4
9380458E,3
491EB9FA,3
500588BB,4
7B28DB78,3
6233EA39,4
2D727CFE,3
34694DBF,3
1F441E7C,2
065F2F3D,3
81C733F2,4
98DC02B3,2
48DCD3CD,2
51C7E28C,4
7AEAB14F,3
63F1800E,3
2CB016C9,3
35AB2788,3
1E86744B,2
079D450A,3
800559C5,3
991E6884,3
FFB18F27,3
E6AABE66,3
CD87EDA5,4
D49CDCE4,3
9BDD4A23,3
82C67B62,4
A9EB28A1,2
B0F019E0,3
3768052F,4
2E73346E,4
FE73E510,3
E768D451,3
CC458792,4
D55EB6D3,3
9A1F2014,3
83041155,3
A8294296,2
B13273D7,3
36AA6F18,2
2FB15E59,2
FC355B49,2
E52E6A08,3
CE0339CB,3
D718088A,3
98599E4D,2
8142AF0C,4
AA6FFCCF,2
B374CD8E,3
34ECD141,3
2DF7E000,3
FDF7317E,3
E4EC003F,2
CFC153FC,2
D6DA62BD,3
999BF47A,4
8080C53B,3
ABAD96F8,4
B2B6A7B9,3
352EBB76,3
2C358A37,3
F8B827FB,2
E1A316BA,2
CA8E4579,3
D3957438,3
9CD4E2FF,3
85CFD3BE,3
AEE2807D,4
B7F9B13C,4
3061ADF3,3
297A9CB2,3
F97A4DCC,3
E0617C8D,4
CB4C2F4E,4
D2571E0F,3
9D1688C8,2
840DB989,3
AF20EA4A,3
B63BDB0B,4
31A3C7C4,3
28B8F685,3
FB3CF395,4
E227C2D4,3
C90A9117,3
D011A056,3
9F503691,1
864B07D0,3
AD665413,4
B47D6552,2
33E5799D,4
2AFE48DC,3
FAFE99A2,3
E3E5A8E3,3
C8C8FB20,4
D1D3CA61,3
9E925CA6,3
87896DE7,2
ACA43E24,3
B5BF0F65,3
322713AA,3
2B3C22EB,3
F1A2DE9F,3
E8B9EFDE,3
C394BC1D,4
DA8F8D5C,3
95CE1B9B,2
8CD52ADA,4
A7F87919,4
BEE34858,2
397B5497,3
206065D6,2
F060B4A8,4
E97B85E9,3
C256D62A,3
DB4DE76B,3
940C71AC,2
8D1740ED,2
A63A132E,3
BF21226F,3
38B93EA0,3
21A20FE1,3
A7D29F71,2
BEC9AE30,4
95E4FDF3,2
8CFFCCB2,3
C3BE5A75,3
DAA56B34,3
F18838F7,3
E89309B6,2
6F0B1579,3
76102438,2
A610F546,3
BF0BC407,4
942697C4,3
8D3DA685,3
C27C3042,3
DB670103,3
F04A52C0,2
E9516381,3
6EC97F4E,4
77D24E0F,2
A4564B1F,3
BD4D7A5E,3
9660299D,3
8F7B18DC,3
C03A8E1B,3
D921BF5A,3
F20CEC99,2
EB17DDD8,3
6C8FC117,3
7594F056,3
A5942128,4
BC8F1069,1
97A243AA,4
8EB972EB,2
C1F8E42C,3
D8E3D56D,3
F3CE86AE,3
EAD5B7EF,3
6D4DAB20,3
74569A61,4
A0DB37AD,3
B9C006EC,3
92ED552F,4
8BF6646E,3
C4B7F2A9,4
DDACC3E8,3
F681902B,3
EF9AA16A,4
6802BDA5,3
71198CE4,3
A1195D9A,3
B8026CDB,3
932F3F18,3
8A340E59,4
C575989E,2
F743FA1C,4
EE58CB5D,2
69C0D792,2
70DBE6D3,3
A35FE3C3,3
BA44D282,2
91698141,3
8872B000,2
C73326C7,3
DE281786,3
F5054445,3
EC1E7504,2
6B8669CB,3
729D588A,3
A29D89F4,3
BB86B8B5,4
90ABEB76,4
89B0DA37,3
C6F14CF0,3
DFEA7DB1,3
F4C72E72,2
EDDC1F33,2
6A4403FC,4
735F32BD,4
A9C1CEC9,4
B0DAFF88,3
9BF7AC4B,3
82EC9D0A,3
CDAD0BCD,4
D4B63A8C,2
FF9B694F,3
E680580E,4
611844C1,2
78037580,2
A803A4FE,3
B11895BF,2
9A35C67C,3
832EF73D,3
CC6F61FA,4
D57450BB,3
FE590378,4
E7423239,2
60DA2EF6,2
79C11FB7,3
1F6EF814,4
0675C955,4
2D589A96,3
3443ABD7,3
7B023D10,3
62190C51,4
49345F92,2
502F6ED3,4
D7B7721C,2
CEAC435D,3
1EAC9223,3
07B7A362,3
2C9AF0A1,4
3581C1E0,3
7AC05727,4
63DB6666,3
48F635A5,3
51ED04E4,4
D675182B,1
CF6E296A,3
1CEA2C7A,2
05F11D3B,4
2EDC4EF8,3
37C77FB9,4
7886E97E,3
619DD83F,3
4AB08BFC,4
53ABBABD,2
D433A672,4
CD289733,3
19A53AFF,3
0985CCE4,4
3BB3AE66,3
E525B25E,3
2C3E5261,3
AF2B321C,2
B630035D,2
9D1D509E,3
840661DF,2
E06AA4DB,3
CB47F718,3
D25CC659,3
31A81F92,3
28B32ED3,3
F8B3FFAD,3
E3EE70B5,3
C8C32376,3
D1D81237,3
9E9984F0,1
8782B5B1,3
ACAFE672,4
B5B4D733,4
322CCBFC,2
2B37FABD,4
FB372BC3,3
E22C1A82,4
C9014941,2
D01A7800,4
9F5BEEC7,4
8640DF86,1
AD6D8C45,3
E7630C07,4
CC4E5FC4,3
D5556E85,2
9A14F842,3
830FC903,3
A8229AC0,2
B139AB81,4
36A1B74E,4
2FBA860F,4
FFBA5771,4
E6A16630,1
CD8C35F3,4
D49704B2,3
9BD69275,3
82CDA334,2
A9E0F0F7,4
E4E7D869,3
CFCA8BAA,3
D6D1BAEB,3
99902C2C,2
808B1D6D,2
ABA64EAE,4
35256320,4
FC3E831F,4
CE08E19D,3
D713D0DC,3
9852461B,4
8149775A,3
AA642499,4
EE79F563,3
C554A6A0,3
DC4F97E1,3
930E0126,2
8A153067,1
A13863A4,2
B82352E5,4
3FBB4E2A,4
26A07F6B,2
F6A0AE15,3
EFBB9F54,3
C496CC97,2
DD8DFDD6,3
92CC6B11,3
8BD75A50,4
A0FA0993,1
58D6C3BE,4
73FB907D,3
6AE0A13C,1
25A137FB,2
3CBA06BA,3
17975579,4
0E8C6438,4
891478F7,2
900F49B6,3
400F98C8,2
5914A989,3
7239FA4A,4
6B22CB0B,3
24635DCC,4
3D786C8D,2
16553F4E,3
5B5217D0,3
707F4413,3
69647552,3
2625E395,3
3F3ED2D4,2
14138117,4
0D08B056,4
8A90AC99,4
938B9DD8,2
438B4CA6,3
5A907DE7,3
71BD2E24,4
68A61F65,3
27E789A2,3
3EFCB8E3,2
15D1EB20,3
5FDF6B62,2
74F238A1,3
6DE909E0,2
22A89F27,1
109EFDA5,4
8E1DD02B,2
9706E16A,2
47063014,3
5E1D0155,3
75305296,2
6C2B63D7,2
236AF510,3
3A71C451,4
115C9792,4
5C5BBF0C,3
7776ECCF,3
6E6DDD8E,2
212C4B49,3
38377A08,3
131A29CB,4
0A01188A,2
8D990445,4
94823504,4
4482E47A,3
5D99D53B,4
76B486F8,3
6FAFB7B9,2
20EE217E,4
39F5103F,3
12D843FC,3
56C59206,3
7DE8C1C5,3
64F3F084,2
2BB26643,1
32A95702,3
198404C1,4
009F3580,2
8707294F,2
9E1C180E,2
4E1CC970,3
5707F831,3
7C2AABF2,3
65319AB3,2
2A700C74,3
336B3D35,2
18466EF6,3
4A636C50,3
614E3F93,3
78550ED2,3
37149815,3
2E0FA954,3
0522FA97,4
1C39CBD6,4
9BA1D719,4
82BAE658,2
52BA3726,3
4BA10667,3
608C55A4,4
799764E5,1
36D6F222,4
2FCDC363,3
04E090A0,2
49E7B83E,3
62CAEBFD,3
7BD1DABC,3
34904C7B,3
2D8B7D3A,3
06A62EF9,4
1FBD1FB8,2
98250377,2
813E3236,2
513EE348,3
4825D209,3
630881CA,3
7A13B08B,2
3552264C,2
2C49170D,4
076444CE,3
4D6AC48C,3
6647974F,3
7F5CA60E,3
301D30C9,1
29060188,2
022B524B,4
1B30630A,2
9CA87FC5,2
85B34E84,2
55B39FFA,3
4CA8AEBB,3
6785FD78,2
7E9ECC39,3
31DF5AFE,3
28C46BBF,4
03E9387C,4
4EEE10E2,4
65C34321,3
7CD87260,3
3399E4A7,1
2A82D5E6,3
01AF8625,4
18B4B764,4
9F2CABAB,4
86379AEA,2
56374B94,3
4F2C7AD5,3
64012916,3
7D1A1857,3
325B8E90,3
2B40BFD1,4
006DEC12,3
44703DE8,4
6F5D6E2B,2
76465F6A,2
3907C9AD,3
201CF8EC,3
0B31AB2F,4
122A9A6E,4
95B286A1,2
8CA9B7E0,2
5CA9669E,3
45B257DF,3
6E9F041C,4
7784355D,3
38C5A39A,4
21DE92DB,4
0AF3C118,3
F2DF0B35,4
D9F258F6,3
C0E969B7,3
8FA8FF70,3
96B3CE31,2
BD9E9DF2,4
A485ACB3,4
231DB07C,4
3A06813D,4
EA065043,3
F31D6102,3
D83032C1,3
C12B0380,3
8E6A9547,3
9771A406,4
BC5CF7C5,4
F15BDF5B,3
DA768C98,3
C36DBDD9,4
8C2C2B1E,3
95371A5F,3
BE1A499C,4
A70178DD,2
20996412,2
39825553,3
E982842D,4
DBB4E6AF,4
BFD823AB,4
215B0E25,3
38403F64,3
ECCD92A8,2
F6527787,3
DD7F2444,3
C4641505,3
8B2583C2,4
923EB283,4
B913E140,3
A008D001,3
3E8BFD8F,3
EE8B2CF1,2
F7901DB0,3
6F08338C,3
4425604F,3
5D3E510E,3
127FC7C9,3
0B64F688,3
2049A54B,2
3952940A,4
BECA88C5,4
A7D1B984,4
77D168FA,3
6ECA59BB,3
6C8CE7E2,3
47A1B421,3
5EBA8560,3
11FB13A7,3
08E022E6,3
23CD7125,4
3AD64064,4
BD4E5CAB,4
A4556DEA,4
7455BC94,3
6D4E8DD5,3
C501FB07,3
EE2CA8C4,4
F7379985,2
B8760F42,3
A16D3E03,4
8A406DC0,4
935B5C81,4
14C3404E,4
0DD8710F,3
DDD8A071,3
C4C39130,3
EFEEC2F3,4
F6F5F3B2,4
B9B46575,3
A0AF5434,3
8B8207F7,4
929936B6,3
C6852F69,3
EDA87CAA,3
F4B34DEB,4
BBF2DB2C,4
A2E9EA6D,3
89C4B9AE,3
90DF88EF,3
17479420,3
0E5CA561,4
DE5C741F,4
C747455E,3
EC6A169D,4
F57127DC,4
BA30B11B,2
A32B805A,4
8806D399,3
911DE2D8,2
1685FE17,3
0F9ECF56,4
DB13629A,3
C20853DB,3
E9250018,2
F03E3159,3
BF7FA79E,3
A66496DF,4
8D49C51C,3
9452F45D,3
13CAE892,3
0AD1D9D3,4
DAD108AD,3
C3CA39EC,4
E8E76A2F,3
F1FC5B6E,4
BEBDCDA9,4
A7A6FCE8,2
8C8BAF2B,3
95909E6A,4
120882A5,2
0B13B3E4,4
D897B6F4,3
C18C87B5,3
EAA1D476,4
F3BAE537,3
BCFB73F0,3
A5E042B1,3
8ECD1172,3
97D62033,4
104E3CFC,3
09550DBD,3
D955DCC3,3
C04EED82,3
EB63BE41,4
F2788F00,3
BD3919C7,3
A4222886,3
8F0F7B45,1
96144A04,3
118C56CB,3
0897678A,2
D2099BFE,3
CB12AABF,4
E03FF97C,3
F924C83D,3
B6655EFA,3
AF7E6FBB,3
84533C78,3
9D480D39,3
1AD011F6,3
03CB20B7,3
D3CBF1C9,3
CAD0C088,3
E1FD934B,1
F8E6A20A,3
B7A734CD,4
AEBC058C,4
8591564F,4
9C8A670E,3
1B127BC1,3
02094A80,3
64A6AD23,2
7DBD9C62,3
5690CFA1,3
4F8BFEE0,3
00CA6827,3
19D15966,3
32FC0AA5,3
2BE73BE4,4
AC7F272B,4
B564166A,3
6564C714,3
7C7FF655,3
5752A596,4
4E4994D7,4
01080210,3
18133351,4
333E6092,4
2A2551D3,3
ADBD4D1C,3
B4A67C5D,4
6722794D,3
7E39480C,4
55141BCF,3
4C0F2A8E,4
034EBC49,3
1A558D08,3
3178DECB,3
2863EF8A,2
AFFBF345,3
B6E0C204,3
66E0137A,2
7FFB223B,4
54D671F8,3
4DCD40B9,3
028CD67E,3
1B97E73F,3
30BAB4FC,3
29A185BD,3
AE399972,4
B722A833,3
63AF05FF,3
7AB434BE,2
5199677D,3
4882563C,3
07C3C0FB,4
1ED8F1BA,3
35F5A279,3
2CEE9338,3
AB768FF7,3
B26DBEB6,3
626D6FC8,3
7B765E89,4
505B0D4A,3
49403C0B,4
0601AACC,4
1F1A9B8D,3
3437C84E,2
2D2CF90F,3
AAB4E5C0,4
B3AFD481,3
602BD191,4
7930E0D0,4
521DB313,4
4B068252,3
04471495,3
1D5C25D4,3
36717617,2
2F6A4756,4
A8F25B99,4
B1E96AD8,3
61E9BBA6,3
78F28AE7,2
53DFD924,4
4AC4E865,2
05857EA2,3
1C9E4FE3,3
37B31C20,3
2EA82D61,3
A93031AE,2
B02B00EF,3
6AB5FC9B,4
73AECDDA,2
58839E19,4
4198AF58,3
0ED9399F,3
17C208DE,4
3CEF5B1D,3
25F46A5C,3
A26C7693,4
BB7747D2,2
6B7796AC,3
726CA7ED,3
5941F42E,4
405AC56F,4
0F1B53A8,3
160062E9,3
3D2D312A,4
2436006B,3
A3AE1CA4,3
BAB52DE5,4
3CC5BD75,3
25DE8C34,2
0EF3DFF7,3
17E8EEB6,3
58A97871,4
41B24930,2
6A9F1AF3,2
73842BB2,2
F41C377D,4
ED07063C,2
3D07D742,2
241CE603,4
0F31B5C0,3
162A8481,3
596B1246,4
40702307,2
6B5D70C4,3
72464185,3
F5DE5D4A,4
ECC56C0B,3
3F41691B,4
265A585A,2
0D770B99,4
146C3AD8,4
5B2DAC1F,3
42369D5E,3
691BCE9D,4
7000FFDC,3
F798E313,2
EE83D252,3
3E83032C,3
2798326D,4
0CB561AE,3
15AE50EF,4
5AEFC628,4
43F4F769,4
68D9A4AA,3
71C295EB,4
F65A8924,3
EF41B865,4
3BCC15A9,3
22D724E8,3
09FA772B,2
10E1466A,2
5FA0D0AD,4
46BBE1EC,4
6D96B22F,4
748D836E,3
F3159FA1,3
EA0EAEE0,4
3A0E7F9E,3
23154EDF,2
08381D1C,3
11232C5D,3
5E62BA9A,4
47798BDB,4
6C54D818,4
754FE959,4
F2D7F596,3
EBCCC4D7,4
3848C1C7,3
2153F086,3
0A7EA345,4
13659204,4
5C2404C3,2
453F3582,3
6E126641,4
77095700,4
F0914BCF,3
E98A7A8E,4
398AABF0,3
20919AB1,3
0BBCC972,3
12A7F833,3
5DE66EF4,4
44FD5FB5,3
6FD00C76,4
76CB3D37,3
F15321F8,4
E84810B9,3
32D6ECCD,3
2BCDDD8C,3
00E08E4F,4
19FBBF0E,3
56BA29C9,3
4FA11888,2
648C4B4B,4
7D977A0A,3
FA0F66C5,2
E3145784,3
331486FA,2
2A0FB7BB,4
0122E478,3
1839D539,3
577843FE,2
4E6372BF,2
654E217C,2
7C55103D,4
FBCD0CF2,3
E2D63DB3,3
8479DA10,2
9D62EB51,3
B64FB892,3
AF5489D3,3
E0151F14,3
F90E2E55,3
D2237D96,4
CB384CD7,4
4CA05018,3
55BB6159,4
85BBB027,1
9CA08166,3
B78DD2A5,4
AE96E3E4,3
E1D77523,4
F8CC4462,3
D3E117A1,4
CAFA26E0,3
4D623A2F,4
54790B6E,3
87FD0E7E,3
9EE63F3F,2
B5CB6CFC,4
ACD05DBD,3
E391CB7A,3
82B218FB,4
8FDDD912,3
C5D35950,3
9389FED6,2
53302DB7,1
8E6A1A0A,3
55E64D10,3
D5F8771D,3
626DE085,3
4940B346,2
505B8207,3
1F1A14C0,3
06012581,4
2D2C7642,4
34374703,4
B3AF5BCC,2
AAB46A8D,4
7AB4BBF3,3
63AF8AB2,3
4882D971,4
5199E830,3
1ED87EF7,3
07C34FB6,3
2CEE1C75,2
35F52D34,3
61E934EB,3
4AC46728,3
53DF5669,3
1C9EC0AE,3
0585F1EF,2
2EA8A22C,2
37B3936D,4
B02B8FA2,2
A930BEE3,4
79306F9D,3
602B5EDC,3
4B060D1F,3
521D3C5E,3
1D5CAA99,2
04479BD8,4
2F6AC81B,3
3671F95A,4
B1E9E595,3
65644859,3
4E491B9A,3
57522ADB,2
1813BC1C,3
01088D5D,3
2A25DE9E,2
333EEFDF,2
B4A6F310,4
ADBDC251,3
64A6226E,3
4F8B71AD,3
569040EC,3
19D1D62B,2
00CAE76A,3
2BE7B4A9,2
66E09C37,3
4DCDCFF4,3
54D6FEB5,3
1B976872,3
028C5933,2
29A10AF0,4
30BA3BB1,2
B722277E,2
AE39163F,4
7E39C741,4
6722F600,3
4C0FA5C3,3
55149482,3
1A550245,4
034E3304,2
286360C7,3
6C7EB13D,3
4753E2FE,3
5E48D3BF,3
11094578,3
08127439,4
233F27FA,4
3A2416BB,4
BDBC0A74,2
A4A73B35,3
74A7EA4B,3
6DBCDB0A,3
469188C9,3
5F8AB988,3
10CB2F4F,3
09D01E0E,4
22FD4DCD,3
DAD187E0,3
F1FCD423,3
E8E7E562,3
A7A673A5,3
BEBD42E4,3
95901127,2
8C8B2066,4
0B133CA9,4
12080DE8,3
C208DC96,3
DB13EDD7,3
F03EBE14,3
E9258F55,3
A6641992,4
BF7F28D3,4
94527B10,3
D955538E,3
F278004D,3
EB63310C,3
A422A7CB,3
BD39968A,4
9614C549,4
8F0FF408,4
0897E8C7,3
118CD986,4
C18C08F8,3
D89739B9,3
F3BA6A7A,3
EAA15B3B,2
A5E0CDFC,3
BCFBFCBD,4
97D6AF7E,4
DDD82F3C,3
F6F57CFF,3
EFEE4DBE,3
A0AFDB79,3
B9B4EA38,3
9299B9FB,4
8B8288BA,2
0C1A9475,4
1501A534,2
C501744A,3
DC1A450B,3
F73716C8,3
EE2C2789,2
A16DB14E,3
B876800F,3
935BD3CC,3
DE5CFB52,3
F571A891,3
EC6A99D0,3
A32B0F17,3
BA303E56,3
911D6D95,4
88065CD4,4
0F9E401B,2
C685A024,3
DF9E9165,3
F4B3C2A6,4
EDA8F3E7,3
A2E96520,3
BBF25461,4
90DF07A2,3
C864280E,3
E3497BCD,3
FA524A8C,3
B513DC4B,3
AC08ED0A,3
8725BEC9,4
9E3E8F88,2
19A69347,2
00BDA206,4
D0BD7378,3
C9A64239,4
E28B11FA,3
FB9020BB,3
B4D1B67C,4
ADCA873D,4
86E7D4FE,3
CBE0FC60,3
E0CDAFA3,3
F9D69EE2,3
B6970825,3
AF8C3964,3
84A16AA7,2
9DBA5BE6,4
1A224729,4
03397668,4
D339A716,3
CA229657,3
E10FC594,3
F814F4D5,3
B7556212,3
AE4E5353,3
85630090,2
CF6D80D2,3
E440D311,3
FD5BE250,3
B21A7497,3
AB0145D6,3
802C1615,4
99372754,4
1EAF3B9B,4
07B40ADA,2
D7B4DBA4,3
CEAFEAE5,3
E582B926,3
FC998867,3
B3D81EA0,4
AAC32FE1,3
81EE7C22,3
C67779B6,3
ED5A2A75,3
F4411B34,3
BB008DF3,3
A21BBCB2,3
8936EF71,2
902DDE30,4
17B5C2FF,4
0EAEF3BE,2
DEAE22C0,3
C7B51381,3
EC984042,3
F5837103,3
BAC2E7C4,4
A3D9D685,3
88F48546,3
70D84F6B,3
5BF51CA8,3
42EE2DE9,3
0DAFBB2E,3
14B48A6F,3
3F99D9AC,2
2682E8ED,2
A11AF422,2
B801C563,4
6801141D,3
711A255C,3
5A37769F,2
432C47DE,3
0C6DD119,4
1576E058,3
3E5BB39B,4
735C9B05,3
5871C8C6,3
416AF987,3
0E2B6F40,2
17305E01,4
3C1D0DC2,2
25063C83,3
A29E204C,3
BB85110D,4
6B85C073,4
729EF132,4
59B3A2F1,3
40A893B0,2
0FE90577,3
16F23436,2
3DDF67F5,3
77D1E7B7,4
5CFCB474,3
45E78535,3
0AA613F2,3
13BD22B3,3
38907170,4
218B4031,2
A6135CFE,2
BF086DBF,4
6F08BCC1,3
76138D80,3
745533D9,3
5F78601A,3
4663515B,3
0922C79C,3
1039F6DD,3
3B14A51E,2
220F945F,4
A5978890,4
BC8CB9D1,2
6C8C68AF,3
759759EE,3
7ECB1ED3,4
4CFD7C51,3
03BCEA96,3
1AA7DBD7,3
318A8814,4
2891B955,2
AF09A59A,4
B61294DB,4
661245A5,3
7F0974E4,3
ED0F77D2,3
C6222411,4
DF391550,3
90788397,3
8963B2D6,3
A24EE115,4
BB55D054,2
3CCDCC9B,2
25D6FDDA,3
F5D62CA4,3
ECCD1DE5,3
C7E04E26,4
DEFB7F67,3
91BAE9A0,2
88A1D8E1,2
A38C8B22,4
EE8BA3BC,3
C5A6F07F,3
DCBDC13E,3
93FC57F9,3
8AE766B8,3
A1CA357B,4
B8D1043A,4
3F4918F5,3
265229B4,4
F652F8CA,4
EF49C98B,4
C4649A48,3
DD7FAB09,3
923E3DCE,4
8B250C8F,3
A0085F4C,3
EA06DF0E,4
C12B8CCD,2
D830BD8C,3
97712B4B,3
A54749C9,3
5F0DC935,3
74209AF6,4
6D3BABB7,3
227A3D70,3
3B610C31,3
104C5FF2,3
09576EB3,1
8ECF727C,3
97D4433D,2
47D49243,3
5ECFA302,3
75E2F0C1,3
6CF9C180,3
23B85747,3
3AA36606,2
118E35C5,3
08950484,2
8F0D184B,3
9616290A,3
45922C1A,3
5C891D5B,3
77A44E98,4
6EBF7FD9,3
21FEE91E,3
38E5D85F,3
13C88B9C,3
0AD3BADD,3
8D4BA612,4
94509753,4
4450462D,4
5D4B776C,3
766624AF,4
6F7D15EE,4
203C8329,3
3927B268,3
120AE1AB,3
0B11D0EA,4
8C89CC25,4
9592FD64,3
411F50A8,3
580461E9,2
7329322A,4
6A32036B,3
257395AC,3
3C68A4ED,3
1745F72E,4
0E5EC66F,3
89C6DAA0,3
90DDEBE1,4
40DD3A9F,2
59C60BDE,3
72EB581D,3
6BF0695C,4
24B1FF9B,4
3DAACEDA,3
16879D19,3
0F9CAC58,3
8804B097,3
911F81D6,4
429B84C6,4
5B80B587,3
70ADE644,3
69B6D705,2
26F741C2,3
3FEC7083,3
14C12340,2
0DDA1201,3
8A420ECE,3
93593F8F,3
4359EEF1,2
5A42DFB0,3
716F8C73,4
6874BD32,4
27352BF5,3
3E2E1AB4,3
15034977,3
0C187836,3
8B8064F9,3
929B55B8,3
4805A9CC,3
511E988D,3
7A33CB4E,3
6328FA0F,2
2C696CC8,3
35725D89,3
1E5F0E4A,3
07443F0B,3
80DC23C4,2
99C71285,4
49C7C3FB,3
50DCF2BA,3
7BF1A179,2
62EA9038,3
2DAB06FF,4
34B037BE,3
1F9D647D,2
0686553C,3
811E49F3,3
980578B2,2
FEAA9F11,3
E7B1AE50,3
CC9CFD93,3
D587CCD2,3
9AC65A15,3
83DD6B54,3
A8F03897,4
B1EB09D6,2
36731519,4
2F682458,3
FF68F526,3
E673C467,3
CD5E97A4,4
D445A6E5,3
9B043022,4
821F0163,4
A93252A0,3
B02963E1,4
37B17F2E,3
2EAA4E6F,3
FD2E4B7F,3
E4357A3E,3
CF1829FD,3
D60318BC,2
99428E7B,2
8059BF3A,3
AB74ECF9,3
B26FDDB8,3
35F7C177,3
2CECF036,4
FCEC2148,3
E5F71009,3
CEDA43CA,3
D7C1728B,4
9880E44C,3
819BD50D,4
AAB686CE,3
B3ADB78F,3
3435AB40,3
2D2E9A01,4
F9A337CD,3
E0B8068C,3
CB95554F,4
D28E640E,3
9DCFF2C9,4
84D4C388,4
AFF9904B,3
B6E2A10A,4
317ABDC5,3
28618C84,3
F8615DFA,3
E17A6CBB,3
CA573F78,3
D34C0E39,4
9C0D98FE,3
8516A9BF,4
AE3BFA7C,4
B720CB3D,3
30B8D7F2,3
29A3E6B3,3
FA27E3A3,2
E33CD2E2,3
C8118121,4
D10AB060,3
9E4B26A7,3
875017E6,3
AC7D4425,3
B5667564,4
32FE69AB,3
2BE558EA,3
FBE58994,3
E2FEB8D5,4
C9D3EB16,4
D0C8DA57,3
9F894C90,2
86927DD1,3
ADBF2E12,3
B4A41F53,4
333C039C,2
2A2732DD,4
F0B9CEA9,3
E9A2FFE8,3
C28FAC2B,2
DB949D6A,3
94D50BAD,3
8DCE3AEC,4
A6E3692F,4
BFF8586E,4
386044A1,3
217B75E0,4
F17BA49E,2
E86095DF,3
C34DC61C,3
DA56F75D,4
9517619A,4
8C0C50DB,3
A7210318,3
BE3A3259,3
39A22E96,4
20B91FD7,2
EC1F30FF,3
F50401BE,3
DE29527D,3
C732633C,3
8873F5FB,3
9168C4BA,3
BA459779,4
A35EA638,3
24C6BAF7,4
3DDD8BB6,3
EDDD5AC8,3
F4C66B89,3
DFEB384A,4
C6F0090B,4
89B19FCC,2
90AAAE8D,3
BB87FD4E,3
A29CCC0F,2
2504D0C0,3
3C1FE181,3
EF9BE491,3
F680D5D0,3
DDAD8613,3
C4B6B752,3
8BF72195,4
92EC10D4,2
B9C14317,3
A0DA7256,2
27426E99,3
3E595FD8,3
EE598EA6,4
F742BFE7,2
DC6FEC24,4
C574DD65,2
8A354BA2,3
932E7AE3,3
B8032920,3
A1181861,3
268004AE,3
3F9B35EF,3
EB169823,2
F20DA962,3
D920FAA1,3
C03BCBE0,3
8F7A5D27,2
96616C66,3
BD4C3FA5,4
A4570EE4,3
23CF122B,3
3AD4236A,3
EAD4F214,2
F3CFC355,3
D8E29096,3
C1F9A1D7,3
8EB83710,3
97A30651,3
BC8E5592,3
A59564D3,2
220D781C,2
3B16495D,3
E8924C4D,4
F1897D0C,3
DAA42ECF,3
C3BF1F8E,4
8CFE8949,3
95E5B808,3
BEC8EBCB,3
A7D3DA8A,3
204BC645,2
3950F704,2
E950267A,2
F04B173B,3
DB6644F8,3
C27D75B9,4
8D3CE37E,4
9427D23F,4
BF0A81FC,4
A611B0BD,3
2189AC72,3
38929D33,3
E20C6147,3
FB175006,2
D03A03C5,3
C9213284,3
8660A443,4
9F7B9502,2
B456C6C1,3
AD4DF780,3
2AD5EB4F,3
33CEDA0E,4
E3CE0B70,3
FAD53A31,3
D1F869F2,2
C8E358B3,3
87A2CE74,3
9EB9FF35,4
B594ACF6,3
AC8F9DB7,4
2B178178,3
320CB039,3
54A3579A,4
4DB866DB,3
66953518,2
7F8E0459,3
30CF929E,4
29D4A3DF,3
02F9F01C,3
1BE2C15D,2
9C7ADD92,3
8561ECD3,3
55613DAD,3
4C7A0CEC,2
67575F2F,3
7E4C6E6E,4
310DF8A9,2
2816C9E8,3
033B9A2B,3
1A20AB6A,4
9DB8B7A5,3
84A386E4,4
572783F4,3
4E3CB2B5,4
6511E176,3
7C0AD037,3
334B46F0,4
2A5077B1,4
017D2472,4
18661533,3
9FFE09FC,3
86E538BD,3
56E5E9C3,3
4FFED882,3
64D38B41,3
7DC8BA00,4
32892CC7,3
2B921D86,4
00BF4E45,3
19A47F04,2
9E3C63CB,3
8727528A,3
53AAFF46,3
4AB1CE07,4
619C9DC4,4
7887AC85,2
37C63A42,3
2EDD0B03,3
05F058C0,3
1CEB6981,3
9B73754E,1
8268440F,4
52689571,3
4B73A430,3
605EF7F3,3
7945C6B2,2
36045075,2
2F1F6134,3
043232F7,3
1D2903B6,3
9AB11F79,3
83AA2E38,3
502E2B28,2
49351A69,4
621849AA,3
7B0378EB,2
3442EE2C,2
2D59DF6D,4
06748CAE,4
1F6FBDEF,3
98F7A120,3
81EC9061,4
51EC411F,3
48F7705E,3
63DA239D,3
7AC112DC,3
3580841B,4
2C9BB55A,4
07B6E699,3
1EADD7D8,3
9935CB17,4
802EFA56,4
5AB00622,3
43AB3763,3
688664A0,3
719D55E1,3
3EDCC326,3
27C7F267,4
0CEAA1A4,3
15F190E5,2
92698C2A,3
8B72BD6B,3
5B726C15,1
42695D54,3
69440E97,3
705F3FD6,2
3F1EA911,3
26059850,2
0D28CB93,4
1433FAD2,3
93ABE61D,3
8AB0D75C,3
C9746F23,4
D06F5E62,3
FB420DA1,3
E2593CE0,3
AD18AA27,3
B4039B66,2
9F2EC8A5,3
8635F9E4,3
01ADE52B,3
18B6D46A,4
C8B60514,3
D1AD3455,3
FA806796,2
E39B56D7,3
ACDAC010,4
B5C1F151,4
9EECA292,3
87F793D3,4
006F8F1C,2
1974BE5D,2
CAF0BB4D,4
D3EB8A0C,4
F8C6D9CF,3
E1DDE88E,3
AE9C7E49,3
B7874F08,3
9CAA1CCB,3
85B12D8A,3
02293145,3
1B320004,4
CB32D17A,3
D229E03B,3
F904B3F8,3
E01F82B9,3
AF5E147E,4
B645253F,4
9D6876FC,3
847347BD,3
03EB5B72,4
1AF06A33,3
CE7DC7FF,1
D766F6BE,3
FC4BA57D,2
E550943C,3
AA1102FB,4
B30A33BA,3
98276079,2
813C5138,4
06A44DF7,4
1FBF7CB6,2
CFBFADC8,3
D6A49C89,3
FD89CF4A,3
E492FE0B,3
ABD368CC,3
B2C8598D,3
99E50A4E,3
80FE3B0F,3
076627C0,4
1E7D1681,3
CDF91391,4
D4E222D0,3
FFCF7113,3
E6D44052,3
A995D695,4
B08EE7D4,4
9BA3B417,3
82B88556,3
05209999,3
1C3BA8D8,3
CC3B79A6,4
D52048E7,4
FE0D1B24,3
E7162A65,3
A857BCA2,3
B14C8DE3,4
9A61DE20,3
837AEF61,3
04E2F3AE,3
1DF9C2EF,3
C7673E9B,1
DE7C0FDA,2
F5515C19,4
EC4A6D58,4
A30BFB9F,4
BA10CADE,4
913D991D,4
8826A85C,3
0FBEB493,3
16A585D2,3
C6A554AC,4
DFBE65ED,2
F493362E,3
ED88076F,3
A2C991A8,2
BBD2A0E9,3
90FFF32A,4
89E4C26B,3
0E7CDEA4,3
1767EFE5,4
71C80846,3
68D33907,2
43FE6AC4,4
5AE55B85,4
15A4CD42,3
0CBFFC03,3
2792AFC0,3
3E899E81,4
B911824E,3
A00AB30F,3
700A6271,4
69115330,3
423C00F3,3
5B2731B2,2
1466A775,4
0D7D9634,3
2650C5F7,1
3F4BF4B6,3
B8D3E879,3
A1C8D938,2
724CDC28,4
6B57ED69,2
407ABEAA,3
59618FEB,3
1620192C,1
0F3B286D,3
24167BAE,4
3D0D4AEF,2
BA955620,4
A38E6761,4
738EB61F,3
6A95875E,3
41B8D49D,3
58A3E5DC,3
17E2731B,3
0EF9425A,3
25D41199,2
3CCF20D8,4
BB573C17,4
A24C0D56,2
76C1A09A,4
6FDA91DB,3
44F7C218,3
1E0A53ED,4
3527002E,4
2C3C316F,3
ABA42DA0,4
B2BF1CE1,2
62BFCD9F,3
7BA4FCDE,3
49929E5C,3
06D3089B,3
1FC839DA,4
34E56A19,3
2DFE5B58,2
AA664797,2
B37D76D6,2
60F973C6,3
79E24287,3
8E1FB325,4
EC72D8AA,3
353553B4,2
515996B0,3
07033136,3
34F73983,3
4CB89E2F,3
E4F7E8FD,3
636FF432,2
1E180077,3
55A3AF6E,2
9F3C9B3F,2
B411C8FC,2
FDECD9BC,3
2DEC08C2,3
7A74C573,2
4842A7F1,2
9D7A2566,3
B65776A5,4
AF4C47E4,4
8627AA7E,3
E00DD123,3
BEDAB851,3
95F7EB92,3
8CECDAD3,3
C3AD4C14,3
DAB67D55,3
F19B2E96,4
E8801FD7,4
76033259,4
A603E327,4
BF18D266,3
943581A5,3
C26F2623,2
DB741762,3
BD5E6C3F,3
96733FFC,3
8F680EBD,3
C029987A,2
D932A93B,3
EB04CBB9,3
6C9CD776,2
7587E637,3
A5873749,3
BC9C0608,4
97B155CB,3
8EAA648A,3
C1EBF24D,3
D8F0C30C,2
F3DD90CF,2
EAC6A18E,3
6D5EBD41,4
74458C00,3
B9D3108D,2
92FE434E,3
8BE5720F,1
C4A4E4C8,3
DDBFD589,2
F692864A,2
EF89B70B,4
6811ABC4,4
710A9A85,3
A10A4BFB,3
B8117ABA,3
933C2979,3
8A271838,3
C5668EFF,4
DC7DBFBE,3
F750EC7D,4
8861A661,3
DE3B01E7,4
6B957FAA,4
A28E9F95,3
BB95AED4,3
C6E25A91,3
DFF96BD0,4
6A57159D,2
A9D2D8A8,3
0666DF34,3
2D4B8CF7,3
3450BDB6,3
7B112B71,2
620A1A30,4
492749F3,4
503C78B2,2
D7A4647D,4
CEBF553C,2
1EBF8442,3
07A4B503,3
2C89E6C0,3
3592D781,3
7AD34146,4
63C87007,3
48E523C4,3
31B82F06,4
1A957CC5,1
038E4D84,1
4CCFDB43,3
55D4EA02,1
7EF9B9C1,4
67E28880,4
E07A944F,2
F961A50E,2
29617470,4
307A4531,3
016F77E8,3
2A42242B,3
3359156A,2
7C1883AD,3
6503B2EC,4
4E2EE12F,4
5735D06E,2
D0ADCCA1,4
C9B6FDE0,4
19B62C9E,3
00AD1DDF,3
2B804E1C,3
329B7F5D,3
7DDAE99A,4
64C1D8DB,4
4FEC8B18,3
08758E8C,3
2358DD4F,3
3A43EC0E,3
75027AC9,3
6C194B88,4
4734184B,4
5E2F290A,4
D9B735C5,4
C0AC0484,2
10ACD5FA,3
09B7E4BB,3
229AB778,3
3B818639,3
74C010FE,4
6DDB21BF,3
46F6727C,4
105E0C68,3
3B735FAB,3
22686EEA,3
6D29F82D,3
7432C96C,4
5F1F9AAF,4
4604ABEE,4
C19CB721,2
D8878660,2
119C665F,2
3AB1359C,3
23AA04DD,1
6CEB921A,4
75F0A35B,2
5EDDF098,3
1AC02162,3
31ED72A1,3
28F643E0,3
67B7D527,3
7EACE466,4
5581B7A5,4
4C9A86E4,4
CB029A2B,4
D219AB6A,4
02197A14,3
1B024B55,3
302F1896,3
293429D7,3
6675BF10,4
7F6E8E51,4
5443DD92,3
AC6F17BF,3
8742447C,3
9E59753D,3
D118E3FA,3
C803D2BB,2
E32E8178,4
FA35B039,2
7DADACF6,4
B4B64CC9,3
ADAD7D88,3
86802E4B,3
9F9B1F0A,3
D0DA89CD,4
C9C1B88C,4
E2ECEB4F,3
AFEBC3D1,4
84C69012,2
9DDDA153,3
D29C3794,3
CB8706D5,2
E0AA5516,4
F9B16457,2
B73298A7,3
AE29A9E6,3
8504FA25,3
9C1FCB64,3
D35E5DA3,2
CA456CE2,4
E1683F21,4
AB66BF63,4
804BECA0,3
9950DDE1,3
D6114B26,4
CF0A7A67,4
E42729A4,4
FD3C18E5,4
7AA4042A,4
63BF356B,3
B3BFE415,3
AAA4D554,3
A8E26B0D,4
83CF38CE,3
9AD4098F,3
D5959F48,3
CC8EAE09,4
E7A3FDCA,4
FEB8CC8B,4
7920D044,4
603BE105,2
B03B307B,3
A920013A,3
3FAB7EBE,3
14862D7D,3
0D9D1C3C,3
42DC8AFB,3
5BC7BBBA,4
70EAE879,1
69F1D938,4
EE69C5F7,4
F772F4B6,4
277225C8,4
3E691489,4
1544474A,4
0C5F760B,3
F916E062,4
D23BB3A1,3
CB2082E0,3
AD0AF9BD,3
E24B6F7A,3
FB505E3B,2
9EFEF108,4
B5D3A2CB,3
ACC8938A,3
E389054D,2
FA92340C,4
D1BF67CF,3
C8A4568E,4
4F3C4A41,3
56277B00,3
9460DC02,3
BF4D8FC1,3
A656BE80,3
E9172847,3
F00C1906,4
DB214AC5,3
C23A7B84,4
45A2674B,3
230D80E8,3
0820D32B,3
113BE26A,3
5E7A74AD,3
476145EC,3
6C4C162F,2
7557276E,3
F2CF3BA1,3
EBD40AE0,3
3BD4DB9E,3
22CFEADF,4
09E2B91C,3
10F9885D,3
5FB81E9A,3
46A32FDB,3
6D8E7C18,3
74954D59,3
F30D5196,3
EA1660D7,4
399265C7,4
20895486,3
0BA40745,3
12BF3604,3
5DFEA0C3,3
44E59182,4
6FC8C241,3
76D3F300,3
F14BEFCF,3
E850DE8E,3
38500FF0,3
214B3EB1,4
0A666D72,4
137D5C33,3
5C3CCAF4,3
4527FBB5,3
6E0AA876,3
77119937,4
F08985F8,4
E992B4B9,3
3D1F1975,3
24042834,3
0F297BF7,3
16324AB6,3
5973DC71,2
4068ED30,2
6B45BEF3,3
725E8FB2,4
F5C6937D,3
ECDDA23C,3
3CDD7342,3
25C64203,3
0EEB11C0,3
17F02081,2
58B1B646,2
41AA8707,3
6A87D4C4,3
739CE585,3
F404F94A,3
ED1FC80B,3
3E9BCD1B,3
2780FC5A,3
0CADAF99,3
15B69ED8,3
5AF7081F,3
43EC395E,4
68C16A9D,3
71DA5BDC,4
F6424713,3
EF597652,3
3F59A72C,3
2642966D,3
0D6FC5AE,3
1474F4EF,3
5B356228,2
422E5369,3
690300AA,3
701831EB,3
F7802D24,3
EE9B1C65,3
3405E011,2
2D1ED150,3
06338293,3
1F28B3D2,3
50692515,3
49721454,1
625F4797,3
7B4476D6,2
FCDC6A19,3
E5C75B58,3
35C78A26,3
2CDCBB67,3
07F1E8A4,3
1EEAD9E5,3
51AB4F22,3
48B07E63,3
C5193530,3
EE3466F3,3
F72F57B2,3
B86EC175,4
A175F034,2
8A58A3F7,3
934392B6,2
14DB8E79,3
0DC0BF38,3
DE44BA28,4
F569E9EB,4
BA287F2C,3
C69DE15E,4
EDB0B29D,3
F4AB83DC,3
CDC1A663,3
E6ECF5A0,4
FFF7C4E1,2
B0B65226,3
A9AD6367,3
03A148DA,4
E631296C,3
FF2A182D,3
4CE0DE1D,3
288C1B19,3
E4779735,2
31972A58,4
FEE8721A,2
1ABA799B,3
55FBEF5C,3
67CD8DDE,2
99006370,3
B1D65F12,1
1E987FBF,3
B06B8EEA,3
62829B5B,2
B2528B7C,3
997FD8BF,3
8064E9FE,3
B1A9E4DD,3
CF257F39,3
D63E4E78,2
FD131DBB,4
E4082CFA,2
98C20947,2
B390E14B,3
5CCBF050,3
98BDB288,3
CEE7150E,3
9AFB0CD1,3
83E03D90,3
9B46DD29,3
CCA1AB57,4
1CDEC1E6,4
B55B23A0,3
9E767063,3
876D4122,3
C82CD7E5,3
D137E6A4,3
FA1AB567,4
E3018426,4
649998E9,4
7D82A9A8,3
AD8278D6,3
B4994997,3
B6DFF7CE,3
9DF2A40D,1
84E9954C,3
CBA8038B,3
D2B332CA,3
F99E6109,4
E0855048,4
671D4C87,2
7E067DC6,4
AE06ACB8,3
B71D9DF9,3
BC41DAC4,3
976C8907,3
8E77B846,1
C1362E81,3
D82D1FC0,3
F3004C03,4
EA1B7D42,4
6D83618D,4
749850CC,2
A49881B2,3
BD83B0F3,3
0AEEEC19,3
21C3BFDA,3
38D88E9B,3
7799185C,3
6E82291D,2
45AF7ADE,4
5CB44B9F,4
DB2C5750,4
C2376611,2
1237B76F,2
0B2C862E,3
096A3877,3
22476BB4,1
3B5C5AF5,2
741DCC32,3
6D06FD73,3
462BAEB0,4
5F309FF1,4
D8A8833E,2
C1B3B27F,3
11B36301,3
08A85240,3
0DE744C5,4
26CA1706,3
3FD12647,1
7090B080,3
698B81C1,3
42A6D202,3
5BBDE343,2
DC25FF8C,3
C53ECECD,3
153E1FB3,3
0C252EF2,3
27087D31,3
0E6390AB,4
254EC368,3
3C55F229,3
731464EE,4
6A0F55AF,4
4122066C,2
5839372D,4
DFA12BE2,4
C6BA1AA3,3
16BACBDD,3
0FA1FA9C,3
248CA95F,2
04FDBDA1,4
2FD0EE62,3
36CBDF23,3
798A49E4,4
609178A5,4
4BBC2B66,4
52A71A27,4
D53F06E8,3
CC2437A9,3
1C24E6D7,3
053FD796,3
2E128455,4
185B43F7,4
33761034,3
2A6D2175,3
652CB7B2,4
7C3786F3,4
571AD530,4
4E01E471,3
C999F8BE,4
D082C9FF,4
00821881,2
199929C0,3
32B47A03,3
2BAF4B42,3
64EEDD85,4
1CD63F45,3
37FB6C86,3
61A1CB00,3
78BAFA41,4
4A8C98C3,4
040F6433,3
1648124F,4
3D65418C,3
247E70CD,3
6B3FE60A,3
7224D74B,3
59098488,3
4012B5C9,4
C78AA906,4
DE919847,3
0E914939,3
178A7878,3
A0E72492,3
8BCA7751,3
92D14610,3
DD90D0D7,3
C48BE196,3
EFA6B255,3
F6BD8314,3
71259FDB,4
683EAE9A,4
B83E7FE4,3
A1254EA5,2
A363F0FC,3
884EA33F,3
9155927E,3
DE1404B9,3
C70F35F8,3
EC22663B,3
F539577A,4
72A14BB5,4
6BBA7AF4,2
BBBAAB8A,3
A2A19ACB,4
858C7B4E,3
AEA1288D,3
B7BA19CC,3
F8FB8F0B,3
E1E0BE4A,3
CACDED89,3
D3D6DCC8,4
544EC007,3
4D55F146,3
9D552038,4
844E1179,3
AF6342BA,3
B67873FB,3
F939E53C,3
E022D47D,3
CB0F87BE,3
D214B6FF,2
558CAA30,3
4C979B71,2
9F139E61,3
8608AF20,3
AD25FCE3,3
B43ECDA2,3
FB7F5B65,3
E2646A24,4
C94939E7,3
D05208A6,3
57CA1469,2
4ED12528,4
9ED1F456,3
87CAC517,3
ACE796D4,4
B5FCA795,4
FABD3152,3
E3A60013,3
C88B53D0,3
D1906291,3
56087E5E,4
4F134F1F,3
9B9EE2D3,3
8285D392,3
A9A88051,3
B0B3B110,3
FFF227D7,3
E6E91696,3
CDC44555,4
D4DF7414,4
534768DB,4
4A5C599A,3
9A5C88E4,3
8347B9A5,3
A86AEA66,3
B171DB27,2
FE304DE0,4
E72B7CA1,1
CC062F62,3
D51D1E23,3
528502EC,2
4B9E33AD,3
981A36BD,2
810107FC,4
AA2C543F,3
B337657E,3
FC76F3B9,3
E56DC2F8,3
CE40913B,3
D75BA07A,2
50C3BCB5,3
49D88DF4,3
99D85C8A,2
80C36DCB,3
ABEE3E08,3
B2F50F49,4
FDB4998E,4
E4AFA8CF,3
CF82FB0C,3
D699CA4D,3
5101D682,3
481AE7C3,3
92841BB7,4
8B9F2AF6,3
A0B27935,3
B9A94874,3
F6E8DEB3,3
EFF3EFF2,3
C4DEBC31,3
DDC58D70,3
5A5D91BF,2
4346A0FE,4
93467180,3
8A5D40C1,3
A1701302,3
B86B2243,3
F72AB484,4
EE3185C5,3
C51CD606,3
DC07E747,2
5B9FFB88,3
4284CAC9,3
8E22E5E1,4
9739D4A0,3
BC148763,3
A50FB622,3
EA4E20E5,4
F35511A4,4
D8784267,4
C1637326,3
46FB6FE9,3
5FE05EA8,3
8FE08FD6,3
96FBBE97,4
BDD6ED54,2
A4CDDC15,3
EB8C4AD2,3
F2977B93,3
D9BA2850,3
C0A11911,4
473905DE,3
5E22349F,4
8DA6318F,3
94BD00CE,4
BF90530D,3
A68B624C,3
E9CAF48B,4
F0D1C5CA,3
DBFC9609,3
C2E7A748,4
457FBB87,3
5C648AC6,3
8C645BB8,3
957F6AF9,3
BE52393A,3
A749087B,3
E8089EBC,3
F113AFFD,4
DA3EFC3E,4
C325CD7F,3
44BDD1B0,3
5DA6E0F1,3
892B4D3D,3
90307C7C,4
BB1D2FBF,4
A2061EFE,2
ED478839,3
F45CB978,3
DF71EABB,3
C66ADBFA,4
41F2C735,3
58E9F674,3
88E9270A,3
91F2164B,3
BADF4588,3
A3C474C9,3
EC85E20E,3
F59ED34F,2
DEB3808C,3
C7A8B1CD,3
4030AD02,4
592B9C43,3
8AAF9953,3
93B4A812,3
B899FBD1,3
A182CA90,3
EEC35C57,3
F7D86D16,3
DCF53ED5,3
C5EE0F94,3
4276135B,4
5B6D221A,3
8B6DF364,2
9276C225,3
B95B91E6,3
A040A0A7,3
EF013660,3
F61A0721,3
DD3754E2,4
C42C65A3,4
43B4796C,4
5AAF482D,3
8031B459,3
992A8518,3
7B99AA1A,3
FC01B6D5,3
E51A8794,3
7ED6BC9F,3
F94EA050,1
E0559111,1
3055406F,1
45FA2779,3
F0545934,2
E94F6875,4
394FB90B,2
2054884A,4
0B79DB89,3
1262EAC8,3
5D237C0F,3
44384D4E,4
6F151E8D,3
45D0C111,3
1D1CABD1,3
D4074BEE,2
CF5AC4F6,3
FD6CA674,3
B22D30B3,3
AB3601F2,2
801B5231,4
07834EFE,4
D7839F80,3
CE98AEC1,3
E5B5FD02,3
FCAECC43,3
B3EF5A84,3
AAF46BC5,3
81D93806,3
1F5A1588,3
064124C9,3
D5C521D9,3
CCDE1098,3
E7F3435B,4
A8B2D59C,3
839F865F,3
9A84B71E,3
D1485D6B,3
04079A90,3
05C5F0A7,3
C8536C2A,3
E37E3FE9,4
FA650EA8,3
B524986F,3
AC3FA92E,3
8E9453CE,2
CB4A1FFC,3
8CEA652C,3
B443DD5B,1
9F6E8E98,3
C934291E,4
8675BFD9,4
33DBC194,4
E2197ADD,3
9B657568,3
2220061B,3
D02F185F,3
E1A52608,3
D393448A,2
9CD2D24D,3
85C9E30C,4
AEE4B0CF,3
B7FF818E,2
30679D41,2
297CAC00,2
F97C7D7E,4
03AA908C,2
CA8875CB,3
F7E85C7B,3
EEF36D3A,2
A1B2FBFD,3
B8A9CABC,3
8A9FA83E,2
141C85B0,3
C41C54CE,2
DD07658F,3
D424E3AF,3
CD3FD2EE,3
4AA7CE21,2
53BCFF60,2
83BC2E1E,2
9AA71F5F,2
B18A4C9C,2
B04826AB,3
A95317EA,3
E612812D,3
51C3D35B,3
079974DD,3
2CB4271E,3
35AF165F,4
B2370A90,4
AB2C3BD1,4
7B2CEAAF,3
63F5B1D9,2
AD58EC1A,2
2AC0F0D5,3
B2361049,3
991B438A,3
5000A3B5,4
D798BF7A,3
CE838E3B,3
491B92F4,3
800072CB,2
AAEF4B3F,2
E5AEDDF8,2
AB2D2108,2
E46CB7CF,1
FCB5ECB9,2
98D929BD,3
464CC31F,4
964C1261,2
08CF3FEF,2
5F57F25E,3
8F572320,4
3AF95D6D,4
11D40EAE,2
23E26C2C,2
5E959869,3
6CA3FAEB,4
747AA19D,3
E0674C3F,2
6EE5D3A8,3
45C8806B,3
5CD3B12A,3
139227ED,4
0A8916AC,3
21A4456F,4
38BF742E,4
BF2768E1,2
A63C59A0,2
763C88DE,2
6F27B99F,4
440AEA5C,2
2945A978,4
0268FABB,2
1B73CBFA,2
54325D3D,2
4D296C7C,4
66043FBF,4
7F1F0EFE,3
F8871231,3
E19C2370,3
319CF20E,2
2887C34F,2
1AB1A1CD,3
55F0370A,4
4CEB064B,4
67C65588,1
142580C8,4
3F08D30B,3
2613E24A,3
6952748D,3
704945CC,1
5B64160F,2
427F274E,2
C5E73B81,2
DCFC0AC0,2
0CFCDBBE,3
15E7EAFF,3
3ECAB93C,1
27D1887D,2
68901EBA,2
718B2FFB,4
5AA67C38,3
A6055CD8,4
8D280F1B,2
94333E5A,2
DB72A89D,2
C26999DC,3
E944CA1F,1
F05FFB5E,2
77C7E791,2
6EDCD6D0,3
BEDC07AE,3
A7C736EF,3
95F1546D,3
DAB0C2AA,4
C3ABF3EB,4
E886A028,2
FF09B06C,2
A8917DDD,4
E7D0EB1A,2
DCC50FB8,2
9384997F,4
0D07B4F1,4
D2512EBD,2
48D8E21A,2
1E82459C,3
6237DBEE,3
75B8CBAA,4
6D6190DC,1
B3F47A7E,3
A5B9000D,2
978F628F,2
D8CEF448,3
C1D5C509,1
EAF896CA,2
F3E3A78B,2
747BBB44,4
6D608A05,3
BD605B7B,1
A47B6A3A,3
8F5639F9,1
964D08B8,4
D90C9E7F,4
C017AF3E,4
EB3AFCFD,3
DF79536D,2
F45400AE,3
ED4F31EF,1
A20EA728,4
BB159669,4
9038C5AA,4
8923F4EB,2
0EBBE824,3
17A0D965,2
C7A0081B,3
DEBB395A,3
F5966A99,2
EC8D5BD8,3
AA9BC1C3,3
E65E836A,4
98ADA341,2
B380F082,2
DF0DD991,4
F4208A52,4
ED3BBB13,4
A27A2DD4,4
BB611C95,1
904C4F56,4
89577E17,3
0ECF62D8,2
17D45399,1
C7D482E7,3
DECFB3A6,2
F5E2E065,3
ECF9D124,4
A3B847E3,2
E26DF021,3
C940A3E2,4
D05B92A3,2
A75CA235,2
3E55F38F,2
9F1A0464,2
86013525,4
AD2C66E6,4
B43757A7,3
33AF4B68,3
2AB47A29,2
FAB4AB57,2
E3AF9A16,2
C882C9D5,4
D199F894,2
504D2C31,3
7B607FF2,3
627B4EB3,2
2D3AD874,3
3421E935,3
1F0CBAF6,4
06178BB7,4
818F9778,4
9894A639,2
48947747,2
518F4606,4
7AA215C5,3
63B92484,1
6D2D0581,3
46005642,2
5F1B6703,2
105AF1C4,1
0941C085,4
226C9346,2
3B77A207,2
BCEFBEC8,1
A5F48F89,2
75F45EF7,4
6CEF6FB6,4
47C23C75,4
5ED90D34,4
2A8D7F51,3
01A02C92,2
18BB1DD3,2
57FA8B14,3
4EE1BA55,2
65CCE996,2
7CD7D8D7,1
FB4FC418,2
E254F559,4
32542427,4
2B4F1566,4
006246A5,2
197977E4,2
17ED56E1,2
3CC00522,2
25DB3463,2
6A9AA2A4,4
738193E5,3
58ACC026,2
41B7F167,2
C62FEDA8,2
DF34DCE9,4
95BDC130,4
BE9092F3,4
A78BA3B2,4
E8CA3575,2
F1D10434,2
DAFC57F7,2
C3E766B6,3
447F7A79,2
5D644B38,2
8D649A46,2
947FAB07,3
BF52F8C4,3
A649C985,1
E9085F42,2
A8DDE880,2
83F0BB43,1
9AEB8A02,3
D5AA1CC5,2
CCB12D84,2
E79C7E47,4
FE874F06,4
791F53C9,2
60046288,3
B004B3F6,2
A91F82B7,2
8232D174,4
9B29E035,4
D46876F2,4
CD7347B3,2
E65E1470,3
FF452531,4
78DD39FE,2
61C608BF,1
B2420DAF,4
AB593CEE,4
6E915954,1
45BC0A97,4
5CA73BD6,2
13E6AD11,4
0AFD9C50,2
21D0CF93,2
38CBFED2,4
BF53E21D,2
A648D35C,2
76480222,1
6F533363,3
447E60A0,1
5D6551E1,4
53F170E4,1
78DC2327,3
61C71266,4
2E8684A1,4
379DB5E0,2
1CB0E623,4
05ABD762,4
8233CBAD,1
9B28FAEC,3
4B282B92,1
52331AD3,3
791E4910,2
60057851,2
2F44EE96,3
365FDFD7,2
1D728C14,1
14510A34,1
3F7C59F7,3
266768B6,2
6926FE71,4
703DCF30,4
5B109CF3,2
420BADB2,4
C593B17D,1
DC88803C,3
0C885142,3
15936003,2
3EBE33C0,2
27A50281,1
68E49446,1
29312384,3
021C7047,3
1B074106,2
4D5DE680,2
6670B543,4
F8F398CD,1
E1E8A98C,2
31E878F2,3
28F349B3,2
03DE1A70,4
1AC52B31,4
5584BDF6,2
B1376EB7,3
9A1A3D74,3
83010C35,3
CC409AF2,3
F6971467,3
DDBA47A4,3
C4A176E5,2
8BE0E022,4
92FBD163,4
B9D682A0,4
A0CDB3E1,3
2755AF2E,2
3E4E9E6F,1
EE4E4F11,2
F7557E50,3
DC782D93,3
C5631CD2,1
8A228A15,4
9339BB54,3
B814E897,3
52FAB204,1
1DBB24C3,3
36967700,3
04A01582,2
B10E6BCF,2
79D7E1C7,3
2F8D4641,2
610EBAB1,4
A8155A8E,3
78158BF0,2
4BE18345,2
5338D833,3
4A23E972,4
05627FB5,3
1C794EF4,3
37541D37,3
2AA62CA1,3
018B7F62,3
8C574707,4
BE612585,3
F120B342,2
E83B8203,2
C316D1C0,2
DA0DE081,3
5D95FC4E,2
448ECD0F,2
948E1C71,4
8D952D30,4
A6B87EF3,4
BFA34FB2,4
F0E2D975,3
E9F9E834,4
C2D4BBF7,3
CBF73DD7,3
E0DA6E14,1
F9C15F55,4
B680C992,4
AF9BF8D3,4
84B6AB10,2
9DAD9A51,2
1A35869E,2
032EB7DF,2
D32E66A1,1
CA3557E0,3
E1180423,4
F8033562,3
B742A3A5,4
AE5992E4,2
8574C127,3
C873E9B9,3
E35EBA7A,1
FA458B3B,4
B5041DFC,4
AC1F2CBD,4
87327F7E,2
9E294E3F,2
19B152F0,2
00AA63B1,2
D0AAB2CF,1
C9B1838E,3
E29CD04D,4
FB87E10C,3
B4C677CB,4
ADDD468A,2
86F01549,3
48C1FA6A,2
B40060FD,3
ED3225B0,4
491353CE,3
D7D055C7,2
080538F5,3
BCCFED86,3
AF1AF255,3
ED3FF528,3
B861E616,3
8D27F71B,3
50F8C717,3
49427AFE,3
DF1FD8BC,2
7968D308,3
32C6A73F,4
2A924FC4,4
8513F873,3
B4FBE2EE,3
128CE95A,3
D72BD7D4,3
715CDC60,4
40B4C6FD,4
E6C3CD49,4
108BBDA0,4
B6FCB614,2
EFCEF359,3
49B9F8ED,3
7851E270,3
DE26E9C4,3
1B81D74A,4
BDF6DCFE,3
8C1EC663,4
7E1F5B67,4
4FF741FA,3
E9804A4E,3
2C2774C0,3
8A507F74,4
BBB865E9,4
1DCF6E5D,4
EB871EB4,4
4DF01500,4
14C2504D,3
B2B55BF9,3
835D4164,3
252A4AD0,1
E08D745E,4
46FA7FEA,3
4B452E04,2
4903905D,2
4A874433,2
ECF04F87,4
B5C20ACA,3
69782B4A,3
C89F4EEC,4
C9A67F94,3
A37B74BE,3
BA6B6274,3
47297877,3
65BED61A,2
7C046BF3,3
358C7DDF,4
00CA6CD2,2
7DC601C4,3
30E01C78,3
CE6A3172,4
312F7F8B,3
681D3AC6,4
C7670F62,3
7E033F09,2
27317A44,3
3C8C9357,2
0FC97613,3
04646742,3
8C4FEF53,2
9AF6487B,3
B20E442C,3
81E10A4B,4
7939FA38,4
D9112531,3
611004D6,2
9758743F,4
E55A0A2C,2
D8D34F06,3
E498601B,2
969A1E08,4
60D26EE1,2
74614DAB,3
478E03CC,2
1EBC4681,3
B8CB4D35,3
1F7E2CB6,3
D4B2C9ED,3
23CE58E4,3
EF64587A,3
22F7699C,2
FF82F2B3,4
84806228,2
7BC8FC49,4
72C812C1,2
A575506F,3
955F20C5,3
949D4AF2,3
032EBDA2,4
33282B71,3
EC57343C,3
F68F15FF,2
13127AC5,2
12D010F2,2
F74D7FC8,2
513A747C,4
4BE255BF,3
4A203F88,3
09C752C2,3
ED955E0B,3
32EA4146,3
2E501BC2,3
158B5ACD,3
467E1CC7,2
BB3C06C4,3
4B48FE9C,3
3B4DD475,2
341FE784,3
E153A35B,4
B9A38C21,3
1E16EDA2,3
A914D684,3
98FCCC19,3
29068165,4
8F718AD1,4
D643CF9C,3
7800CB40,3
12DDC06A,3
3A25CC3D,4
ADBADD14,3
F68FCCA3,3
FC4AC5BA,4
CDA2DF27,3
9697CE90,3
30E0C524,3
BE6FC2C7,4
8F87D85A,3
8D808CA0,2
72C5C259,3
CF84BD3C,3
581BAC15,3
A559B616,4
1AA952C4,3
39FA2D78,3
CA847E78,3
3ECB5A6B,3
A9544B42,2
3C2BE8EC,3
6BD5D493,3
0060C7F1,2
C5C7F97F,2
CFA58BDD,3
BC9EC4B6,3
7034C428,3
02ECD795,4
0F2340F6,4
0AA5CEE8,2
6CF375CC,3
D2BCED3C,3
B4AACBDE,3
8AD41C59,3
2CA317ED,3
47436172,3
344E17E8,4
50F81E4B,4
56F6E3C6,3
A42234DF,3
C363768D,3
65147D39,3
3838474F,3
A6A761B2,3
ECB341FC,3
7B6E90BE,3
5043C37D,3
4958F23C,2
061964FB,4
1F0255BA,3
342F0679,3
2D343738,4
AAAC2BF7,3
B3B71AB6,3
63B7CBC8,2
7AACFA89,3
5181A94A,2
489A980B,2
07DB0ECC,3
1EC03F8D,3
35ED6C4E,3
78EA44D0,3
53C71713,3
4ADC2652,3
059DB095,3
1C8681D4,4
37ABD217,2
2EB0E356,4
A928FF99,2
B033CED8,3
60331FA6,3
79282EE7,3
7C673862,4
574A6BA1,3
4E515AE0,3
0110CC27,3
180BFD66,4
3326AEA5,4
2A3D9FE4,4
ADA5832B,4
B4BEB26A,4
64BE6314,3
7DA55255,3
56880196,3
4F9330D7,1
00D2A610,4
19C99751,3
32E4C492,3
7FE3EC0C,3
3C3A5C1A,3
54CEBFCF,3
4DD58E8E,3
02941849,2
C4DB5F07,3
EFF60CC4,3
F6ED3D85,3
B9ACAB42,3
A0B79A03,3
8B9AC9C0,4
9281F881,4
1519E44E,2
62F128E9,2
7BEA19A8,4
50C74A6B,3
49DC7B2A,3
CE4467E5,3
D75F56A4,2
04DB53B4,3
1DC062F5,2
F02D50E0,3
3DD430EE,3
EBBD5BFF,3
41898A24,3
77E6A393,4
AD29F49E,3
54920923,3
8842AB42,3
B0069AEE,3
727D8291,2
5950D152,3
404BE013,1
0F0A76D4,3
16114795,3
3D3C1456,4
24272517,4
A3BF39D8,2
BAA40899,3
6AA4D9E7,3
73BFE8A6,1
833D7977,2
D567DEF1,2
CC7CEFB0,2
9BE42201,1
E751BC73,4
FE4A8D32,4
79D291FD,4
9A264836,3
B0C971C2,4
A9D24083,4
82FF1340,2
BAA5855A,2
9188D699,1
F5E4139D,3
8893E7D8,4
DEC9405E,1
ECFF22DC,2
A8102AB4,4
0219E23F,3
2934B1FC,2
302F80BD,1
7F6E167A,3
6675273B,4
4D5874F8,3
544345B9,2
D3DB5976,1
CAC06837,2
1AC0B949,4
9FCEDA86,3
B4E38945,4
ADF8B804,3
E2B92EC3,4
FBA21F82,3
D08F4C41,4
C9947D00,1
4E0C61CF,2
2D1E497B,2
2772BDE3,3
35C7120D,1
1EEA41CE,3
07F1708F,4
48B0E648,1
51ABD709,1
7A8684CA,2
639DB58B,4
E405A944,3
FD1E9805,2
A65626AB,3
BF4D17EA,4
5CB9CE21,4
95A22E1E,3
8CB91F5F,3
A7944C9C,2
BE8F7DDD,2
F1CEEB1A,4
E8D5DA5B,1
C3F88998,1
5D7BA416,2
44609557,3
97E49047,2
D518653E,2
FE3536FD,2
E72E07BC,4
A86F917B,3
B174A03A,2
9A59F3F9,4
8342C2B8,3
04DADE77,4
1DC1EF36,4
CDC13E48,1
D4DA0F09,4
FFF75CCA,3
E6EC6D8B,2
A9ADFB4C,1
9B9B99CE,4
8280A88F,3
18904E23,3
D427CE7D,1
D7A31A13,1
AEE79D1D,2
9A5333A3,1
60C9A0BC,2
E917B06C,3
C23AE3AF,3
8D7B7568,3
8EFFA106,4
DAE3B8D9,3
F00C812D,1
DB21D2EE,2
45A2FF60,1
8A9C85EC,2
CD3CFF3C,4
F05CD68C,4
CEB82B52,4
9D4F6176,1
84545037,3
D20EF7B1,1
AF7903F4,2
B66232B5,2
8612EE6E,2
AD3FBDAD,4
CE5AD075,3
D741E134,3
980077F3,3
E57783B6,4
CF98BA42,2
2B65CB55,3
E27E2B6A,2
584DB8C3,3
898F038A,4
A2A25049,3
BBB96108,3
F4F8F7CF,4
EDE3C68E,1
C6CE954D,2
DFD5A40C,2
F9EC2DE7,1
29381283,4
B16B9A69,4
31FA2E7A,1
28E11F3B,3
FB651A2B,3
02154140,2
1B0E7001,3
544FE6C6,3
4D54D787,4
66798444,2
7F62B505,4
CF5733D7,2
9ECBB518,3
7C2DC7BD,4
5700947E,4
4E1BA53F,1
015A33F8,2
184102B9,4
336C517A,4
2A77603B,3
ADEF7CF4,3
B4F44DB5,3
64F49CCB,3
7DEFAD8A,2
56C2FE49,3
4FD9CF08,3
009859CF,2
AE74E056,3
B5E6E6DB,3
6426B1D1,3
4F0BE212,3
5610D353,4
19514594,3
004A74D5,3
2B672716,1
327C1657,4
B5E40A98,3
ACFF3BD9,3
FD615155,3
C891129E,3
2C6C6389,3
D6240F36,3
FC191BD8,4
B3588D1F,4
AA43BC5E,2
B248CA32,1
9875DEDC,3
1FEDC213,2
06F6F352,3
D6F6222C,3
CFED136D,3
B76FD117,3
CDDE041B,3
F9F18968,3
D2DCDAAB,2
CBC7EBEA,3
84867D2D,2
9D9D4C6C,1
B6B01FAF,3
AFAB2EEE,2
28333221,3
31280360,4
E1357691,2
A9B2C11F,3
B0A9F05E,4
0782683F,4
63EEAD3B,3
48C3FEF8,4
51D8CFB9,3
1E99597E,4
2CAF3BFC,1
35B40ABD,4
B22C1672,3
B220C792,2
E7313DEF,2
C95378A9,2
D04849E8,4
9F09DF2F,3
06ED94DD,4
2DC0C71E,3
34DBF65F,4
7B9A6098,1
628151D9,4
49AC021A,3
50B7335B,1
D72F2F94,4
CE341ED5,4
1E34CFAB,3
9A46C9AA,4
AA361571,1
8D77D617,4
A65A85D4,2
946CE756,2
DB2D7191,3
C23640D0,1
E91B1313,4
F0002252,4
77983E9D,2
990D9451,3
26BC74AB,1
4312DB98,3
277E1E9C,4
0C534D5F,3
3E652FDD,4
7124B91A,4
683F885B,2
5A09EAD9,1
DD91F616,2
C48AC757,3
148A1629,4
0D912768,1
AB3BF6D3,2
36F386A6,4
E4B5E981,3
918475E6,1
BAA92625,2
A3B21764,1
ECF381A3,4
F5E8B0E2,3
DEC5E321,3
C7DED260,1
4046CEAF,4
595DFFEE,4
895D2E90,2
90461FD1,4
BB6B4C12,1
A2707D53,4
2FE8B7E7,3
B4248CEC,3
8331DA08,1
A81C89CB,2
B107B88A,4
FE462E4D,4
E75D1F0C,4
CC704CCF,2
D56B7D8E,3
52F36141,3
4BE85000,2
9BE8817E,3
82F3B03F,1
87D08459,4
593923AE,2
244ED7EB,2
0F638428,4
1678B569,3
402212EF,4
6B0F412C,1
7214706D,3
F58C6CA2,3
EC975DE3,3
7E743128,4
2AA7A162,3
811B46B2,4
F34F50EA,2
D8620329,4
C1793268,1
8E38A4AF,3
972395EE,3
BC0EC62D,3
A515F76C,3
228DEBA3,4
3B96DAE2,3
EB960B9C,4
CA182552,2
DC9AD6B4,4
F7B78577,3
EEACB436,1
A1ED22F1,2
B8F613B0,2
93DB4073,4
8AC07132,3
0D586DFD,4
14435CBC,3
C4438DC2,1
DD58BC83,4
F675EF40,1
EF6EDE01,2
A02F48C6,4
D4C5355A,3
9C8D0B41,3
85963A00,4
AEBB69C3,3
9B3AAC64,1
B017FFA7,3
6972164E,3
E64D5821,4
FF566960,2
D47B3AA3,4
CD600BE2,4
835DF8EB,3
99C21DC4,4
35CBB172,4
1EE6E2B1,3
2CD08033,1
639116F4,2
7A8A27B5,1
51A77476,4
48BC4537,2
CF2459F8,3
D63F68B9,4
063FB9C7,4
1F248886,2
3409DB45,1
2D12EA04,1
7AF94D9A,2
A870AB28,3
D6838B03,3
B4EF2A3A,4
9FC279F9,1
86D948B8,4
C998DE7F,3
D083EF3E,4
FBAEBCFD,1
E2B58DBC,4
652D9173,2
7C36A032,3
AC36714C,3
B7A05882,4
3038444D,3
2923750C,3
A192993E,3
8ABFCAFD,4
93A4FBBC,4
DCE56D7B,3
C5FE5C3A,4
EED30FF9,3
F7C83EB8,1
70502277,3
694B1336,4
B94BC248,1
A050F309,3
D145AA4A,3
D3CC9D86,3
E1FAFF04,3
CAD7ACC7,4
414DEE0D,4
6A60BDCE,1
737B8C8F,3
3C3A1A48,4
25212B09,2
0E0C78CA,4
1717498B,2
3731EC91,3
34B538FF,1
14583B33,3
3F7568F0,3
266E59B1,3
692FCF76,1
7034FE37,4
5B19ADF4,2
42029CB5,3
C59A807A,4
DC81B13B,1
0C816045,4
159A5104,4
3EB702C7,2
27AC3386,1
327EFA14,3
F923A472,4
E0389533,3
CB15C6F0,3
76931E3F,3
5DBE4DFC,2
44A57CBD,3
0BE4EA7A,2
12FFDB3B,3
39D288F8,3
20C9B9B9,1
A751A576,1
BE4A9437,4
6E4A4549,3
FC6CB2F7,1
F6F29FFD,3
3B8DBD6D,3
10A0EEAE,1
09BBDFEF,4
46FA4928,4
5FE17869,4
74CC2BAA,3
6DD71AEB,1
EA4F0624,1
F3543765,3
33BC9023,3
532A6CF9,2
9A318CC6,3
832ABD87,3
79C5550D,4
3684C3CA,2
2F9FF28B,4
04B2A148,2
1DA99009,3
4BF3378F,3
60DE644C,3
FAA7701C,3
E3BC415D,4
45B53B90,3
6E986853,3
5CAE0AD1,3
13EF9C16,2
0AF4AD57,2
21D9FE94,4
38C2CFD5,4
BF5AD31A,4
A641E25B,4
76413325,3
6F5A0264,3
447751A7,4
5D6C60E6,4
63E27CDB,2
D18A23DF,2
EE7E992C,3
C491A0D8,1
EFBCF31B,2
F6A7C25A,3
B9E6549D,4
A0FD65DC,2
8BD0361F,2
92CB075E,3
15531B91,3
0C482AD0,4
DC48FBAE,3
C553CAEF,4
8016A510,3
9E043C8D,3
59469861,4
726BCBA2,2
6B70FAE3,3
24316C24,3
3D2A5D65,4
16070EA6,1
0F1C3FE7,4
88842328,4
73A9A195,2
419FC317,4
919F1269,3
6AB290D4,3
5884F256,3
D64C0296,1
66AD6A5E,4
ACFDD79A,1
AEC4D20C,1
E18544CB,3
9CF2B08E,2
B7DFE34D,4
F89E758A,2
D3B32649,2
CAA81708,3
4D300BC7,4
542B3A86,4
842BEBF8,4
9D30DAB9,4
B61D897A,2
AF06B83B,3
E6F357D8,3
EB442686,4
C0697545,2
D9724404,2
9633D2C3,4
8F28E382,1
A405B041,3
BD1E8100,3
3A869DCF,3
239DAC8E,4
F39D7DF0,3
B4EB0579,1
192EFE5B,3
3203AD98,3
2B189CD9,3
64590A1E,3
7D423B5F,4
566F689C,4
4F7459DD,2
C8EC4512,2
D1F77453,1
01F7A52D,2
18EC946C,3
33C1C7AF,2
2ADAF6EE,3
9B84A39D,3
2386CB01,4
08AB98C2,3
11B0A983,4
5EF13F44,3
47EA0E05,2
6CC75DC6,3
75DC6C87,2
F2447048,1
EB5F4109,4
3B5F9077,1
D3031413,3
2E2ADDD0,1
357752C8,2
ACE45C56,3
87C90F95,3
9ED23ED4,3
D193A813,4
C8889952,3
E3A5CA91,2
FABEFBD0,3
7D26E71F,4
643DD65E,2
B43D0720,1
AD263661,4
E47A6014,2
FE2A0CAE,2
2DAE09BE,4
BE51F3B8,3
957CA07B,1
8C67913A,3
C32607FD,4
DA3D36BC,3
F110657F,2
E80B543E,3
6F9348F1,4
768879B0,3
A688A8CE,4
BF93998F,4
94BECA4C,1
8DA5FB0D,3
CC1C6E2C,3
80D92C85,3
5E8E848B,4
75A3D748,4
6CB8E609,4
23F970CE,2
3AE2418F,1
11CF124C,3
08D4230D,3
8F4C3FC2,2
96570E83,3
4657DFFD,3
5F4CEEBC,1
9C4282D4,4
D5075F6D,3
ABF47F46,3
E632E3EE,2
CD1FB02D,3
D404816C,4
9B4517AB,4
825E26EA,4
A9737529,3
B0684468,1
37F058A7,2
2EEB69E6,1
FEEBB898,3
E7F089D9,4
CCDDDA1A,1
FFE86699,4
53F841E3,2
78D51220,3
61CE2361,3
2E8FB5A6,3
1CB9D724,2
05A2E665,3
823AFAAA,3
9B21CBEB,3
4B211A95,2
676F0069,1
829F92DC,2
B2EF4E07,3
313364EF,2
1A1E372C,1
0305066D,4
4C4490AA,3
555FA1EB,3
7E72F228,4
6769C369,4
E0F1DFA6,3
F9EAEEE7,3
29EA3F99,4
7FB65B1F,3
9D80E8E3,3
D2C17E24,3
797D99F4,4
BAF854C1,3
88CE3643,3
91D50702,3
8559B395,3
F82E47D0,3
6B3AEF88,3
147A59C4,2
3F570A07,3
FAE322E8,4
ACB9856E,1
9E8FE7EC,4
000CCA62,2
C9172A5D,1
D00C1B1C,1
FB2148DF,4
E23A799E,4
1799DC1D,3
3CB48FDE,2
25AFBE9F,2
6AEE2858,4
73F51919,2
58D84ADA,4
41C37B9B,1
C65B6754,1
DF405615,3
0F40876B,2
165BB62A,4
3D76E5E9,3
246DD4A8,2
6B2C426F,4
7237732E,1
591A20ED,4
B0B6CA0D,4
08492FB7,4
D8A50680,2
BCC9C384,2
5F3D1A4F,2
F3885543,4
EA936402,4
C1BE37C1,4
8FD39369,4
BDE5F1EB,3
F2A4672C,2
EBBF566D,2
C09205AE,2
D98934EF,3
5E112820,2
470A1961,2
970AC81F,4
8E11F95E,4
A53CAA9D,4
BC279BDC,4
F3660D1B,3
EA7D3C5A,4
C1506F99,3
89185182,2
E27FA6A9,4
327F77D7,3
2B644696,3
00491555,2
A5D2F2C5,4
3E779B17,4
0317B2A7,4
C85E9B0B,2
ADF03438,3
86DD67FB,4
9FC656BA,2
D087C07D,4
C99CF13C,3
FBAA93BE,2
7C328F71,2
B3E2ADA5,2
AAF99CE4,4
81D4CF27,4
98CFFE66,4
D78E68A1,4
6066A8B5,3
F47BA831,2
634CF911,2
B28E4258,4
AB957319,2
A03BEDB6,3
E2686259,3
27A3F179,4
B432C5DF,3
66A46BA1,4
DE180CC4,4
224B63C9,4
0966300A,4
107D014B,2
97E51D84,4
CF860DD2,3
2C72D419,3
5105205C,4
633342DE,4
7A28739F,4
AC325E0F,3
ED609970,2
1F86DCAC,3
34AB8F6F,2
2DB0BE2E,2
1C0208C2,2
06E25622,2
2DCF05E1,2
3CFE7E61,3
C68B09DE,3
8193A099,2
B3A5C21B,3
994AFBEF,3
AB7C996D,3
2F1714A0,2
750E26DD,4
5E23751E,3
4738445F,1
0879D298,3
1162E3D9,3
3A4FB01A,2
2354815B,4
A4CC9D94,2
BDD7ACD5,3
6DD77DAB,2
74CC4CEA,3
C0D71DFC,4
0B8A439A,3
F5E8D7A2,3
D61D1732,3
5A098D99,3
A8635544,4
02693477,2
0EDEBDDD,3
1348F02E,3
A8704325,3
8AB17EED,3
15F03954,3
E8880D3E,2
9C9ABBD0,4
CD333AC4,3
37DCD24E,3
E7DC0330,3
FEC73271,3
517335ED,2
4BECD0C2,1
7C95A4C5,1
01E25080,2
9F617D0E,2
567A9D31,2
4F61AC70,3
93CEB5DE,4
23DC2602,2
08F175C1,3
3B057D74,3
09331FF6,3
3881A91A,2
219A985B,3
8D58923B,2
116D343D,2
62989B67,4
A9C5C501,3
745291A9,3
F8460B02,3
C15C54AE,3
3BB3BC24,3
EBB36D5A,3
F2A85C1B,3
5D1C5B87,2
4783BEA8,1
69E1FBEE,3
70FACAAF,1
0D8D3EEA,2
930E1364,2
5A15F35B,2
430EC21A,3
9FA1DBB4,4
75AD65C5,2
2FB34868,2
049E1BAB,3
1D852AEA,3
376A131E,3
055C719C,3
34EEC770,2
2DF5F631,3
8137FC51,2
1D025A57,2
6EF7F50D,4
A5AAAB6B,3
5BC83F53,3
783DFFC3,3
968E6287,2
F4296568,3
C09FD427,2
5700BD47,2
23FA933B,3
3D9ED3F0,2
16B38033,3
78571227,2
6FA6FC57,3
5D909ED5,3
BE64471E,2
B2EC7433,0
248EB5AA,4
CC54FADE,2
6FF76C99,2
E779A91D,4
FE62985C,2
18FEC374,2
9B04579A,2
464EDFFE,3
E934EA5A,2
073A8B76,2
C219B999,4
DB0288D8,2
94431E1F,4
8D582F5E,2
A6757C9D,1
BF6E4DDC,3
020D20F7,3
9DEF6864,2
B6C23BA7,3
85363312,3
339905CF,2
D826A9B3,2
CFD747C3,3
FDE12541,3
1E15FC8A,2
C35F74EE,3
129DCFA7,0
84FF0E3E,4
6C25414A,2
2669E9F2,2
47081289,4
5E1323C8,2
0849844E,2
2364D78D,1
3A7FE6CC,3
70D1E498,3
4325EC2D,3
260C33A3,2
03A33B7F,4
369CF121,3
156931B1,3
B0DD6F1B,2
B32DAF34,2
9800FCF7,4
FC6C39F3,1
E57708B2,3
7BF4253C,2
6EB0397C,2
5C865BFE,3
7669620A,3
445F0088,3
75EDB664,2
C0348D45,2
5C012B43,2
772C7880,3
9A2DBF38,4
B100ECFB,3
A81BDDBA,1
E75A4B7D,3
FE417A3C,3
D56C29FF,2
CC7718BE,4
4BEF0471,2
52F43530,3
82F4E44E,2
9BEFD50F,3
2FF48419,4
E4A9DA7F,3
1ACB4E47,3
393E8ED7,3
D78D1393,2
B52A147C,3
4740CCA1,4
30B2F63D,3
47B5C6AB,3
DEBC9711,3
A9BBA787,3
37DF3224,3
40D802B2,3
D9D15308,3
AED6639E,3
3E697E0F,3
496E4E99,3
29A9C77C,3
5EAEF7EA,3
C7A7A650,3
B0A096C6,3
2EC40365,3
59C333F3,3
C0CA6249,3
742C57A4,3
CC9030C1,3
DE259F2F,3
F2B8250A,3
39E4F6AF,3
815891CA,3
93ED3E24,3
24E1C617,3
25638DC2,3
3C78BC83,3
F6601549,4
A7331A13,3
BE282B52,3
C7D2711F,4
9634AFB0,3
BFFC1B42,3
04F417C5,3
2D3CA337,3
7BB218B5,3
527AAC47,3
FA3ADF9E,3
D3F26B6C,3
8033C66B,3
A9FB7299,3
C40C8017,3
EDC434E5,3
D1B08725,3
F87833D7,3
D234534B,3
FBFCE7B9,3
01A0E982,3
28685D70,3
1FB2701F,3
367AC4ED,3
1C36A471,3
35FE1083,3
176AE34C,3
3EA257BE,3
A70E177A,3
8EC6A388,3
098AA343,3
204217B1,3
3887A738,1
114F13CA,1
540A8E2B,4
7DC23AD9,4
0D176028,2
24DFD4DA,2
95B07BDE,2
BC78CF2C,2
BC5CE6F9,2
9594520B,2
209B996D,2
09532D9F,2
3ABE5A3B,2
1376EEC9,2
65A08128,2
4C6835DA,2
140C5169,4
3DC4E59B,4
BCDB9644,3
951322B6,3
A5C0A705,3
8C0813F7,3
75FFCCFC,3
5C37780E,3
7CD71DC7,2
551FA935,2
EEE3B9E3,3
C72B0D11,3
8EEDF4C6,2
A7254034,2
D963436D,3
F0ABF79F,3
7EFD0E30,2
5735BAC2,2
CCC5B975,2
E50D0D87,2
F75F83DA,3
DE973728,3
DCD5DB61,3
F51D6F93,3
CDE4A0E1,3
E42C1413,3
B8B91E65,4
9171AA97,4
5ED29F3F,3
771A2BCD,3
37D0DE29,2
1E186ADB,2
8D6920A8,3
A4A1945A,3
E273CBB4,3
CBBB7F46,3
B02972DD,3
99E1C62F,3
0502906E,3
2CCA249C,3
06864400,3
2F4EF0F2,3
D30FB7F5,3
FAC70307,3
030F668B,3
2AC7D279,3
8C0C41E7,3
A5C4F515,3
951770A6,3
BCDFC454,3
62A929F4,2
4B619D06,2
0CEAB098,3
2522046A,3
43AB265F,4
6A6392AD,4
C95E9877,4
E0962C85,4
D4B76E4B,4
FD7FDAB9,4
9A3492BB,2
B3FC2649,2
D05DE84C,3
F9955CBE,3
97FD929C,4
105DB7FF,4
AA9DBB2C,4
2D3D9E4F,4
0D4C419A,3
2484F568,3
CB00F04E,4
4CA0D52D,4
E86F81E8,3
46071079,3
C1A7351A,3
30664B2F,1
B7C66E4C,1
1B4B18EC,2
3283AC1E,2
025029AD,4
85F00CCE,4
00B5CE9C,3
AEDD5F0D,3
64D90B98,2
CAB19A09,2
2C2F3A7A,4
8247ABEB,4
75247A4F,4
DB4CEBDE,4
06644770,3
A80CD6E1,3
24F07F94,2
0D38CB66,2
61C16889,2
4809DC7B,2
91C5F607,2
1665D364,2
712E0C7C,4
58E6B88E,4
3DEB4ED5,3
9383DF44,3
13BE3226,4
BDD6A3B7,4
A41870E9,3
36D8C89C,3
499EC7EC,3
C81600C7,3
B21F1932,3
F6205F4E,3
E39C587C,3
E0188C12,3
338C36DB,3
2D9EAF46,3
2E1A7B28,3
25463C15,3
9522C823,3
3BA67C1A,3
0AAB7861,1
66265172,4
3F3BBF71,2
A79CA487,2
8E7039A0,2
12B74634,2
08928562,2
578C5E71,2
26208E30,4
8EF7491D,3
97EC785C,3
47D313A5,3
4EFBC29E,2
DCCF66BA,3
BCC12B9F,2
EB4F9C34,3
4CD1D169,2
FEE9662C,2
C5735C83,3
EEF90438,3
FFC87FB8,3
8A95C13C,4
6CFE4066,3
05FC0170,2
BF45FFF1,3
D05F14ED,3
8205AD84,3
372E4F37,3
34AA9B59,3
E12368AC,3
3123B9D2,3
BE209EBE,3
A73BAFFF,3
5085F6AD,2
3EC66FC1,3
7187F906,4
E69BB112,4
A8184DE2,2
FB72472E,4
E2713715,3
A5D14DC5,4
98B16475,4
3F609EC3,3
F92C2F17,4
F38BEA43,3
024A9476,1
2967C7B5,2
307CF6F4,4
1B51A537,3
7F3D6033,2
37CB51D1,4
6EC011E4,4
B3E8BD4A,3
3F14143F,2
53EDB7D0,2
24490C3D,2
6ACA67D7,4
260F257E,3
C35FFA3C,0
90B639BB,0
86503F3A,0
81274E23,0
08DE01D2,0
9667EFA2,0
3BFFA375,0
BDC7C395,0
AAFC1156,0
115B612B,0
