# Que version de cada pasiva va con cada rareza (NOTAS O-46, O-148).
# grupo = fila de la tabla del juego; rareza = 0 comun ... 4 leyenda, 5 sexta columna.
# Lo genera herramientas/construir_rareza_pasivas.py.
grupo,rareza,id,valor
0,0,F4CA2B3A,0.5
0,1,E49B5D39,0.6
0,2,5ECA54A0,0.7
0,3,C8FA53D7,0.8
0,4,6B6F3749,1
1,0,4E9B22A3,0.5
1,1,0A34E82B,0.6
1,2,B065E1B2,0.7
1,3,2655E6C5,0.8
1,4,85C0825B,1
2,0,D8AB25D4,1
2,1,6F535493,1.2
2,2,D5025D0A,1.5
2,3,43325A7D,1.7
2,4,E0A73EE3,2
3,0,7B3E414A,0.5
3,1,D66B830E,0.6
3,2,6C3A8A97,0.7
3,3,FA0A8DE0,0.8
3,4,599FE97E,1
4,0,ED0E463D,0.5
4,1,B30C3FB6,0.6
4,2,095D362F,0.7
4,3,9F6D3158,0.8
4,4,3CF855C6,1
5,0,575F4FA4,0.5
5,1,5DA38AA4,0.6
5,2,E7F2833D,0.7
5,3,71C2844A,0.8
5,4,D257E0D4,1
6,0,C16F48D3,2
6,1,38C4361C,2.2
6,2,82953F85,2.5
6,3,14A538F2,2.7
6,4,B7305C6C,3
7,0,5072F743,0.5
7,1,6ED45544,0.56
7,2,D4855CDD,0.7
7,3,42B55BAA,0.8
7,4,E1203F34,1
8,0,C642F034,1.5
8,1,0BB3E9FC,1.7
8,2,B1E2E065,2
8,3,27D2E712,2.2
8,4,8447838C,2.5
9,0,23CB3754,0.5
9,1,31D581BC,0.6
9,2,8B848825,0.7
9,3,1DB48F52,0.8
9,4,BE21EBCC,1
10,0,B5FB3023,6
10,1,54B23D04,6.2
10,2,EEE3349D,6.5
10,3,78D333EA,6.7
10,4,DB465774,7
11,0,0FAA39BA,0.5
11,1,BA1D8816,0.6
11,2,004C818F,0.7
11,3,967C86F8,0.8
11,4,35E9E266,1
12,0,999A3ECD,2
12,1,DF7A34AE,2.2
12,2,652B3D37,2.5
12,3,F31B3A40,2.7
12,4,508E5EDE,3
13,0,3A0F5A53,0.5
13,1,6642E333,0.71999997
13,2,DC13EAAA,1
13,3,4A23EDDD,1.2
13,4,E9B68943,1.5
14,0,AC3F5D24,1
14,1,03255F8B,1.2
14,2,B9745612,1.5
14,3,2F445165,1.7
14,4,8CD135FB,2
15,0,166E54BD,0.5
15,1,ED8AEA99,0.7
15,2,57DBE300,1
15,3,C1EBE477,1.2
15,4,627E80E9,1.5
16,0,805E53CA,6
16,1,88ED5621,6.2
16,2,32BC5FB8,6.5
16,3,A48C58CF,6.7
16,4,07193C51,7
17,0,1143EC5A,1
17,1,DEFD3579,1.2
17,2,64AC3CE0,1.5
17,3,F29C3B97,1.7
17,4,51095F09,2
18,0,8773EB2D,2
18,1,BB9A89C1,3
18,2,01CB8058,4
18,3,97FB872F,5
18,4,346EE3B1,6
19,0,E0981A7F,4
19,1,E1AF21FB,5
19,2,5BFE2862,6
19,3,CDCE2F15,7
19,4,6E5B4B8B,8
20,0,76A81D08,3
20,1,84C89D43,4
20,2,3E9994DA,5
20,3,A8A993AD,6
20,4,0B3CF733,7
21,0,CCF91491,4
21,1,6A672851,5
21,2,D03621C8,6
21,3,460626BF,7
21,4,E5934221,8
22,0,5AC913E6,5
22,1,0F0094E9,7
22,2,B5519D70,10.2
22,3,23619A07,12
22,4,80F4FE99,15
23,0,F95C7778,10
23,1,B6384374,12
23,2,0C694AED,15
23,3,9A594D9A,17
23,4,39CC2904,20
24,0,6F6C700F,4
24,1,D35FFFCC,4.5
24,2,690EF655,5
24,3,FF3EF122,5.5
24,4,5CAB95BC,6
25,0,D53D7996,5
25,1,3DF04ADE,5.5
25,2,87A14347,6
25,3,11914430,6.5
25,4,B20420AE,7
26,0,430D7EE1,2
26,1,5897F666,3
26,2,E2C6FFFF,4
26,3,74F6F888,5
26,4,D7639C16,6
27,0,D210C171,4
27,1,0E87953E,5
27,2,B4D69CA7,6
27,3,22E69BD0,7
27,4,8173FF4E,8
28,0,4420C606,4.5
28,1,6BE02986,4.7
28,2,D1B1201F,5
28,3,47812768,5.3
28,4,E41443F6,5.5
29,0,A1A90166,5
29,1,518641C6,5.5
29,2,EBD7485F,6
29,3,7DE74F28,6.5
29,4,DE722BB6,7
30,0,37990611,3
30,1,34E1FD7E,3.2
30,2,8EB0F4E7,3.5
30,3,1880F390,3.7
30,4,BB15970E,4
31,0,8DC80F88,4
31,1,DA4E486C,4.2
31,2,601F41F5,4.5
31,3,F62F4682,4.7
31,4,55BA221C,5
32,0,1BF808FF,4.5
32,1,BF29F4D4,4.7
32,2,0578FD4D,5
32,3,9348FA3A,5.3
32,4,30DD9EA4,5.5
33,0,B86D6C61,5
33,1,06112349,5.5
33,2,BC402AD0,6
33,3,2A702DA7,6.5
33,4,89E54939,7
34,0,2E5D6B16,7
34,1,63769FF1,8
34,2,D9279668,9
34,3,4F17911F,10
34,4,EC82F581,12
35,0,940C628F,10
35,1,8DD92AE3,11
35,2,3788237A,12
35,3,A1B8240D,13
35,4,022D4093,15
36,0,023C65F8,0.120000005
36,1,E8BE965B,0.24000001
36,2,52EF9FC2,0.36
36,3,C4DF98B5,0.48000002
36,4,674AFC2B,0.6
37,0,9321DA68,2
37,1,BEAEF503,3
37,2,04FFFC9A,4
37,3,92CFFBED,5
37,4,315A9F73,6
38,0,0511DD1F,4
38,1,DBC949BB,5
38,2,61984022,6
38,3,F7A84755,7
38,4,543D23CB,8
39,0,663F4029,4
39,1,415A6174,4.5
39,2,FB0B68ED,5
39,3,6D3B6F9A,5.5
39,4,CEAE0B04,6
40,0,F00F475E,5
40,1,243DDDCC,5.5
40,2,9E6CD455,6
40,3,085CD322,6.5
40,4,ABC9B7BC,7
41,0,4A5E4EC7,6
41,1,CA9268DE,7
41,2,70C36147,8
41,3,E6F36630,9
41,4,456602AE,10
42,0,DC6E49B0,9
42,1,AFF5D466,10
42,2,15A4DDFF,11
42,3,8394DA88,12
42,4,2001BE16,13
43,0,7FFB2D2E,0.120000005
43,1,16CD03FB,0.24000001
43,2,AC9C0A62,0.36
43,3,3AAC0D15,0.48000002
43,4,9939698B,0.6
44,0,E9CB2A59,3
44,1,73AABF43,3.5
44,2,C9FBB6DA,4
44,3,5FCBB1AD,4.5
44,4,FC5ED533,5
45,0,539A23C0,4
45,1,9D050A51,4.5
45,2,275403C8,5
45,3,B16404BF,5.5
45,4,12F16021,6
46,0,C5AA24B7,5
46,1,F862B6E9,6
46,2,4233BF70,7
46,3,D403B807,8
46,4,7796DC99,10
47,0,54B79B27,8
47,1,AE72D5B1,9
47,2,1423DC28,10
47,3,8213DB5F,11
47,4,2186BFC1,13
48,0,C2879C50,0.120000005
48,1,CB156909,0.24000001
48,2,71446090,0.36
48,3,E77467E7,0.48000002
48,4,44E10379,0.6
49,0,270E5B30,2
49,1,F1730149,4
49,2,4B2208D0,6
49,3,DD120FA7,8
49,4,7E876B39,10
50,0,B13E5C47,2
50,1,9414BDF1,3
50,2,2E45B468,4
50,3,B875B31F,5
50,4,1BE0D781,7
51,0,0B6F55DE,2
51,1,7ABB08E3,2.5
51,2,C0EA017A,3
51,3,56DA060D,3.5
51,4,F54F6293,4
52,0,9D5F52A9,3
52,1,1FDCB45B,3.5
52,2,A58DBDC2,4
52,3,33BDBAB5,4.5
52,4,9028DE2B,5
53,0,3ECA3637,1
53,1,A6E463C6,2
53,2,1CB56A5F,3
53,3,8A856D28,4
53,4,291009B6,5
54,0,A8FA3140,3
54,1,C383DF7E,4
54,2,79D2D6E7,5
54,3,EFE2D190,6
54,4,4C77B50E,7
55,0,12AB38D9,0.1
55,1,2D2C6A6C,0.2
55,2,977D63F5,0.4
55,3,014D6482,0.6
55,4,A2D8001C,0.8
56,0,849B3FAE,0.2
56,1,484BD6D4,0.4
56,2,F21ADF4D,0.6
56,3,642AD83A,0.8
56,4,C7BFBCA4,1
57,0,1586803E,1.5
57,1,1E5BB58C,1.7
57,2,A40ABC15,2
57,3,323ABB62,2.2
57,4,91AFDFFC,2.5
58,0,83B68749,2.5
58,1,7B3C0934,2.7
58,2,C16D00AD,3
58,3,575D07DA,3.3
58,4,F4C86344,3.6
59,0,E45D761B,10
59,1,2109A10E,20
59,2,9B58A897,30
59,3,0D68AFE0,40
59,4,AEFDCB7E,50
60,0,726D716C,15
60,1,446E1DB6,20
60,2,FE3F142F,35
60,3,680F1358,50
60,4,CB9A77C6,65
61,0,C83C78F5,3
61,1,AAC1A8A4,3.2
61,2,1090A13D,3.5
61,3,86A0A64A,3.7
61,4,2535C2D4,4
62,0,5E0C7F82,4
62,1,CFA6141C,4.5
62,2,75F71D85,5
62,3,E3C71AF2,5.5
62,4,40527E6C,6
63,0,FD991B1C,1.1
63,1,769EC381,1.2
63,2,CCCFCA18,1.3
63,3,5AFFCD6F,1.4
63,4,F96AA9F1,1.5
64,0,6BA91C6B,1.5
64,1,13F97F39,1.6
64,2,A9A876A0,1.7
64,3,3F9871D7,1.8
64,4,9C0D1549,2
65,0,D1F815F2,3.5
65,1,FD56CA2B,3.7
65,2,4707C3B2,4
65,3,D137C4C5,4.3
65,4,72A2A05B,4.5
66,0,47C81285,4
66,1,98317693,4.5
66,2,22607F0A,5
66,3,B450787D,5.5
66,4,17C51CE3,6
67,0,D6D5AD15,2
67,1,CE2115CB,2.2
67,2,74701C52,2.5
67,3,E2401B25,2.7
67,4,41D57FBB,3
68,0,40E5AA62,2.3
68,1,AB46A973,2.5
68,2,1117A0EA,3
68,3,8727A79D,3.5
68,4,24B2C303,4
69,0,A56C6D02,1
69,1,9120C133,1.1
69,2,2B71C8AA,1.2
69,3,BD41CFDD,1.3
69,4,1ED4AB43,1.5
70,0,335C6A75,1.1
70,1,F4477D8B,1.2
70,2,4E167412,1.5
70,3,D8267365,1.7
70,4,7BB317FB,2
71,0,890D63EC,0.1
71,1,1AE8C899,0.2
71,2,A0B9C100,0.3
71,3,3689C677,0.4
71,4,951CA2E9,0.5
72,0,1F3D649B,0.2
72,1,7F8F7421,0.4
72,2,C5DE7DB8,0.6
72,3,53EE7ACF,0.8
72,4,F07B1E51,1
73,0,BCA80005,2.5
73,1,C6B7A3BC,2.7
73,2,7CE6AA25,3
73,3,EAD6AD52,3.3
73,4,4943C9CC,3.5
74,0,2A980772,3
74,1,A3D01F04,3.5
74,2,1981169D,4
74,3,8FB111EA,4.5
74,4,2C247574,5
75,0,90C90EEB,3.5
75,1,4D7FAA16,3.7
75,2,F72EA38F,4
75,3,611EA4F8,4.2
75,4,C28BC066,4.5
76,0,06F9099C,4
76,1,281816AE,4.5
76,2,92491F37,5
76,3,04791840,5.5
76,4,A7EC7CDE,6
77,0,97E4B60C,0.1
77,1,7E0875F6,0.1
77,2,C4597C6F,0.2
77,3,52697B18,0.2
77,4,F1FC1F86,0.3
78,0,01D4B17B,0.1
78,1,1B6FC94E,0.2
78,2,A13EC0D7,0.2
78,3,370EC7A0,0.3
78,4,949BA33E,0.4
79,0,6A70F585,0.6
79,1,40B791B1,1.2
79,2,FAE69828,1.8
79,3,6CD69F5F,2.4
79,4,CF43FBC1,3
80,0,FC40F2F2,1
80,1,25D02D09,2
80,2,9F812490,3
80,3,09B123E7,4
80,4,AA244779,5
81,0,4611FB6B,2
81,1,CB7F981B,2.3
81,2,712E9182,2.5
81,3,E71E96F5,2.7
81,4,448BF26B,3
82,0,D021FC1C,2.3
82,1,AE1824A3,2.5
82,2,14492D3A,3
82,3,82792A4D,3.5
82,4,21EC4ED3,4
83,0,73B49882,2
83,1,1720F33E,2.5
83,2,AD71FAA7,3
83,3,3B41FDD0,3.5
83,4,98D4994E,4
84,0,E5849FF5,1.5
84,1,72474F86,1.7
84,2,C816461F,2
84,3,5E264168,2.2
84,4,FDB325F6,2.5
85,0,5FD5966C,2
85,1,9CE8FA94,2.2
85,2,26B9F30D,2.5
85,3,B089F47A,3.7
85,4,131C90E4,4
86,0,C9E5911B,1.5
86,1,F98F462C,1.7
86,2,43DE4FB5,2
86,3,D5EE48C2,2.2
86,4,767B2C5C,2.5
87,0,58F82E8B,2
87,1,AF9F2574,2.2
87,2,15CE2CED,2.5
87,3,83FE2B9A,3.7
87,4,206B4F04,4
88,0,CEC829FC,1.5
88,1,CAF899CC,1.7
88,2,70A99055,2
88,3,E6999722,2.2
88,4,450CF3BC,2.5
89,0,2B41EE9C,2
89,1,F09EF18C,2.2
89,2,4ACFF815,2.5
89,3,DCFFFF62,3.7
89,4,7F6A9BFC,4
90,0,BD71E9EB,0.1
90,1,95F94D34,0.2
90,2,2FA844AD,0.4
90,3,B99843DA,0.6
90,4,1A0D2744,0.8
91,0,0720E072,0.2
91,1,7B56F826,0.4
91,2,C107F1BF,0.6
91,3,5737F6C8,0.8
91,4,F4A29256,1
92,0,9110E705,4
92,1,1E31449E,4.5
92,2,A4604D07,5
92,3,32504A70,5.5
92,4,91C52EEE,6
93,0,3285839B,6
93,1,A7099303,7
93,2,1D589A9A,8
93,3,8B689DED,9
93,4,28FDF973,10
94,0,A4B584EC,4
94,1,C26E2FBB,4.5
94,2,783F2622,5
94,3,EE0F2155,5.5
94,4,4D9A45CB,6
95,0,1EE48D75,4.5
95,1,2CC19AA9,5
95,2,96909330,6
95,3,00A09447,7
95,4,A335F0D9,8
96,0,88D48A02,1
96,1,49A62611,1.1
96,2,F3F72F88,1.2
96,3,65C728FF,1.3
96,4,C6524C61,1.5
97,0,19C93592,1.5
97,1,1FB64549,1.6
97,2,A5E74CD0,1.7
97,3,33D74BA7,1.8
97,4,90422F39,2
98,0,8FF932E5,0.1
98,1,7AD1F9F1,0.1
98,2,C080F068,0.2
98,3,56B0F71F,0.2
98,4,F5259381,0.3
99,0,5590EE4C,0.1
99,1,242FBD4A,0.2
99,2,9E7EB4D3,0.2
99,3,084EB3A4,0.3
99,4,ABDBD73A,0.4
100,0,C3A0E93B,0.6
100,1,414801F2,1.2
100,2,FB19086B,1.8
100,3,6D290F1C,2.4
100,4,CEBC6B82,3
101,0,79F1E0A2,1
101,1,AFE7B4E0,2
101,2,15B6BD79,3
101,3,8386BA0E,4
101,4,2013DE90,5
102,0,EFC1E7D5,0.6
102,1,CA800858,1.2
102,2,70D101C1,1.8
102,3,E6E106B6,2.4
102,4,45746228,3
103,0,4C54834B,1
103,1,73B8DFC5,2
103,2,C9E9D65C,3
103,3,5FD9D12B,4
103,4,FC4CB5B5,5
104,0,DA64843C,2
104,1,16DF637D,4
104,2,AC8E6AE4,6
104,3,3ABE6D93,8
104,4,992B090D,10
105,0,60358DA5,3
105,1,F870D66F,6
105,2,4221DFF6,9
105,3,D411D881,12
105,4,7784BC1F,15
106,0,F6058AD2,2
106,1,9D176AD7,4
106,2,2746634E,6
106,3,B1766439,8
106,4,12E300A7,10
107,0,67183542,3
107,1,CB07098F,6
107,2,71560016,9
107,3,E7660761,12
107,4,44F363FF,15
108,0,F1283235,2
108,1,AE60B537,4
108,2,1431BCAE,6
108,3,8201BBD9,8
108,4,2194DF47,10
109,0,14A1F555,3
109,1,9406DD77,6
109,2,2E57D4EE,9
109,3,B867D399,12
109,4,1BF2B707,15
110,0,38C0FBBB,1.5
110,1,1FCED4DD,2
110,2,A59FDD44,2.5
110,3,33AFDA33,3
110,4,903ABEAD,3.5
111,0,AEF0FCCC,2
111,1,7AA96865,2.5
111,2,C0F861FC,3
111,3,56C8668B,3.5
111,4,F55D0215,4
112,0,210496BC,
112,1,4859B652,
112,2,F208BFCB,
112,3,6438B8BC,
112,4,C7ADDC22,
113,0,26292E5B,0.2
113,1,7B2E69B2,0.4
113,2,C17F602B,0.6
113,3,574F675C,0.8
113,4,F4DA03C2,1
114,0,B019292C,0.04
114,1,1E49D50A,0.05
114,2,A418DC93,0.06
114,3,3228DBE4,0.07
114,4,91BDBF7A,0.1
115,0,D7F2D87E,
115,1,447C7D30,
115,2,FE2D74A9,
115,3,681D73DE,
115,4,CB881740,
116,0,41C2DF09,
116,1,211BC188,
116,2,9B4AC811,
116,3,0D7ACF66,
116,4,AEEFABF8,
117,0,FB93D690,
117,1,CFB4749A,
117,2,75E57D03,
117,3,E3D57A74,
117,4,40401EEA,
118,0,6DA3D1E7,
118,1,AAD3C822,
118,2,1082C1BB,
118,3,86B2C6CC,
118,4,2527A252,
119,0,CE36B579,
119,1,13EB1FBF,
119,2,A9BA1626,
119,3,3F8A1151,
119,4,9C1F75CF,
120,0,5806B20E,
120,1,768CA307,
120,2,CCDDAA9E,
120,3,5AEDADE9,
120,4,F978C977,
121,0,E257BB97,
121,1,98231615,
121,2,22721F8C,
121,3,B44218FB,
121,4,17D77C65,
122,0,7467BCE0,1.2
122,1,FD44AAAD,1.4
122,2,4715A334,1.6
122,3,D125A443,1.8
122,4,72B0C0DD,2
123,0,FD5F303E,0.6
123,1,470E39A7,0.7
123,2,D13E3ED0,1
123,3,40238140,1.2
123,4,D6138637,1.5
124,0,13F0852C,0.7
124,1,A9A18CB5,0.8
124,2,3F918BC2,0.9
124,3,AE8C3452,1
124,4,38BC3325,1.1
125,0,76973994,1.5
125,1,CCC6300D,2
125,2,5AF6377A,2.5
125,3,CBEB88EA,3.04
125,4,5DDB8F9D,3.5
126,0,CFAFEE09,0.7
126,1,75FEE790,0.9
126,2,E3CEE0E7,1.1
126,3,72D35F77,1.3
126,4,E4E35800,1.5
127,0,AAC852B1,0.7
127,1,10995B28,0.9
127,2,86A95C5F,1.1
127,3,17B4E3CF,1.3
127,4,8184E4B8,1.5
128,0,4467E7A3,0.7
128,1,FE36EE3A,0.9
128,2,6806E94D,1.1
128,3,F91B56DD,1.3
128,4,6F2B51AA,1.5
129,0,21005B1B,2.5
129,1,9B515282,3
129,2,0D6155F5,3.5
129,3,9C7CEA65,4
129,4,0A4CED12,4.5
130,0,77103843,0.7
130,1,CD4131DA,0.9
130,2,5B7136AD,1.1
130,3,CA6C893D,1.3
130,4,5C5C8E4A,1.5
131,0,127784FB,2
131,1,A8268D62,2.3
131,2,3E168A15,2.7
131,3,AF0B3585,3.1
131,4,393B32F2,3.5
132,0,2811ECBB,0.7
132,1,9240E522,0.9
132,2,0470E255,1.1
132,3,956D5DC5,1.3
132,4,035D5AB2,1.5
133,0,4D765003,6.5
133,1,F727599A,7
133,2,61175EED,7.5
133,3,F00AE17D,8
133,4,663AE60A,8.5
134,0,A3D9E511,0.7
134,1,1988EC88,0.8
134,2,8FB8EBFF,0.9
134,3,1EA5546F,1
134,4,88955318,1.2
135,0,C6BE59A9,2.5
135,1,7CEF5030,3
135,2,EADF5747,3.5
135,3,7BC2E8D7,4
135,4,EDF2EFA0,4.5
136,0,7F868E34,1
136,1,C5D787AD,1.2
136,2,53E780DA,1.5
136,3,C2FA3F4A,1.7
136,4,54CA383D,2
137,0,1AE1328C,1.5
137,1,A0B03B15,2
137,2,36803C62,2.5
137,3,A79D83F2,3
137,4,31AD8485,3.5
138,0,F44E879E,1
138,1,4E1F8E07,1.2
138,2,D82F8970,1.5
138,3,493236E0,1.7
138,4,DF023197,2
139,0,91293B26,6.5
139,1,2B7832BF,7
139,2,BD4835C8,7.5
139,3,2C558A58,8
139,4,BA658D2F,8.5
140,0,C739587E,1.5
140,1,7D6851E7,2
140,2,EB585690,2.5
140,3,7A45E900,3
140,4,EC75EE77,3.5
141,0,F17AFB5C,0.2
141,1,4B2BF2C5,0.24000001
141,2,DD1BF5B2,0.36
141,3,4C064A22,0.8
141,4,DA364D55,1
142,0,0F096EFC,0.2
142,1,B5586765,0.4
142,2,23686012,0.6
142,3,B275DF82,0.8
142,4,2445D8F5,1
143,0,D2D1040E,0.2
143,1,68800D97,0.4
143,2,FEB00AE0,0.6
143,3,6FADB570,0.8
143,4,F99DB207,1
144,0,0939284C,
144,1,D598D922,
144,2,6FC9D0BB,
144,3,F9F9D7CC,
144,4,5A6CB352,
145,0,B36821D5,
145,1,3B376C30,
145,2,816665A9,
145,3,175662DE,
145,4,B4C30640,
146,0,255826A2,
146,1,5E50D088,
146,2,E401D911,
146,3,7231DE66,
146,4,D1A4BAF8,
147,0,86CD423C,
147,1,E7680715,
147,2,5D390E8C,
147,3,CB0909FB,
147,4,689C6D65,
148,0,10FD454B,
148,1,820FBBAD,
148,2,385EB234,
148,3,AE6EB543,
148,4,0DFBD1DD,
149,0,AAAC4CD2,
149,1,6CA00EBF,
149,2,D6F10726,
149,3,40C10051,
149,4,E35464CF,
150,0,3C9C4BA5,
150,1,09C7B207,
150,2,B396BB9E,
150,3,25A6BCE9,
150,4,8633D877,
151,0,AD81F435,
151,1,5FD7D15F,
151,2,E586D8C6,
151,3,73B6DFB1,
151,4,D023BB2F,
152,0,3BB1F342,
152,1,3AB06DE7,
152,2,80E1647E,
152,3,16D16309,
152,4,B5440797,
153,0,DE383422,
153,1,00D605A7,
153,2,BA870C3E,
153,3,2CB70B49,
153,4,8F226FD7,
154,0,48083355,
154,1,65B1B91F,
154,2,DFE0B086,
154,3,49D0B7F1,
154,4,EA45D36F,
155,0,F2593ACC,
155,1,8B1E0C0D,
155,2,314F0594,
155,3,A77F02E3,
155,4,04EA667D,
156,0,64693DBB,
156,1,EE79B0B5,
156,2,5428B92C,
156,3,C218BE5B,
156,4,618DDAC5,
157,0,19E508FE,
157,1,CC911C28,
157,2,76C015B1,
157,3,E0F012C6,
157,4,43657658,
158,0,A3B40167,
158,1,223EA93A,
158,2,986FA0A3,
158,3,0E5FA7D4,
158,4,ADCAC34A,
159,0,35840610,
159,1,47591582,
159,2,FD081C1B,
159,3,6B381B6C,
159,4,C8AD7FF2,
160,0,9611628E,
160,1,FE61C21F,
160,2,4430CB86,
160,3,D200CCF1,
160,4,7195A86F,
161,0,002165F9,
161,1,9B067EA7,
161,2,2157773E,
161,3,B7677049,
161,4,14F214D7,
162,0,BA706C60,
162,1,75A9CBB5,
162,2,CFF8C22C,
162,3,59C8C55B,
162,4,FA5DA1C5,
163,0,2C406B17,
163,1,10CE770D,
163,2,AA9F7E94,
163,3,3CAF79E3,
163,4,9F3A1D7D,
164,0,BD5DD487,
164,1,46DE1455,
164,2,FC8F1DCC,
164,3,6ABF1ABB,
164,4,C92A7E25,
165,0,2B6DD3F0,
165,1,23B9A8ED,
165,2,99E8A174,
165,3,0FD8A603,
165,4,AC4DC29D,
166,0,CEE41490,
166,1,19DFC0AD,
166,2,A38EC934,
166,3,35BECE43,
166,4,962BAADD,
167,0,58D413E7,
167,1,7CB87C15,
167,2,C6E9758C,
167,3,50D972FB,
167,4,F34C1665,
168,0,E2851A7E,
168,1,9217C907,
168,2,2846C09E,
168,3,BE76C7E9,
168,4,1DE3A377,
169,0,74B51D09,
169,1,F77075BF,
169,2,4D217C26,
169,3,DB117B51,
169,4,78841FCF,
170,0,D7207997,
170,1,4E48A222,
170,2,F419ABBB,
170,3,6229ACCC,
170,4,C1BCC852,
171,0,41107EE0,
171,1,2B2F1E9A,
171,2,917E1703,
171,3,074E1074,
171,4,A4DB74EA,
172,0,FB417779,
172,1,C580AB88,
172,2,7FD1A211,
172,3,E9E1A566,
172,4,4A74C1F8,
173,0,6D71700E,
173,1,A0E71730,
173,2,1AB61EA9,
173,3,8C8619DE,
173,4,2F137D40,
174,0,FC6CCF9E,
174,1,F6F77468,
174,2,4CA67DF1,
174,3,DA967A86,
174,4,79031E18,
175,0,6A5CC8E9,
175,1,9390C8D0,
175,2,29C1C149,
175,3,BFF1C63E,
175,4,1C64A2A0,
176,0,0DB739BB,
176,1,C9A560EA,
176,2,73F46973,
176,3,E5C46E04,
176,4,46510A9A,
177,0,9B873ECC,
177,1,ACC2DC52,
177,2,1693D5CB,
177,3,80A3D2BC,
177,4,2336B622,
178,0,21D63755,
178,1,426D6940,
178,2,F83C60D9,
178,3,6E0C67AE,
178,4,CD990330,
179,0,B7E63022,
179,1,270AD5F8,
179,2,9D5BDC61,
179,3,0B6BDB16,
179,4,A8FEBF88,
180,0,147354BC,
180,1,9E320265,
180,2,24630BFC,
180,3,B2530C8B,
180,4,11C66815,
181,0,824353CB,
181,1,FB55BEDD,
181,2,4104B744,
181,3,D734B033,
181,4,74A1D4AD,
182,0,38125A52,
182,1,15FA0BCF,
182,2,AFAB0256,
182,3,399B0521,
182,4,9A0E61BF,
183,0,AE225D25,
183,1,709DB777,
183,2,CACCBEEE,
183,3,5CFCB999,
183,4,FF69DD07,
184,0,3F3FE2B5,
184,1,268DD42F,
184,2,9CDCDDB6,
184,3,0AECDAC1,
184,4,A979BE5F,
185,0,A90FE5C2,
185,1,43EA6897,
185,2,F9BB610E,
185,3,6F8B6679,
185,4,CC1E02E7,
186,0,4C8622A2,
186,1,798C00D7,
186,2,C3DD094E,
186,3,55ED0E39,
186,4,F6786AA7,
187,0,DAB625D5,
187,1,1CEBBC6F,
187,2,A6BAB5F6,
187,3,308AB281,
187,4,931FD61F,
188,0,60E72C4C,
188,1,F244097D,
188,2,481500E4,
188,3,DE250793,
188,4,7DB0630D,
189,0,F6D72B3B,
189,1,9723B5C5,
189,2,2D72BC5C,
189,3,BB42BB2B,
189,4,18D7DFB5,
190,0,55424FA5,
190,1,2E1B6258,
190,2,944A6BC1,
190,3,027A6CB6,
190,4,A1EF0828,
191,0,C37248D2,
191,1,4B7CDEE0,
191,2,F12DD779,
191,3,671DD00E,
191,4,C488B490,
192,0,7923414B,
192,1,A5D36BF2,
192,2,1F82626B,
192,3,89B2651C,
192,4,2A270182,
193,0,EF13463C,
193,1,C0B4D74A,
193,2,7AE5DED3,
193,3,ECD5D9A4,
193,4,4F40BD3A,
194,0,7E0EF9AC,
194,1,96A4B412,
194,2,2CF5BD8B,
194,3,BAC5BAFC,
194,4,1950DE62,
195,0,E83EFEDB,
195,1,F3C308AA,
195,2,49920133,
195,3,DFA20644,
195,4,7C3762DA,
196,0,8B1063ED,
196,1,69502065,
196,2,D30129FC,
196,3,45312E8B,
196,4,E6A44A15,
197,0,1D20649A,
197,1,0C379CDD,
197,2,B6669544,
197,3,20569233,
197,4,83C3F6AD,
198,0,A7716D03,
198,1,E29829CF,
198,2,58C92056,
198,3,CEF92721,
198,4,6D6C43BF,
199,0,31416A74,
199,1,87FF9577,
199,2,3DAE9CEE,
199,3,AB9E9B99,
199,4,080BFF07,
200,0,92D40EEA,
200,1,3EC742EA,
200,2,84964B73,
200,3,12A64C04,
200,4,B133289A,
201,0,04E4099D,
201,1,5BA0FE52,
201,2,E1F1F7CB,
201,3,77C1F0BC,
201,4,D4549422,
202,0,BEB50004,
202,1,B50F4B40,
202,2,0F5E42D9,
202,3,996E45AE,
202,4,3AFB2130,
203,0,28850773,
203,1,D068F7F8,
203,2,6A39FE61,
203,3,FC09F916,
203,4,5F9C9D88,
204,0,B998B8E3,
204,1,867894A0,
204,2,3C299D39,
204,3,AA199A4E,
204,4,098CFED0,
205,0,2FA8BF94,
205,1,E31F2818,
205,2,594E2181,
205,3,CF7E26F6,
205,4,6CEB4268,
206,0,897F8B89,0.5
206,1,4199102A,0.6
206,2,FBC819B3,0.7
206,3,6DF81EC4,0.8
206,4,CE6D7A5A,1
207,0,332E8210,0.5
207,1,AF36A538,0.6
207,2,1567ACA1,0.7
207,3,8357ABD6,0.8
207,4,20C2CF48,1
208,0,A51E8567,1
208,1,CA511980,1.2
208,2,70001019,1.5
208,3,E630176E,1.7
208,4,45A573F0,2
209,0,068BE1F9,0.5
209,1,7369CE1D,0.6
209,2,C938C784,0.7
209,3,5F08C0F3,0.8
209,4,FC9DA46D,1
210,0,90BBE68E,0.5
210,1,160E72A5,0.6
210,2,AC5F7B3C,0.7
210,3,3A6F7C4B,0.8
210,4,99FA18D5,1
211,0,2AEAEF17,0.5
211,1,F8A1C7B7,0.6
211,2,42F0CE2E,0.7
211,3,D4C0C959,0.8
211,4,7755ADC7,1
212,0,BCDAE860,1
212,1,9DC67B0F,1.2
212,2,27977296,1.5
212,3,B1A775E1,1.7
212,4,1232117F,2
213,0,2DC757F0,0.5
213,1,CBD61857,0.6
213,2,718711CE,0.7
213,3,E7B716B9,0.8
213,4,44227227,1
214,0,BBF75087,0.5
214,1,AEB1A4EF,0.6
214,2,14E0AD76,0.7
214,3,82D0AA01,0.8
214,4,2145CE9F,1
215,0,5E7E97E7,0.5
215,1,94D7CCAF,0.6
215,2,2E86C536,0.7
215,3,B8B6C241,0.8
215,4,1B23A6DF,1
216,0,C84E9090,0.5
216,1,F1B07017,0.6
216,2,4BE1798E,0.7
216,3,DDD17EF9,0.8
216,4,7E441A67,1
217,0,721F9909,4
217,1,1F1FC505,5
217,2,A54ECC9C,6
217,3,337ECBEB,7
217,4,90EBAF75,8
218,0,E42F9E7E,4
218,1,7A7879BD,5
218,2,C0297024,6
218,3,56197753,7
218,4,F58C13CD,8
219,0,47BAFAE0,1.5
219,1,C340AE20,1.7
219,2,7911A7B9,2
219,3,EF21A0CE,2.2
219,4,4CB4C450,3
220,0,D18AFD97,1
220,1,A6271298,1.2
220,2,1C761B01,1.5
220,3,8A461C76,1.7
220,4,29D378E8,2
221,0,6BDBF40E,1
221,1,4888A78A,1.2
221,2,F2D9AE13,1.5
221,3,64E9A964,1.7
221,4,C77CCDFA,2
222,0,FDEBF379,1.5
222,1,2DEF1B32,2
222,2,97BE12AB,2.5
222,3,018E15DC,3
222,4,A21B7142,3.5
223,0,6CF64CE9,0.2
223,1,7BFF786A,0.4
223,2,C1AE71F3,0.6
223,3,579E7684,0.8
223,4,F40B121A,1
224,0,59052BCE,3
224,1,A29E9FA4,3.5
224,2,18CF963D,4
224,3,8EFF914A,4.5
224,4,2D6AF5D4,5
225,0,E3542257,3
225,1,4C312AB6,4
225,2,F660232F,5
225,3,60502458,6
225,4,C3C540C6,7
226,0,75642520,0.2
226,1,2956960E,0.4
226,2,93079F97,0.6
226,3,053798E0,0.8
226,4,A6A2FC7E,1
227,0,D6F141BE,2
227,1,906E4193,2.5
227,2,2A3F480A,3
227,3,BC0F4F7D,3.5
227,4,1F9A2BE3,4
228,0,40C146C9,4
228,1,F509FD2B,4.5
228,2,4F58F4B2,5
228,3,D968F3C5,5.5
228,4,7AFD975B,6
229,0,FA904F50,1
229,1,1BA64839,1.2
229,2,A1F741A0,1.5
229,3,37C746D7,1.7
229,4,94522249,2
230,0,6CA04827,4
230,1,7EC1F481,4.5
230,2,C490FD18,5
230,3,52A0FA6F,5.5
230,4,F1359EF1,6
231,0,FDBDF7B7,2.3
231,1,28D197D9,2.5
231,2,92809E40,3
231,3,04B09937,3.5
231,4,A725FDA9,4
232,0,6B8DF0C0,1
232,1,4DB62B61,1.2
232,2,F7E722F8,1.5
232,3,61D7258F,1.7
232,4,C2424111,2
233,0,8E0437A0,0.2
233,1,77D04321,0.4
233,2,CD814AB8,0.6
233,3,5BB14DCF,0.8
233,4,F8242951,1
234,0,183430D7,3
234,1,12B7FF99,3.5
234,2,A8E6F600,4
234,3,3ED6F177,4.5
234,4,9D4395E9,5
235,0,A265394E,4
235,1,FC184A8B,4.5
235,2,46494312,5
235,3,D0794465,5.5
235,4,73EC20FB,6
236,0,34553E39,0.1
236,1,997FF633,0.2
236,2,232EFFAA,0.2
236,3,B51EF8DD,0.3
236,4,168B9C43,0.4
237,0,97C05AA7,1
237,1,204721AE,2
237,2,9A162837,3
237,3,0C262F40,4
237,4,AFB34BDE,5
238,0,01F05DD0,2.3
238,1,45209D16,2.5
238,2,FF71948F,3
238,3,694193F8,3.5
238,4,CAD4F766,4
239,0,BBA15449,2
239,1,AB8F2804,2.5
239,2,11DE219D,3
239,3,87EE26EA,3.5
239,4,247B4274,4
240,0,2D91533E,2
240,1,CEE894BC,2.2
240,2,74B99D25,2.5
240,3,E2899A52,3.7
240,4,411CFECC,4
241,0,BC8CECAE,2
241,1,98F8F7E4,2.2
241,2,22A9FE7D,2.5
241,3,B499F90A,3.7
241,4,170C9D94,4
242,0,2ABCEBD9,2
242,1,FD9F4B5C,2.2
242,2,47CE42C5,2.5
242,3,D1FE45B2,3.7
242,4,726B212C,4
243,0,4D571A8B,0.2
243,1,A7AAE366,0.4
243,2,1DFBEAFF,0.6
243,3,8BCBED88,0.8
243,4,285E8916,1
244,0,DB671DFC,6
244,1,C2CD5FDE,7
244,2,789C5647,8
244,3,EEAC5130,9
244,4,4D3935AE,10
245,0,61361465,4.5
245,1,2C62EACC,5
245,2,9633E355,6
245,3,0003E422,7
245,4,A39680BC,8
246,0,F7061312,1
246,1,49055674,1.2
246,2,F3545FED,1.5
246,3,6564589A,1.7
246,4,C6F13C04,2
247,0,5493778C,0.1
247,1,F03D81E9,0.2
247,2,4A6C8870,0.2
247,3,DC5C8F07,0.3
247,4,7FC9EB99,0.4
248,0,C2A370FB,2
248,1,955A3D51,2.5
248,2,2F0B34C8,3
248,3,B93B33BF,3.5
248,4,1AAE5721,4
249,0,0C660192,0.04
249,1,1783835B,0.05
249,2,ADD28AC2,0.06
249,3,3BE28DB5,0.07
249,4,9877E92B,0.1
250,0,9A5606E5,
250,1,72E43FE3,
250,2,C8B5367A,
250,3,5E85310D,
250,4,FD105593,
251,0,20070F7C,
251,1,9C4B8AF1,
251,2,261A8368,
251,3,B02A841F,
251,4,13BFE081,
252,0,B637080B,
252,1,F92C3649,
252,2,437D3FD0,
252,3,D54D38A7,
252,4,76D85C39,
253,0,15A26C95,
253,1,4014E1D4,
253,2,FA45E84D,
253,3,6C75EF3A,
253,4,CFE08BA4,
254,0,83926BE2,
254,1,25735D6C,
254,2,9F2254F5,
254,3,09125382,
254,4,AA87371C,
255,0,39C3627B,
255,1,CBDCE87E,
255,2,718DE1E7,
255,3,E7BDE690,
255,4,4428820E,
256,0,AFF3650C,1.2
256,1,AEBB54C6,1.4
256,2,14EA5D5F,1.6
256,3,82DA5A28,1.8
256,4,214F3EB6,2
257,0,E92C4BF3,0.1
257,1,3C9E3568,0.2
257,2,86CF3CF1,0.3
257,3,10FF3B86,0.4
257,4,B36A5F18,0.5
258,0,537D426A,0.1
258,1,D231807A,0.2
258,2,686089E3,0.3
258,3,FE508E94,0.4
258,4,5DC5EA0A,0.5
259,0,C54D451D,0.1
259,1,B7563CC2,0.3
259,2,0D07355B,0.5
259,3,9B37322C,0.7
259,4,38A256B2,0.9
260,0,66D82183,0.1
260,1,0E6EEB5F,0.2
260,2,B43FE2C6,0.3
260,3,220FE5B1,0.4
260,4,819A812F,0.5
261,0,F0E826F4,0.1
261,1,6B0957E7,0.2
261,2,D1585E7E,0.3
261,3,47685909,0.4
261,4,E4FD3D97,0.5
262,0,4AB92F6D,0.1
262,1,85A6E2F5,0.2
262,2,3FF7EB6C,0.3
262,3,A9C7EC1B,0.4
262,4,0A528885,0.5
263,0,DC89281A,0.1
263,1,E0C15E4D,0.3
263,2,5A9057D4,0.5
263,3,CCA050A3,0.7
263,4,6F35343D,0.9
264,0,4D94978A,0.1
264,1,B6D13D15,0.2
264,2,0C80348C,0.3
264,3,9AB033FB,0.4
264,4,39255765,0.5
265,0,DBA490FD,0.1
265,1,D3B681AD,0.2
265,2,69E78834,0.3
265,3,FFD78F43,0.4
265,4,5C42EBDD,0.5
266,0,3E2D579D,0.1
266,1,E9D0E9ED,0.2
266,2,5381E074,0.3
266,3,C5B1E703,0.4
266,4,6624839D,0.5
267,0,A81D50EA,0.1
267,1,8CB75555,0.2
267,2,36E65CCC,0.3
267,3,A0D65BBB,0.4
267,4,03433F25,0.5
268,0,124C5973,2
268,1,6218E047,2.5
268,2,D849E9DE,3
268,3,4E79EEA9,3.5
268,4,EDEC8A37,4
269,0,847C5E04,2
269,1,077F5CFF,2.5
269,2,BD2E5566,3
269,3,2B1E5211,3.5
269,4,888B368F,4
270,0,27E93A9A,0.5
270,1,BE478B62,0.7
270,2,041682FB,1
270,3,9226858C,1.2
270,4,31B3E112,1.5
271,0,B1D93DED,0.5
271,1,DB2037DA,0.6
271,2,61713E43,0.7
271,3,F7413934,0.8
271,4,54D45DAA,1
272,0,0B883474,0.5
272,1,358F82C8,0.6
272,2,8FDE8B51,0.7
272,3,19EE8C26,0.8
272,4,BA7BE8B8,1
273,0,F9F06B41,2
273,1,2597F062,2.5
273,2,9FC6F9FB,3
273,3,09F6FE8C,3.5
273,4,AA639A12,4
274,0,43A162D8,1
274,1,CB384570,2
274,2,71694CE9,3
274,3,E7594B9E,4
274,4,44CC2F00,5
275,0,D59165AF,0.1
275,1,AE5FF9C8,0.2
275,2,140EF051,0.4
275,3,823EF726,0.6
275,4,21AB93B8,0.8
276,0,76040131,1
276,1,17672E55,1.2
276,2,AD3627CC,1.5
276,3,3B0620BB,1.7
276,4,98934425,2
277,0,E0340646,3
277,1,720092ED,3.2
277,2,C8519B74,3.5
277,3,5E619C03,3.7
277,4,FDF4F89D,4
278,0,5A650FDF,0.5
278,1,9CAF27FF,0.6
278,2,26FE2E66,0.7
278,3,B0CE2911,0.8
278,4,135B4D8F,1
279,0,CC5508A8,3.5
279,1,F9C89B47,3.7
279,2,439992DE,4
279,3,D5A995A9,4.3
279,4,763CF137,4.5
280,0,5D48B738,2
280,1,AFD8F81F,2.2
280,2,1589F186,2.5
280,3,83B9F6F1,2.7
280,4,202C926F,3
281,0,CB78B04F,0.5
281,1,CABF44A7,0.6
281,2,70EE4D3E,0.7
281,3,E6DE4A49,0.8
281,4,454B2ED7,1
282,0,2EF1772F,0.1
282,1,F0D92CE7,0.2
282,2,4A88257E,0.3
282,3,DCB82209,0.4
282,4,7F2D4697,0.5
283,0,B8C17058,1.5
283,1,95BE905F,1.7
283,2,2FEF99C6,2
283,3,B9DF9EB1,2.2
283,4,1A4AFA2F,2.5
284,0,029079C1,1.5
284,1,7B11254D,1.8
284,2,C1402CD4,2.2
284,3,57702BA3,2.6
284,4,F4E54F3D,3
285,0,94A07EB6,0.1
285,1,1E7699F5,0.1
285,2,A427906C,0.2
285,3,3217971B,0.2
285,4,9182F385,0.3
286,0,37351A28,0.6
286,1,A74E4E68,1.2
286,2,1D1F47F1,1.8
286,3,8B2F4086,2.4
286,4,28BA2418,3
287,0,A1051D5F,2
287,1,C229F2D0,2.3
287,2,7878FB49,2.5
287,3,EE48FC3E,2.7
287,4,4DDD98A0,3
288,0,1B5414C6,1
288,1,2C8647C2,1.5
288,2,96D74E5B,2
288,3,00E7492C,2.5
288,4,A3722DB2,3
289,0,8D6413B1,1.5
289,1,49E1FB7A,1.7
289,2,F3B0F2E3,2
289,3,6580F594,2.2
289,4,C615910A,2.5
290,0,1C79AC21,1.5
290,1,1FF19822,1.7
290,2,A5A091BB,2
290,3,339096CC,2.2
290,4,9005F252,2.5
291,0,8A49AB56,1.5
291,1,7A96249A,1.7
291,2,C0C72D03,2
291,3,56F72A74,2.2
291,4,F5624EEA,2.5
292,0,EDA25A04,0.1
292,1,20A38CA0,0.2
292,2,9AF28539,0.4
292,3,0CC2824E,0.6
292,4,AF57E6D0,0.8
293,0,7B925D73,4
293,1,45C43018,4.5
293,2,FF953981,5
293,3,69A53EF6,5.5
293,4,CA305A68,6
294,0,C1C354EA,4
294,1,AB6B850A,4.5
294,2,113A8C93,5
294,3,870A8BE4,5.5
294,4,249FEF7A,6
295,0,57F3539D,0.5
295,1,CE0C39B2,0.6
295,2,745D302B,0.7
295,3,E26D375C,0.8
295,4,41F853C2,1
296,0,F4663703,0.1
296,1,7734EE2F,0.1
296,2,CD65E7B6,0.2
296,3,5B55E0C1,0.2
296,4,F8C0845F,0.3
297,0,BB6D019C,4
297,1,47B26678,4.5
297,2,FDE36FE1,5
297,3,6BD36896,5.5
297,4,C8460C08,6
298,0,013C0805,1.5
298,1,A91DD36A,1.8
298,2,134CDAF3,2.2
298,3,857CDD84,2.6
298,4,26E9B91A,3
299,0,970C0F72,10
299,1,CC7A6FD2,12
299,2,762B664B,14
299,3,E01B613C,16
299,4,438E05A2,18
300,0,34996BEC,4
300,1,7542B84F,4.5
300,2,CF13B1D6,5
300,3,5923B6A1,5.5
300,4,FAB6D23F,6
301,0,A2A96C9B,4
301,1,102504F7,4.5
301,2,AA740D6E,5
301,3,3C440A19,5.5
301,4,9FD16E87,6
302,0,18F86502,1.5
302,1,FE8AB1E5,1.8
302,2,44DBB87C,2.2
302,3,D2EBBF0B,2.6
302,4,717EDB95,3
303,0,8EC86275,10
303,1,9BED0D5D,12
303,2,21BC04C4,14
303,3,B78C03B3,16
303,4,1419672D,18
304,0,1FD5DDE5,4
304,1,CDFD6E05,4.5
304,2,77AC679C,5
304,3,E19C60EB,5.5
304,4,42090475,6
305,0,89E5DA92,1.5
305,1,A89AD2BD,1.8
305,2,12CBDB24,2.2
305,3,84FBDC53,2.6
305,4,276EB8CD,3
306,0,6C6C1DF2,1.5
306,1,92FCBAFD,1.8
306,2,28ADB364,2.2
306,3,BE9DB413,2.6
306,4,1D08D08D,3
307,0,FA5C1A85,1.5
307,1,F79B0645,1.8
307,2,4DCA0FDC,2.2
307,3,DBFA08AB,2.6
307,4,786F6C35,3
308,0,400D131C,15
308,1,1934B357,17
308,2,A365BACE,20
308,3,3555BDB9,22
308,4,96C0D927,25
309,0,D63D146B,15
309,1,7C530FEF,17
309,2,C6020676,20
309,3,50320101,22
309,4,F3A7659F,25
310,0,75A870F5,5
310,1,C56BD872,6
310,2,7F3AD1EB,7
310,3,E90AD69C,8
310,4,4A9FB202,9
311,0,E3987782,4
311,1,A00C64CA,4.5
311,2,1A5D6D53,5
311,3,8C6D6A24,5.5
311,4,2FF80EBA,6
312,0,59C97E1B,4
312,1,4EA3D1D8,4.5
312,2,F4F2D841,5
312,3,62C2DF36,5.5
312,4,C157BBA8,6
313,0,6B17A1DB,9
313,1,A4B5E9F6,10.5
313,2,1EE4E06F,12
313,3,88D4E718,13.5
313,4,2B418386,15
314,0,D146A842,9
314,1,4A1A5CE4,12
314,2,F04B557D,15
314,3,667B520A,18
314,4,C5EE3694,21
315,0,4776AF35,1
315,1,2F7DE05C,1.5
315,2,952CE9C5,2
315,3,031CEEB2,2.5
315,4,A0898A2C,3
316,0,E4E3CBAB,4
316,1,964537C1,6
316,2,2C143E58,8
316,3,BA24392F,10
316,4,19B15DB1,12
317,0,72D3CCDC,10
317,1,F3228B79,12
317,2,497382E0,14
317,3,DF438597,16
317,4,7CD6E109,18
318,0,C882C545,4
318,1,1D8D3E6B,4.5
318,2,A7DC37F2,5
318,3,31EC3085,5.5
318,4,9279541B,6
319,0,5EB2C232,10
319,1,78EA82D3,12
319,2,C2BB8B4A,14
319,3,548B8C3D,16
319,4,F71EE8A3,18
320,0,CFAF7DA2,4
320,1,2EFAE18B,6
320,2,94ABE812,8
320,3,029BEF65,10
320,4,A10E8BFB,12
321,0,599F7AD5,4
321,1,4B9D5D33,4.5
321,2,F1CC54AA,5
321,3,67FC53DD,5.5
321,4,C4693743,6
322,0,BC16BDB5,1.8
322,1,71FB3573,2.1
322,2,CBAA3CEA,2.4
322,3,5D9A3B9D,2.7
322,4,FE0F5F03,3
323,0,2A26BAC2,10
323,1,149C89CB,11
323,2,AECD8052,12
323,3,38FD8725,13
323,4,9B68E3BB,15
324,0,9077B35B,10
324,1,FA333CD9,12
324,2,40623540,14
324,3,D6523237,16
324,4,75C756A9,18
325,0,0647B42C,0.8
325,1,9F548061,0.9
325,2,250589F8,1
325,3,B3358E8F,1.1
325,4,10A0EA11,1.2
326,0,A5D2D0B2,7
326,1,266C57FC,9
326,2,9C3D5E65,11
326,3,0A0D5912,13
326,4,A9983D8C,15
327,0,33E2D7C5,4
327,1,430BEB44,6
327,2,F95AE2DD,8
327,3,6F6AE5AA,10
327,4,CCFF8134,12
328,0,89B3DE5C,8
328,1,ADA45E56,9
328,2,17F557CF,10
328,3,81C550B8,11
328,4,22503426,12
329,0,1F83D92B,8
329,1,C8C3E2EE,9
329,2,7292EB77,10
329,3,E4A2EC00,11
329,4,4737889E,12
330,0,8E9E66BB,8
330,1,9ED381B6,9
330,2,2482882F,10
330,3,B2B28F58,11
330,4,1127EBC6,12
331,0,18AE61CC,8
331,1,FBB43D0E,9
331,2,41E53497,10
331,3,D7D533E0,11
331,4,7440577E,12
332,0,7F45909E,1
332,1,A1819534,1.5
332,2,1BD09CAD,2
332,3,8DE09BDA,2.5
332,4,2E75FF44,3
333,0,E97597E9,12
333,1,C4E6298C,15
333,2,7EB72015,20
333,3,E8872762,25
333,4,4B1243FC,30
334,0,53249E70,20
334,1,2A499C9E,22
334,2,90189507,23
334,3,06289270,24
334,4,A5BDF6EE,25
335,0,C5149907,4
335,1,4F2E2026,4.5
335,2,F57F29BF,5
335,3,634F2EC8,5.5
335,4,C0DA4A56,6
336,0,6681FD99,0.6
336,1,F616F7BB,0.8
336,2,4C47FE22,1
336,3,DA77F955,1.1
336,4,79E29DCB,1.2
337,0,F0B1FAEE,8
337,1,93714B03,9
337,2,2920429A,10
337,3,BF1045ED,11
337,4,1C852173,12
338,0,3E748B87,0.120000005
338,1,11A8F509,0.15
338,2,ABF9FC90,0.18
338,3,3DC9FBE7,0.21000001
338,4,9E5C9F79,0.3
339,0,A8448CF0,
339,1,74CF49B1,
339,2,CE9E4028,
339,3,58AE475F,
339,4,FB3B23C1,
340,0,12158569,
340,1,9A60FCA3,
340,2,2031F53A,
340,3,B601F24D,
340,4,159496D3,
341,0,8425821E,
341,1,FF07401B,
341,2,45564982,
341,3,D3664EF5,
341,4,70F32A6B,
342,0,27B0E680,
342,1,463F9786,
342,2,FC6E9E1F,
342,3,6A5E9968,
342,4,C9CBFDF6,
343,0,B180E1F7,
343,1,23582B3E,
343,2,990922A7,
343,3,0F3925D0,
343,4,ACAC414E,
344,0,0BD1E86E,
344,1,CDF79E2C,
344,2,77A697B5,
344,3,E19690C2,
344,4,4203F45C,
345,0,9DE1EF19,2
345,1,A8902294,3
345,2,12C12B0D,4
345,3,84F12C7A,5
345,4,276448E4,6
346,0,DB3EC1E6,1.5
346,1,3AB5433A,1.8
346,2,80E44AA3,2.2
346,3,16D44DD4,2.6
346,4,B541294A,3
347,0,616FC87F,0.5
347,1,D41AF628,0.7
347,2,6E4BFFB1,1
347,3,F87BF8C6,1.2
347,4,5BEE9C58,1.5
348,0,F75FCF08,5
348,1,B17D4A90,6
348,2,0B2C4309,7
348,3,9D1C447E,8
348,4,3E8920E0,9
349,0,54CAAB96,1.5
349,1,08459D0D,1.8
349,2,B2149494,2.2
349,3,242493E3,2.6
349,4,87B1F77D,3
350,0,C2FAACE1,1.5
350,1,6D2221B5,1.8
350,2,D773282C,2.2
350,3,41432F5B,2.6
350,4,E2D64BC5,3
351,0,78ABA578,0.5
351,1,838D94A7,0.7
351,2,39DC9D3E,1
351,3,AFEC9A49,1.2
351,4,0C79FED7,1.5
352,0,EE9BA20F,5
352,1,E6EA281F,6
352,2,5CBB2186,7
352,3,CA8B26F1,8
352,4,691E426F,9
353,0,7F861D9F,1.5
353,1,B0FA4B47,1.8
353,2,0AAB42DE,2.2
353,3,9C9B45A9,2.6
353,4,3F0E2137,3
354,0,E9B61AE8,0.5
354,1,D59DF7FF,0.7
354,2,6FCCFE66,1
354,3,F9FCF911,1.2
354,4,5A699D8F,1.5
355,0,0C3FDD88,0.5
355,1,EFFB9FBF,0.7
355,2,55AA9626,1
355,3,C39A9151,1.2
355,4,600FF5CF,1.5
356,0,9A0FDAFF,0.5
356,1,8A9C2307,0.7
356,2,30CD2A9E,1
356,3,A6FD2DE9,1.2
356,4,05684977,1.5
357,0,205ED366,4
357,1,64339615,6
357,2,DE629F8C,8
357,3,485298FB,10
357,4,EBC7FC65,12
358,0,B66ED411,4
358,1,01542AAD,6
358,2,BB052334,8
358,3,2D352443,10
358,4,8EA040DD,12
359,0,15FBB08F,2.5
359,1,B86CFD30,3
359,2,023DF4A9,3.5
359,3,940DF3DE,4
359,4,37989740,4.5
360,0,83CBB7F8,1.5
360,1,DD0B4188,1.8
360,2,675A4811,2.2
360,3,F16A4F66,2.6
360,4,52FF2BF8,3
361,0,399ABE61,1.5
361,1,33A4F49A,1.8
361,2,89F5FD03,2.2
361,3,1FC5FA74,2.6
361,4,BC509EEA,3
362,0,CBE2E154,6
362,1,23BC8630,7.5
362,2,99ED8FA9,9
362,3,0FDD88DE,10.5
362,4,AC48EC40,12
363,0,71B3E8CD,3
363,1,CD133322,6
363,2,77423ABB,9
363,3,E1723DCC,12
363,4,42E75952,15
364,0,E783EFBA,0.9
364,1,A8748F9A,1.2
364,2,12258603,1.5
364,3,84158174,1.8
364,4,2780E5EA,2
365,0,44168B24,4
365,1,114C5807,4.5
365,2,AB1D519E,5
365,3,3D2D56E9,5.5
365,4,9EB83277,6
366,0,D2268C53,8
366,1,742BE4BF,9
366,2,CE7AED26,10
366,3,584AEA51,11
366,4,FBDF8ECF,12
367,0,687785CA,1.5
367,1,9A8451AD,1.8
367,2,20D55834,2.2
367,3,B6E55F43,2.6
367,4,15703BDD,3
368,0,FE4782BD,9.5
368,1,FFE3ED15,10.5
368,2,45B2E48C,11.5
368,3,D382E3FB,12.5
368,4,70178765,13.5
369,0,6F5A3D2D,3
369,1,A9F38E4D,4.5
369,2,13A287D4,6
369,3,859280A3,7.5
369,4,2607E43D,9
370,0,F96A3A5A,1.5
370,1,CC9432F5,1.8
370,2,76C53B6C,2.2
370,3,E0F53C1B,2.6
370,4,43605885,3
371,0,1CE3FD3A,0.4
371,1,F6F25AB5,0.8
371,2,4CA3532C,1.2
371,3,DA93545B,1.6
371,4,790630C5,2
372,0,8AD3FA4D,5
372,1,9395E60D,5.5
372,2,29C4EF94,6
372,3,BFF4E8E3,6.5
372,4,1C618C7D,7.5
373,0,3082F3D4,5
373,1,7D3A531F,6
373,2,C76B5A86,7
373,3,515B5DF1,8
373,4,F2CE396F,9
374,0,A6B2F4A3,0.5
374,1,185DEFA7,0.6
374,2,A20CE63E,0.7
374,3,343CE149,0.8
374,4,97A985D7,0.9
375,0,0527903D,6
375,1,A165383A,7
375,2,1B3431A3,8
375,3,8D0436D4,9
375,4,2E91524A,10
376,0,9317974A,3
376,1,C4028482,4.5
376,2,7E538D1B,6
376,3,E8638A6C,7.5
376,4,4BF6EEF2,9
377,0,29469ED3,6
377,1,2AAD3190,7
377,2,90FC3809,8
377,3,06CC3F7E,9
377,4,A5595BE0,10
378,0,BF7699A4,5.5
378,1,4FCA8D28,6
378,2,F59B84B1,6.5
378,3,63AB83C6,7
378,4,C03EE758,7.5
379,0,2E6B2634,5.5
379,1,19DAEE70,6
379,2,A38BE7E9,6.5
379,3,35BBE09E,7
379,4,962E8400,7.5
380,0,B85B2143,5.5
380,1,7CBD52C8,6
380,2,C6EC5B51,6.5
380,3,50DC5C26,7
380,4,F34938B8,7.5
381,0,DFB0D011,0.3
381,1,2688FAF2,0.5
381,2,9CD9F36B,1
381,3,0AE9F41C,1.5
381,4,A97C9082,2
382,0,4980D766,10
382,1,43EF464A,12
382,2,F9BE4FD3,14
382,3,6F8E48A4,16
382,4,CC1B2C3A,18
383,0,F3D1DEFF,10
383,1,AD40F358,12
383,2,1711FAC1,14
383,3,8121FDB6,16
383,4,22B49928,18
384,0,65E1D988,1.5
384,1,C8274FE0,1.8
384,2,72764679,2.2
384,3,E446410E,2.6
384,4,47D32590,3
385,0,C674BD16,0.5
385,1,711F987D,0.6
385,2,CB4E91E4,0.7
385,3,5D7E9693,0.8
385,4,FEEBF20D,0.9
386,0,1AF12A5C,1.5
386,1,1AF12A5C,1.5
386,2,1AF12A5C,1.5
386,3,1AF12A5C,1.5
386,4,1AF12A5C,1.5
387,0,2801F46B,1.5
387,1,2801F46B,1.5
387,2,2801F46B,1.5
387,3,2801F46B,1.5
387,4,2801F46B,1.5
388,0,90BE2221,1.5
388,1,90BE2221,1.5
388,2,90BE2221,1.5
388,3,90BE2221,1.5
388,4,90BE2221,1.5
389,0,BBF29428,1.5
389,1,BBF29428,1.5
389,2,BBF29428,1.5
389,3,BBF29428,1.5
389,4,BBF29428,1.5
390,0,F5D99E99,3.5
390,1,F5D99E99,3.5
390,2,F5D99E99,3.5
390,3,F5D99E99,3.5
390,4,F5D99E99,3.5
391,0,FD4F28EE,3.5
391,1,FD4F28EE,3.5
391,2,FD4F28EE,3.5
391,3,FD4F28EE,3.5
391,4,FD4F28EE,3.5
392,0,13E09DFC,2
392,1,13E09DFC,2
392,2,13E09DFC,2
392,3,13E09DFC,2
392,4,13E09DFC,2
393,0,2097421C,3.5
393,1,2097421C,3.5
393,2,2097421C,3.5
393,3,2097421C,3.5
393,4,2097421C,3.5
394,0,F9235A84,8
394,1,F9235A84,8
394,2,F9235A84,8
394,3,F9235A84,8
394,4,F9235A84,8
395,0,D542546A,8
395,1,D542546A,8
395,2,D542546A,8
395,3,D542546A,8
395,4,D542546A,8
396,0,CC86396D,7
396,1,CC86396D,7
396,2,CC86396D,7
396,3,CC86396D,7
396,4,CC86396D,7
397,0,CBAB818A,8
397,1,CBAB818A,8
397,2,CBAB818A,8
397,3,CBAB818A,8
397,4,CBAB818A,8
398,0,B812419D,7
398,1,B812419D,7
398,2,B812419D,7
398,3,B812419D,7
398,4,B812419D,7
399,0,94734F73,5
399,1,94734F73,5
399,2,94734F73,5
399,3,94734F73,5
399,4,94734F73,5
400,0,A1D62C9A,7
400,1,A1D62C9A,7
400,2,A1D62C9A,7
400,3,A1D62C9A,7
400,4,A1D62C9A,7
401,0,16D4E13E,1
401,1,16D4E13E,1
401,2,16D4E13E,1
401,3,16D4E13E,1
401,4,16D4E13E,1
402,0,8A9A9A93,8
402,1,8A9A9A93,8
402,2,8A9A9A93,8
402,3,8A9A9A93,8
402,4,8A9A9A93,8
403,0,1CAA9DE4,8
403,1,1CAA9DE4,8
403,2,1CAA9DE4,8
403,3,1CAA9DE4,8
403,4,1CAA9DE4,8
404,0,E9B407A5,8
404,1,E9B407A5,8
404,2,E9B407A5,8
404,3,E9B407A5,8
404,4,E9B407A5,8
405,0,E8A7749E,1
405,1,E8A7749E,1
405,2,E8A7749E,1
405,3,E8A7749E,1
405,4,E8A7749E,1
406,0,357F1E6C,1
406,1,357F1E6C,1
406,2,357F1E6C,1
406,3,357F1E6C,1
406,4,357F1E6C,1
407,0,84E41252,5
407,1,84E41252,5
407,2,84E41252,5
407,3,84E41252,5
407,4,84E41252,5
408,0,B14171BB,7
408,1,B14171BB,7
408,2,B14171BB,7
408,3,B14171BB,7
408,4,B14171BB,7
409,0,47B73F79,6
409,1,47B73F79,6
409,2,47B73F79,6
409,3,47B73F79,6
409,4,47B73F79,6
410,0,A7FC640E,6
410,1,A7FC640E,6
410,2,A7FC640E,6
410,3,A7FC640E,6
410,4,A7FC640E,6
411,0,72125C90,2
411,1,72125C90,2
411,2,72125C90,2
411,3,72125C90,2
411,4,72125C90,2
412,0,7BA30F2B,2
412,1,7BA30F2B,2
412,2,7BA30F2B,2
412,3,7BA30F2B,2
412,4,7BA30F2B,2
413,0,CF6EEDEE,4
413,1,CF6EEDEE,4
413,2,CF6EEDEE,4
413,3,CF6EEDEE,4
413,4,CF6EEDEE,4
414,0,595EEA99,4
414,1,595EEA99,4
414,2,595EEA99,4
414,3,595EEA99,4
414,4,595EEA99,4
415,0,186FF180,0.4
415,1,186FF180,0.4
415,2,186FF180,0.4
415,3,186FF180,0.4
415,4,186FF180,0.4
416,0,C99ABCE7,4
416,1,C99ABCE7,4
416,2,C99ABCE7,4
416,3,C99ABCE7,4
416,4,C99ABCE7,4
417,0,FC3FDF0E,4
417,1,FC3FDF0E,4
417,2,FC3FDF0E,4
417,3,FC3FDF0E,4
417,4,FC3FDF0E,4
418,0,41436E70,4
418,1,41436E70,4
418,2,41436E70,4
418,3,41436E70,4
418,4,41436E70,4
419,0,32FAAE67,4
419,1,32FAAE67,4
419,2,32FAAE67,4
419,3,32FAAE67,4
419,4,32FAAE67,4
420,0,9642721E,0.4
420,1,9642721E,0.4
420,2,9642721E,0.4
420,3,9642721E,0.4
420,4,9642721E,0.4
421,0,4C2BAEB7,0.4
421,1,4C2BAEB7,0.4
421,2,4C2BAEB7,0.4
421,3,4C2BAEB7,0.4
421,4,4C2BAEB7,0.4
422,0,DA1BA9C0,0.1
422,1,DA1BA9C0,0.1
422,2,DA1BA9C0,0.1
422,3,DA1BA9C0,0.1
422,4,DA1BA9C0,0.1
423,0,604AA059,1
423,1,604AA059,1
423,2,604AA059,1
423,3,604AA059,1
423,4,604AA059,1
424,0,F67AA72E,5
424,1,F67AA72E,5
424,2,F67AA72E,5
424,3,F67AA72E,5
424,4,F67AA72E,5
425,0,55EFC3B0,1
425,1,55EFC3B0,1
425,2,55EFC3B0,1
425,3,55EFC3B0,1
425,4,55EFC3B0,1
426,0,C3DFC4C7,4
426,1,C3DFC4C7,4
426,2,C3DFC4C7,4
426,3,C3DFC4C7,4
426,4,C3DFC4C7,4
427,0,798ECD5E,1
427,1,798ECD5E,1
427,2,798ECD5E,1
427,3,798ECD5E,1
427,4,798ECD5E,1
428,0,EFBECA29,2
428,1,EFBECA29,2
428,2,EFBECA29,2
428,3,EFBECA29,2
428,4,EFBECA29,2
429,0,5E0FBF6D,28
429,1,5E0FBF6D,28
429,2,5E0FBF6D,28
429,3,5E0FBF6D,28
429,4,5E0FBF6D,28
429,5,5E0FBF6D,28
430,0,E45EB6F4,20
430,1,E45EB6F4,20
430,2,E45EB6F4,20
430,3,E45EB6F4,20
430,4,E45EB6F4,20
430,5,E45EB6F4,20
431,0,726EB183,24
431,1,726EB183,24
431,2,726EB183,24
431,3,726EB183,24
431,4,726EB183,24
431,5,726EB183,24
432,0,D1FBD51D,24
432,1,D1FBD51D,24
432,2,D1FBD51D,24
432,3,D1FBD51D,24
432,4,D1FBD51D,24
432,5,D1FBD51D,24
433,0,47CBD26A,20
433,1,47CBD26A,20
433,2,47CBD26A,20
433,3,47CBD26A,20
433,4,47CBD26A,20
433,5,47CBD26A,20
434,0,FD9ADBF3,16
434,1,FD9ADBF3,16
434,2,FD9ADBF3,16
434,3,FD9ADBF3,16
434,4,FD9ADBF3,16
434,5,FD9ADBF3,16
435,0,6BAADC84,16
435,1,6BAADC84,16
435,2,6BAADC84,16
435,3,6BAADC84,16
435,4,6BAADC84,16
435,5,6BAADC84,16
436,0,FAB76314,16
436,1,FAB76314,16
436,2,FAB76314,16
436,3,FAB76314,16
436,4,FAB76314,16
436,5,FAB76314,16
437,0,6C876463,8
437,1,6C876463,8
437,2,6C876463,8
437,3,6C876463,8
437,4,6C876463,8
437,5,6C876463,8
438,0,890EA303,1.6
438,1,890EA303,1.6
438,2,890EA303,1.6
438,3,890EA303,1.6
438,4,890EA303,1.6
438,5,890EA303,1.6
439,0,1F3EA474,1.6
439,1,1F3EA474,1.6
439,2,1F3EA474,1.6
439,3,1F3EA474,1.6
439,4,1F3EA474,1.6
439,5,1F3EA474,1.6
440,0,A56FADED,0.4
440,1,A56FADED,0.4
440,2,A56FADED,0.4
440,3,A56FADED,0.4
440,4,A56FADED,0.4
440,5,A56FADED,0.4
441,0,6C1D3578,14
441,1,6C1D3578,14
441,2,6C1D3578,14
441,3,6C1D3578,14
441,4,6C1D3578,14
441,5,6C1D3578,14
442,0,D64C3CE1,10
442,1,D64C3CE1,10
442,2,D64C3CE1,10
442,3,D64C3CE1,10
442,4,D64C3CE1,10
442,5,D64C3CE1,10
443,0,407C3B96,12
443,1,407C3B96,12
443,2,407C3B96,12
443,3,407C3B96,12
443,4,407C3B96,12
443,5,407C3B96,12
444,0,E3E95F08,12
444,1,E3E95F08,12
444,2,E3E95F08,12
444,3,E3E95F08,12
444,4,E3E95F08,12
444,5,E3E95F08,12
445,0,75D9587F,10
445,1,75D9587F,10
445,2,75D9587F,10
445,3,75D9587F,10
445,4,75D9587F,10
445,5,75D9587F,10
446,0,CF8851E6,8
446,1,CF8851E6,8
446,2,CF8851E6,8
446,3,CF8851E6,8
446,4,CF8851E6,8
446,5,CF8851E6,8
447,0,59B85691,8
447,1,59B85691,8
447,2,59B85691,8
447,3,59B85691,8
447,4,59B85691,8
447,5,59B85691,8
448,0,C8A5E901,8
448,1,C8A5E901,8
448,2,C8A5E901,8
448,3,C8A5E901,8
448,4,C8A5E901,8
448,5,C8A5E901,8
449,0,5E95EE76,4
449,1,5E95EE76,4
449,2,5E95EE76,4
449,3,5E95EE76,4
449,4,5E95EE76,4
449,5,5E95EE76,4
450,0,BB1C2916,0.8
450,1,BB1C2916,0.8
450,2,BB1C2916,0.8
450,3,BB1C2916,0.8
450,4,BB1C2916,0.8
450,5,BB1C2916,0.8
451,0,2D2C2E61,0.8
451,1,2D2C2E61,0.8
451,2,2D2C2E61,0.8
451,3,2D2C2E61,0.8
451,4,2D2C2E61,0.8
451,5,2D2C2E61,0.8
452,0,977D27F8,0.2
452,1,977D27F8,0.2
452,2,977D27F8,0.2
452,3,977D27F8,0.2
452,4,977D27F8,0.2
452,5,977D27F8,0.2
