# El dibujo de cada pasiva, elegido por lo que dice su texto.
# NO viene de una tabla del juego: el juego no la tiene (NOTAS O-141).
# Los dibujos si son los suyos, de 200_icon/18_icon_abilearboard.
# Lo genera herramientas/construir_iconos_pasivas.py.
id,icono
F4CA2B3A,icon_abilearboard/icon_alb01_teambuff01_on.png
E49B5D39,icon_abilearboard/icon_alb01_teambuff01_on.png
5ECA54A0,icon_abilearboard/icon_alb01_teambuff01_on.png
C8FA53D7,icon_abilearboard/icon_alb01_teambuff01_on.png
6B6F3749,icon_abilearboard/icon_alb01_teambuff01_on.png
FD5F303E,icon_abilearboard/icon_alb01_teambuff01_on.png
470E39A7,icon_abilearboard/icon_alb01_teambuff01_on.png
D13E3ED0,icon_abilearboard/icon_alb01_teambuff01_on.png
40238140,icon_abilearboard/icon_alb01_teambuff01_on.png
D6138637,icon_abilearboard/icon_alb01_teambuff01_on.png
4E9B22A3,icon_abilearboard/icon_alb01_teambuff11_on.png
0A34E82B,icon_abilearboard/icon_alb01_teambuff11_on.png
B065E1B2,icon_abilearboard/icon_alb01_teambuff11_on.png
2655E6C5,icon_abilearboard/icon_alb01_teambuff11_on.png
85C0825B,icon_abilearboard/icon_alb01_teambuff11_on.png
13F0852C,icon_abilearboard/icon_alb01_teambuff11_on.png
A9A18CB5,icon_abilearboard/icon_alb01_teambuff11_on.png
3F918BC2,icon_abilearboard/icon_alb01_teambuff11_on.png
AE8C3452,icon_abilearboard/icon_alb01_teambuff11_on.png
38BC3325,icon_abilearboard/icon_alb01_teambuff11_on.png
D8AB25D4,icon_abilearboard/icon_alb01_teambuff12_on.png
6F535493,icon_abilearboard/icon_alb01_teambuff12_on.png
D5025D0A,icon_abilearboard/icon_alb01_teambuff12_on.png
43325A7D,icon_abilearboard/icon_alb01_teambuff12_on.png
E0A73EE3,icon_abilearboard/icon_alb01_teambuff12_on.png
76973994,icon_abilearboard/icon_alb01_teambuff12_on.png
CCC6300D,icon_abilearboard/icon_alb01_teambuff12_on.png
5AF6377A,icon_abilearboard/icon_alb01_teambuff12_on.png
CBEB88EA,icon_abilearboard/icon_alb01_teambuff12_on.png
5DDB8F9D,icon_abilearboard/icon_alb01_teambuff12_on.png
7B3E414A,icon_abilearboard/icon_alb01_teambuff13_on.png
D66B830E,icon_abilearboard/icon_alb01_teambuff13_on.png
6C3A8A97,icon_abilearboard/icon_alb01_teambuff13_on.png
FA0A8DE0,icon_abilearboard/icon_alb01_teambuff13_on.png
599FE97E,icon_abilearboard/icon_alb01_teambuff13_on.png
CFAFEE09,icon_abilearboard/icon_alb01_teambuff13_on.png
75FEE790,icon_abilearboard/icon_alb01_teambuff13_on.png
E3CEE0E7,icon_abilearboard/icon_alb01_teambuff13_on.png
72D35F77,icon_abilearboard/icon_alb01_teambuff13_on.png
E4E35800,icon_abilearboard/icon_alb01_teambuff13_on.png
ED0E463D,icon_abilearboard/icon_alb01_teambuff01_on.png
B30C3FB6,icon_abilearboard/icon_alb01_teambuff01_on.png
095D362F,icon_abilearboard/icon_alb01_teambuff01_on.png
9F6D3158,icon_abilearboard/icon_alb01_teambuff01_on.png
3CF855C6,icon_abilearboard/icon_alb01_teambuff01_on.png
AAC852B1,icon_abilearboard/icon_alb01_teambuff01_on.png
10995B28,icon_abilearboard/icon_alb01_teambuff01_on.png
86A95C5F,icon_abilearboard/icon_alb01_teambuff01_on.png
17B4E3CF,icon_abilearboard/icon_alb01_teambuff01_on.png
8184E4B8,icon_abilearboard/icon_alb01_teambuff01_on.png
575F4FA4,icon_abilearboard/icon_alb01_teambuff11_on.png
5DA38AA4,icon_abilearboard/icon_alb01_teambuff11_on.png
E7F2833D,icon_abilearboard/icon_alb01_teambuff11_on.png
71C2844A,icon_abilearboard/icon_alb01_teambuff11_on.png
D257E0D4,icon_abilearboard/icon_alb01_teambuff11_on.png
4467E7A3,icon_abilearboard/icon_alb01_teambuff11_on.png
FE36EE3A,icon_abilearboard/icon_alb01_teambuff11_on.png
6806E94D,icon_abilearboard/icon_alb01_teambuff11_on.png
F91B56DD,icon_abilearboard/icon_alb01_teambuff11_on.png
6F2B51AA,icon_abilearboard/icon_alb01_teambuff11_on.png
C16F48D3,icon_abilearboard/icon_alb01_teambuff12_on.png
38C4361C,icon_abilearboard/icon_alb01_teambuff12_on.png
82953F85,icon_abilearboard/icon_alb01_teambuff12_on.png
14A538F2,icon_abilearboard/icon_alb01_teambuff12_on.png
B7305C6C,icon_abilearboard/icon_alb01_teambuff12_on.png
21005B1B,icon_abilearboard/icon_alb01_teambuff12_on.png
9B515282,icon_abilearboard/icon_alb01_teambuff12_on.png
0D6155F5,icon_abilearboard/icon_alb01_teambuff12_on.png
9C7CEA65,icon_abilearboard/icon_alb01_teambuff12_on.png
0A4CED12,icon_abilearboard/icon_alb01_teambuff12_on.png
5072F743,icon_abilearboard/icon_alb01_teambuff13_on.png
6ED45544,icon_abilearboard/icon_alb01_teambuff13_on.png
D4855CDD,icon_abilearboard/icon_alb01_teambuff13_on.png
42B55BAA,icon_abilearboard/icon_alb01_teambuff13_on.png
E1203F34,icon_abilearboard/icon_alb01_teambuff13_on.png
77103843,icon_abilearboard/icon_alb01_teambuff13_on.png
CD4131DA,icon_abilearboard/icon_alb01_teambuff13_on.png
5B7136AD,icon_abilearboard/icon_alb01_teambuff13_on.png
CA6C893D,icon_abilearboard/icon_alb01_teambuff13_on.png
5C5C8E4A,icon_abilearboard/icon_alb01_teambuff13_on.png
C642F034,icon_abilearboard/icon_alb01_teambuff01_on.png
0BB3E9FC,icon_abilearboard/icon_alb01_teambuff01_on.png
B1E2E065,icon_abilearboard/icon_alb01_teambuff01_on.png
27D2E712,icon_abilearboard/icon_alb01_teambuff01_on.png
8447838C,icon_abilearboard/icon_alb01_teambuff01_on.png
127784FB,icon_abilearboard/icon_alb01_teambuff01_on.png
A8268D62,icon_abilearboard/icon_alb01_teambuff01_on.png
3E168A15,icon_abilearboard/icon_alb01_teambuff01_on.png
AF0B3585,icon_abilearboard/icon_alb01_teambuff01_on.png
393B32F2,icon_abilearboard/icon_alb01_teambuff01_on.png
23CB3754,icon_abilearboard/icon_alb01_teambuff11_on.png
31D581BC,icon_abilearboard/icon_alb01_teambuff11_on.png
8B848825,icon_abilearboard/icon_alb01_teambuff11_on.png
1DB48F52,icon_abilearboard/icon_alb01_teambuff11_on.png
BE21EBCC,icon_abilearboard/icon_alb01_teambuff11_on.png
2811ECBB,icon_abilearboard/icon_alb01_teambuff11_on.png
9240E522,icon_abilearboard/icon_alb01_teambuff11_on.png
0470E255,icon_abilearboard/icon_alb01_teambuff11_on.png
956D5DC5,icon_abilearboard/icon_alb01_teambuff11_on.png
035D5AB2,icon_abilearboard/icon_alb01_teambuff11_on.png
B5FB3023,icon_abilearboard/icon_alb01_teambuff12_on.png
54B23D04,icon_abilearboard/icon_alb01_teambuff12_on.png
EEE3349D,icon_abilearboard/icon_alb01_teambuff12_on.png
78D333EA,icon_abilearboard/icon_alb01_teambuff12_on.png
DB465774,icon_abilearboard/icon_alb01_teambuff12_on.png
4D765003,icon_abilearboard/icon_alb01_teambuff12_on.png
F727599A,icon_abilearboard/icon_alb01_teambuff12_on.png
61175EED,icon_abilearboard/icon_alb01_teambuff12_on.png
F00AE17D,icon_abilearboard/icon_alb01_teambuff12_on.png
663AE60A,icon_abilearboard/icon_alb01_teambuff12_on.png
0FAA39BA,icon_abilearboard/icon_alb01_teambuff11_on.png
BA1D8816,icon_abilearboard/icon_alb01_teambuff11_on.png
004C818F,icon_abilearboard/icon_alb01_teambuff11_on.png
967C86F8,icon_abilearboard/icon_alb01_teambuff11_on.png
35E9E266,icon_abilearboard/icon_alb01_teambuff11_on.png
A3D9E511,icon_abilearboard/icon_alb01_teambuff11_on.png
1988EC88,icon_abilearboard/icon_alb01_teambuff11_on.png
8FB8EBFF,icon_abilearboard/icon_alb01_teambuff11_on.png
1EA5546F,icon_abilearboard/icon_alb01_teambuff11_on.png
88955318,icon_abilearboard/icon_alb01_teambuff11_on.png
999A3ECD,icon_abilearboard/icon_alb01_teambuff12_on.png
DF7A34AE,icon_abilearboard/icon_alb01_teambuff12_on.png
652B3D37,icon_abilearboard/icon_alb01_teambuff12_on.png
F31B3A40,icon_abilearboard/icon_alb01_teambuff12_on.png
508E5EDE,icon_abilearboard/icon_alb01_teambuff12_on.png
C6BE59A9,icon_abilearboard/icon_alb01_teambuff12_on.png
7CEF5030,icon_abilearboard/icon_alb01_teambuff12_on.png
EADF5747,icon_abilearboard/icon_alb01_teambuff12_on.png
7BC2E8D7,icon_abilearboard/icon_alb01_teambuff12_on.png
EDF2EFA0,icon_abilearboard/icon_alb01_teambuff12_on.png
3A0F5A53,icon_abilearboard/icon_alb01_teambuff13_on.png
6642E333,icon_abilearboard/icon_alb01_teambuff13_on.png
DC13EAAA,icon_abilearboard/icon_alb01_teambuff13_on.png
4A23EDDD,icon_abilearboard/icon_alb01_teambuff13_on.png
E9B68943,icon_abilearboard/icon_alb01_teambuff13_on.png
7F868E34,icon_abilearboard/icon_alb01_teambuff13_on.png
C5D787AD,icon_abilearboard/icon_alb01_teambuff13_on.png
53E780DA,icon_abilearboard/icon_alb01_teambuff13_on.png
C2FA3F4A,icon_abilearboard/icon_alb01_teambuff13_on.png
54CA383D,icon_abilearboard/icon_alb01_teambuff13_on.png
AC3F5D24,icon_abilearboard/icon_alb01_teambuff01_on.png
03255F8B,icon_abilearboard/icon_alb01_teambuff01_on.png
B9745612,icon_abilearboard/icon_alb01_teambuff01_on.png
2F445165,icon_abilearboard/icon_alb01_teambuff01_on.png
8CD135FB,icon_abilearboard/icon_alb01_teambuff01_on.png
1AE1328C,icon_abilearboard/icon_alb01_teambuff01_on.png
A0B03B15,icon_abilearboard/icon_alb01_teambuff01_on.png
36803C62,icon_abilearboard/icon_alb01_teambuff01_on.png
A79D83F2,icon_abilearboard/icon_alb01_teambuff01_on.png
31AD8485,icon_abilearboard/icon_alb01_teambuff01_on.png
166E54BD,icon_abilearboard/icon_alb01_teambuff11_on.png
ED8AEA99,icon_abilearboard/icon_alb01_teambuff11_on.png
57DBE300,icon_abilearboard/icon_alb01_teambuff11_on.png
C1EBE477,icon_abilearboard/icon_alb01_teambuff11_on.png
627E80E9,icon_abilearboard/icon_alb01_teambuff11_on.png
F44E879E,icon_abilearboard/icon_alb01_teambuff11_on.png
4E1F8E07,icon_abilearboard/icon_alb01_teambuff11_on.png
D82F8970,icon_abilearboard/icon_alb01_teambuff11_on.png
493236E0,icon_abilearboard/icon_alb01_teambuff11_on.png
DF023197,icon_abilearboard/icon_alb01_teambuff11_on.png
805E53CA,icon_abilearboard/icon_alb01_teambuff12_on.png
88ED5621,icon_abilearboard/icon_alb01_teambuff12_on.png
32BC5FB8,icon_abilearboard/icon_alb01_teambuff12_on.png
A48C58CF,icon_abilearboard/icon_alb01_teambuff12_on.png
07193C51,icon_abilearboard/icon_alb01_teambuff12_on.png
91293B26,icon_abilearboard/icon_alb01_teambuff12_on.png
2B7832BF,icon_abilearboard/icon_alb01_teambuff12_on.png
BD4835C8,icon_abilearboard/icon_alb01_teambuff12_on.png
2C558A58,icon_abilearboard/icon_alb01_teambuff12_on.png
BA658D2F,icon_abilearboard/icon_alb01_teambuff12_on.png
1143EC5A,icon_abilearboard/icon_alb01_teambuff13_on.png
DEFD3579,icon_abilearboard/icon_alb01_teambuff13_on.png
64AC3CE0,icon_abilearboard/icon_alb01_teambuff13_on.png
F29C3B97,icon_abilearboard/icon_alb01_teambuff13_on.png
51095F09,icon_abilearboard/icon_alb01_teambuff13_on.png
C739587E,icon_abilearboard/icon_alb01_teambuff13_on.png
7D6851E7,icon_abilearboard/icon_alb01_teambuff13_on.png
EB585690,icon_abilearboard/icon_alb01_teambuff13_on.png
7A45E900,icon_abilearboard/icon_alb01_teambuff13_on.png
EC75EE77,icon_abilearboard/icon_alb01_teambuff13_on.png
8773EB2D,icon_abilearboard/icon_alb01_teambuff01_on.png
BB9A89C1,icon_abilearboard/icon_alb01_teambuff01_on.png
01CB8058,icon_abilearboard/icon_alb01_teambuff01_on.png
97FB872F,icon_abilearboard/icon_alb01_teambuff01_on.png
346EE3B1,icon_abilearboard/icon_alb01_teambuff01_on.png
E0981A7F,icon_abilearboard/icon_alb01_teambuff01_on.png
E1AF21FB,icon_abilearboard/icon_alb01_teambuff01_on.png
5BFE2862,icon_abilearboard/icon_alb01_teambuff01_on.png
CDCE2F15,icon_abilearboard/icon_alb01_teambuff01_on.png
6E5B4B8B,icon_abilearboard/icon_alb01_teambuff01_on.png
76A81D08,icon_abilearboard/icon_alb01_teambuff11_on.png
84C89D43,icon_abilearboard/icon_alb01_teambuff11_on.png
3E9994DA,icon_abilearboard/icon_alb01_teambuff11_on.png
A8A993AD,icon_abilearboard/icon_alb01_teambuff11_on.png
0B3CF733,icon_abilearboard/icon_alb01_teambuff11_on.png
CCF91491,icon_abilearboard/icon_alb01_teambuff11_on.png
6A672851,icon_abilearboard/icon_alb01_teambuff11_on.png
D03621C8,icon_abilearboard/icon_alb01_teambuff11_on.png
460626BF,icon_abilearboard/icon_alb01_teambuff11_on.png
E5934221,icon_abilearboard/icon_alb01_teambuff11_on.png
5AC913E6,icon_abilearboard/icon_alb01_teambuff12_on.png
0F0094E9,icon_abilearboard/icon_alb01_teambuff12_on.png
B5519D70,icon_abilearboard/icon_alb01_teambuff12_on.png
23619A07,icon_abilearboard/icon_alb01_teambuff12_on.png
80F4FE99,icon_abilearboard/icon_alb01_teambuff12_on.png
F95C7778,icon_abilearboard/icon_alb01_teambuff12_on.png
B6384374,icon_abilearboard/icon_alb01_teambuff12_on.png
0C694AED,icon_abilearboard/icon_alb01_teambuff12_on.png
9A594D9A,icon_abilearboard/icon_alb01_teambuff12_on.png
39CC2904,icon_abilearboard/icon_alb01_teambuff12_on.png
6F6C700F,icon_abilearboard/icon_alb01_teambuff13_on.png
D35FFFCC,icon_abilearboard/icon_alb01_teambuff13_on.png
690EF655,icon_abilearboard/icon_alb01_teambuff13_on.png
FF3EF122,icon_abilearboard/icon_alb01_teambuff13_on.png
5CAB95BC,icon_abilearboard/icon_alb01_teambuff13_on.png
D53D7996,icon_abilearboard/icon_alb01_teambuff13_on.png
3DF04ADE,icon_abilearboard/icon_alb01_teambuff13_on.png
87A14347,icon_abilearboard/icon_alb01_teambuff13_on.png
11914430,icon_abilearboard/icon_alb01_teambuff13_on.png
B20420AE,icon_abilearboard/icon_alb01_teambuff13_on.png
430D7EE1,icon_abilearboard/icon_alb01_teambuff01_on.png
5897F666,icon_abilearboard/icon_alb01_teambuff01_on.png
E2C6FFFF,icon_abilearboard/icon_alb01_teambuff01_on.png
74F6F888,icon_abilearboard/icon_alb01_teambuff01_on.png
D7639C16,icon_abilearboard/icon_alb01_teambuff01_on.png
D210C171,icon_abilearboard/icon_alb01_teambuff01_on.png
0E87953E,icon_abilearboard/icon_alb01_teambuff01_on.png
B4D69CA7,icon_abilearboard/icon_alb01_teambuff01_on.png
22E69BD0,icon_abilearboard/icon_alb01_teambuff01_on.png
8173FF4E,icon_abilearboard/icon_alb01_teambuff01_on.png
4420C606,icon_abilearboard/icon_alb01_teambuff11_on.png
6BE02986,icon_abilearboard/icon_alb01_teambuff11_on.png
D1B1201F,icon_abilearboard/icon_alb01_teambuff11_on.png
47812768,icon_abilearboard/icon_alb01_teambuff11_on.png
E41443F6,icon_abilearboard/icon_alb01_teambuff11_on.png
A1A90166,icon_abilearboard/icon_alb01_teambuff11_on.png
518641C6,icon_abilearboard/icon_alb01_teambuff11_on.png
EBD7485F,icon_abilearboard/icon_alb01_teambuff11_on.png
7DE74F28,icon_abilearboard/icon_alb01_teambuff11_on.png
DE722BB6,icon_abilearboard/icon_alb01_teambuff11_on.png
37990611,icon_abilearboard/icon_alb01_teambuff13_on.png
34E1FD7E,icon_abilearboard/icon_alb01_teambuff13_on.png
8EB0F4E7,icon_abilearboard/icon_alb01_teambuff13_on.png
1880F390,icon_abilearboard/icon_alb01_teambuff13_on.png
BB15970E,icon_abilearboard/icon_alb01_teambuff13_on.png
8DC80F88,icon_abilearboard/icon_alb01_teambuff13_on.png
DA4E486C,icon_abilearboard/icon_alb01_teambuff13_on.png
601F41F5,icon_abilearboard/icon_alb01_teambuff13_on.png
F62F4682,icon_abilearboard/icon_alb01_teambuff13_on.png
55BA221C,icon_abilearboard/icon_alb01_teambuff13_on.png
1BF808FF,icon_abilearboard/icon_alb01_teambuff11_on.png
BF29F4D4,icon_abilearboard/icon_alb01_teambuff11_on.png
0578FD4D,icon_abilearboard/icon_alb01_teambuff11_on.png
9348FA3A,icon_abilearboard/icon_alb01_teambuff11_on.png
30DD9EA4,icon_abilearboard/icon_alb01_teambuff11_on.png
B86D6C61,icon_abilearboard/icon_alb01_teambuff11_on.png
06112349,icon_abilearboard/icon_alb01_teambuff11_on.png
BC402AD0,icon_abilearboard/icon_alb01_teambuff11_on.png
2A702DA7,icon_abilearboard/icon_alb01_teambuff11_on.png
89E54939,icon_abilearboard/icon_alb01_teambuff11_on.png
2E5D6B16,icon_abilearboard/icon_alb01_teambuff12_on.png
63769FF1,icon_abilearboard/icon_alb01_teambuff12_on.png
D9279668,icon_abilearboard/icon_alb01_teambuff12_on.png
4F17911F,icon_abilearboard/icon_alb01_teambuff12_on.png
EC82F581,icon_abilearboard/icon_alb01_teambuff12_on.png
940C628F,icon_abilearboard/icon_alb01_teambuff12_on.png
8DD92AE3,icon_abilearboard/icon_alb01_teambuff12_on.png
3788237A,icon_abilearboard/icon_alb01_teambuff12_on.png
A1B8240D,icon_abilearboard/icon_alb01_teambuff12_on.png
022D4093,icon_abilearboard/icon_alb01_teambuff12_on.png
023C65F8,icon_abilearboard/icon_alb01_teambuff11_on.png
E8BE965B,icon_abilearboard/icon_alb01_teambuff11_on.png
52EF9FC2,icon_abilearboard/icon_alb01_teambuff11_on.png
C4DF98B5,icon_abilearboard/icon_alb01_teambuff11_on.png
674AFC2B,icon_abilearboard/icon_alb01_teambuff11_on.png
F17AFB5C,icon_abilearboard/icon_alb01_teambuff11_on.png
4B2BF2C5,icon_abilearboard/icon_alb01_teambuff11_on.png
DD1BF5B2,icon_abilearboard/icon_alb01_teambuff11_on.png
4C064A22,icon_abilearboard/icon_alb01_teambuff11_on.png
DA364D55,icon_abilearboard/icon_alb01_teambuff11_on.png
9321DA68,icon_abilearboard/icon_alb01_teambuff01_on.png
BEAEF503,icon_abilearboard/icon_alb01_teambuff01_on.png
04FFFC9A,icon_abilearboard/icon_alb01_teambuff01_on.png
92CFFBED,icon_abilearboard/icon_alb01_teambuff01_on.png
315A9F73,icon_abilearboard/icon_alb01_teambuff01_on.png
0511DD1F,icon_abilearboard/icon_alb01_teambuff01_on.png
DBC949BB,icon_abilearboard/icon_alb01_teambuff01_on.png
61984022,icon_abilearboard/icon_alb01_teambuff01_on.png
F7A84755,icon_abilearboard/icon_alb01_teambuff01_on.png
543D23CB,icon_abilearboard/icon_alb01_teambuff01_on.png
663F4029,icon_abilearboard/icon_alb01_teambuff11_on.png
415A6174,icon_abilearboard/icon_alb01_teambuff11_on.png
FB0B68ED,icon_abilearboard/icon_alb01_teambuff11_on.png
6D3B6F9A,icon_abilearboard/icon_alb01_teambuff11_on.png
CEAE0B04,icon_abilearboard/icon_alb01_teambuff11_on.png
F00F475E,icon_abilearboard/icon_alb01_teambuff11_on.png
243DDDCC,icon_abilearboard/icon_alb01_teambuff11_on.png
9E6CD455,icon_abilearboard/icon_alb01_teambuff11_on.png
085CD322,icon_abilearboard/icon_alb01_teambuff11_on.png
ABC9B7BC,icon_abilearboard/icon_alb01_teambuff11_on.png
4A5E4EC7,icon_abilearboard/icon_alb01_teambuff12_on.png
CA9268DE,icon_abilearboard/icon_alb01_teambuff12_on.png
70C36147,icon_abilearboard/icon_alb01_teambuff12_on.png
E6F36630,icon_abilearboard/icon_alb01_teambuff12_on.png
456602AE,icon_abilearboard/icon_alb01_teambuff12_on.png
DC6E49B0,icon_abilearboard/icon_alb01_teambuff12_on.png
AFF5D466,icon_abilearboard/icon_alb01_teambuff12_on.png
15A4DDFF,icon_abilearboard/icon_alb01_teambuff12_on.png
8394DA88,icon_abilearboard/icon_alb01_teambuff12_on.png
2001BE16,icon_abilearboard/icon_alb01_teambuff12_on.png
7FFB2D2E,icon_abilearboard/icon_alb01_teambuff11_on.png
16CD03FB,icon_abilearboard/icon_alb01_teambuff11_on.png
AC9C0A62,icon_abilearboard/icon_alb01_teambuff11_on.png
3AAC0D15,icon_abilearboard/icon_alb01_teambuff11_on.png
9939698B,icon_abilearboard/icon_alb01_teambuff11_on.png
0F096EFC,icon_abilearboard/icon_alb01_teambuff11_on.png
B5586765,icon_abilearboard/icon_alb01_teambuff11_on.png
23686012,icon_abilearboard/icon_alb01_teambuff11_on.png
B275DF82,icon_abilearboard/icon_alb01_teambuff11_on.png
2445D8F5,icon_abilearboard/icon_alb01_teambuff11_on.png
E9CB2A59,icon_abilearboard/icon_alb01_teambuff11_on.png
73AABF43,icon_abilearboard/icon_alb01_teambuff11_on.png
C9FBB6DA,icon_abilearboard/icon_alb01_teambuff11_on.png
5FCBB1AD,icon_abilearboard/icon_alb01_teambuff11_on.png
FC5ED533,icon_abilearboard/icon_alb01_teambuff11_on.png
539A23C0,icon_abilearboard/icon_alb01_teambuff11_on.png
9D050A51,icon_abilearboard/icon_alb01_teambuff11_on.png
275403C8,icon_abilearboard/icon_alb01_teambuff11_on.png
B16404BF,icon_abilearboard/icon_alb01_teambuff11_on.png
12F16021,icon_abilearboard/icon_alb01_teambuff11_on.png
C5AA24B7,icon_abilearboard/icon_alb01_teambuff12_on.png
F862B6E9,icon_abilearboard/icon_alb01_teambuff12_on.png
4233BF70,icon_abilearboard/icon_alb01_teambuff12_on.png
D403B807,icon_abilearboard/icon_alb01_teambuff12_on.png
7796DC99,icon_abilearboard/icon_alb01_teambuff12_on.png
54B79B27,icon_abilearboard/icon_alb01_teambuff12_on.png
AE72D5B1,icon_abilearboard/icon_alb01_teambuff12_on.png
1423DC28,icon_abilearboard/icon_alb01_teambuff12_on.png
8213DB5F,icon_abilearboard/icon_alb01_teambuff12_on.png
2186BFC1,icon_abilearboard/icon_alb01_teambuff12_on.png
C2879C50,icon_abilearboard/icon_alb01_teambuff11_on.png
CB156909,icon_abilearboard/icon_alb01_teambuff11_on.png
71446090,icon_abilearboard/icon_alb01_teambuff11_on.png
E77467E7,icon_abilearboard/icon_alb01_teambuff11_on.png
44E10379,icon_abilearboard/icon_alb01_teambuff11_on.png
D2D1040E,icon_abilearboard/icon_alb01_teambuff11_on.png
68800D97,icon_abilearboard/icon_alb01_teambuff11_on.png
FEB00AE0,icon_abilearboard/icon_alb01_teambuff11_on.png
6FADB570,icon_abilearboard/icon_alb01_teambuff11_on.png
F99DB207,icon_abilearboard/icon_alb01_teambuff11_on.png
270E5B30,icon_abilearboard/icon_alb01_teambuff17_on.png
F1730149,icon_abilearboard/icon_alb01_teambuff17_on.png
4B2208D0,icon_abilearboard/icon_alb01_teambuff17_on.png
DD120FA7,icon_abilearboard/icon_alb01_teambuff17_on.png
7E876B39,icon_abilearboard/icon_alb01_teambuff17_on.png
B13E5C47,icon_abilearboard/icon_alb01_teambuff17_on.png
9414BDF1,icon_abilearboard/icon_alb01_teambuff17_on.png
2E45B468,icon_abilearboard/icon_alb01_teambuff17_on.png
B875B31F,icon_abilearboard/icon_alb01_teambuff17_on.png
1BE0D781,icon_abilearboard/icon_alb01_teambuff17_on.png
0B6F55DE,icon_abilearboard/icon_alb01_teambuff03_on.png
7ABB08E3,icon_abilearboard/icon_alb01_teambuff03_on.png
C0EA017A,icon_abilearboard/icon_alb01_teambuff03_on.png
56DA060D,icon_abilearboard/icon_alb01_teambuff03_on.png
F54F6293,icon_abilearboard/icon_alb01_teambuff03_on.png
9D5F52A9,icon_abilearboard/icon_alb01_teambuff03_on.png
1FDCB45B,icon_abilearboard/icon_alb01_teambuff03_on.png
A58DBDC2,icon_abilearboard/icon_alb01_teambuff03_on.png
33BDBAB5,icon_abilearboard/icon_alb01_teambuff03_on.png
9028DE2B,icon_abilearboard/icon_alb01_teambuff03_on.png
3ECA3637,icon_abilearboard/icon_alb01_teambuff03_on.png
A6E463C6,icon_abilearboard/icon_alb01_teambuff03_on.png
1CB56A5F,icon_abilearboard/icon_alb01_teambuff03_on.png
8A856D28,icon_abilearboard/icon_alb01_teambuff03_on.png
291009B6,icon_abilearboard/icon_alb01_teambuff03_on.png
A8FA3140,icon_abilearboard/icon_alb01_teambuff03_on.png
C383DF7E,icon_abilearboard/icon_alb01_teambuff03_on.png
79D2D6E7,icon_abilearboard/icon_alb01_teambuff03_on.png
EFE2D190,icon_abilearboard/icon_alb01_teambuff03_on.png
4C77B50E,icon_abilearboard/icon_alb01_teambuff03_on.png
12AB38D9,icon_abilearboard/icon_alb01_teambuff03_on.png
2D2C6A6C,icon_abilearboard/icon_alb01_teambuff03_on.png
977D63F5,icon_abilearboard/icon_alb01_teambuff03_on.png
014D6482,icon_abilearboard/icon_alb01_teambuff03_on.png
A2D8001C,icon_abilearboard/icon_alb01_teambuff03_on.png
849B3FAE,icon_abilearboard/icon_alb01_teambuff03_on.png
484BD6D4,icon_abilearboard/icon_alb01_teambuff03_on.png
F21ADF4D,icon_abilearboard/icon_alb01_teambuff03_on.png
642AD83A,icon_abilearboard/icon_alb01_teambuff03_on.png
C7BFBCA4,icon_abilearboard/icon_alb01_teambuff03_on.png
1586803E,icon_abilearboard/icon_alb01_teambuff03_on.png
1E5BB58C,icon_abilearboard/icon_alb01_teambuff03_on.png
A40ABC15,icon_abilearboard/icon_alb01_teambuff03_on.png
323ABB62,icon_abilearboard/icon_alb01_teambuff03_on.png
91AFDFFC,icon_abilearboard/icon_alb01_teambuff03_on.png
83B68749,icon_abilearboard/icon_alb01_teambuff03_on.png
7B3C0934,icon_abilearboard/icon_alb01_teambuff03_on.png
C16D00AD,icon_abilearboard/icon_alb01_teambuff03_on.png
575D07DA,icon_abilearboard/icon_alb01_teambuff03_on.png
F4C86344,icon_abilearboard/icon_alb01_teambuff03_on.png
E45D761B,icon_abilearboard/icon_alb01_teambuff15_on.png
2109A10E,icon_abilearboard/icon_alb01_teambuff15_on.png
9B58A897,icon_abilearboard/icon_alb01_teambuff15_on.png
0D68AFE0,icon_abilearboard/icon_alb01_teambuff15_on.png
AEFDCB7E,icon_abilearboard/icon_alb01_teambuff15_on.png
726D716C,icon_abilearboard/icon_alb01_teambuff15_on.png
446E1DB6,icon_abilearboard/icon_alb01_teambuff15_on.png
FE3F142F,icon_abilearboard/icon_alb01_teambuff15_on.png
680F1358,icon_abilearboard/icon_alb01_teambuff15_on.png
CB9A77C6,icon_abilearboard/icon_alb01_teambuff15_on.png
C83C78F5,icon_abilearboard/icon_alb01_teambuff12_on.png
AAC1A8A4,icon_abilearboard/icon_alb01_teambuff12_on.png
1090A13D,icon_abilearboard/icon_alb01_teambuff12_on.png
86A0A64A,icon_abilearboard/icon_alb01_teambuff12_on.png
2535C2D4,icon_abilearboard/icon_alb01_teambuff12_on.png
5E0C7F82,icon_abilearboard/icon_alb01_teambuff12_on.png
CFA6141C,icon_abilearboard/icon_alb01_teambuff12_on.png
75F71D85,icon_abilearboard/icon_alb01_teambuff12_on.png
E3C71AF2,icon_abilearboard/icon_alb01_teambuff12_on.png
40527E6C,icon_abilearboard/icon_alb01_teambuff12_on.png
FD991B1C,icon_abilearboard/icon_alb01_teambuff11_on.png
769EC381,icon_abilearboard/icon_alb01_teambuff11_on.png
CCCFCA18,icon_abilearboard/icon_alb01_teambuff11_on.png
5AFFCD6F,icon_abilearboard/icon_alb01_teambuff11_on.png
F96AA9F1,icon_abilearboard/icon_alb01_teambuff11_on.png
6BA91C6B,icon_abilearboard/icon_alb01_teambuff11_on.png
13F97F39,icon_abilearboard/icon_alb01_teambuff11_on.png
A9A876A0,icon_abilearboard/icon_alb01_teambuff11_on.png
3F9871D7,icon_abilearboard/icon_alb01_teambuff11_on.png
9C0D1549,icon_abilearboard/icon_alb01_teambuff11_on.png
D1F815F2,icon_abilearboard/icon_alb01_teambuff01_on.png
FD56CA2B,icon_abilearboard/icon_alb01_teambuff01_on.png
4707C3B2,icon_abilearboard/icon_alb01_teambuff01_on.png
D137C4C5,icon_abilearboard/icon_alb01_teambuff01_on.png
72A2A05B,icon_abilearboard/icon_alb01_teambuff01_on.png
47C81285,icon_abilearboard/icon_alb01_teambuff01_on.png
98317693,icon_abilearboard/icon_alb01_teambuff01_on.png
22607F0A,icon_abilearboard/icon_alb01_teambuff01_on.png
B450787D,icon_abilearboard/icon_alb01_teambuff01_on.png
17C51CE3,icon_abilearboard/icon_alb01_teambuff01_on.png
D6D5AD15,icon_abilearboard/icon_alb01_teambuff01_on.png
CE2115CB,icon_abilearboard/icon_alb01_teambuff01_on.png
74701C52,icon_abilearboard/icon_alb01_teambuff01_on.png
E2401B25,icon_abilearboard/icon_alb01_teambuff01_on.png
41D57FBB,icon_abilearboard/icon_alb01_teambuff01_on.png
40E5AA62,icon_abilearboard/icon_alb01_teambuff01_on.png
AB46A973,icon_abilearboard/icon_alb01_teambuff01_on.png
1117A0EA,icon_abilearboard/icon_alb01_teambuff01_on.png
8727A79D,icon_abilearboard/icon_alb01_teambuff01_on.png
24B2C303,icon_abilearboard/icon_alb01_teambuff01_on.png
A56C6D02,icon_abilearboard/icon_alb01_teambuff11_on.png
9120C133,icon_abilearboard/icon_alb01_teambuff11_on.png
2B71C8AA,icon_abilearboard/icon_alb01_teambuff11_on.png
BD41CFDD,icon_abilearboard/icon_alb01_teambuff11_on.png
1ED4AB43,icon_abilearboard/icon_alb01_teambuff11_on.png
335C6A75,icon_abilearboard/icon_alb01_teambuff11_on.png
F4477D8B,icon_abilearboard/icon_alb01_teambuff11_on.png
4E167412,icon_abilearboard/icon_alb01_teambuff11_on.png
D8267365,icon_abilearboard/icon_alb01_teambuff11_on.png
7BB317FB,icon_abilearboard/icon_alb01_teambuff11_on.png
890D63EC,icon_abilearboard/icon_alb01_teambuff11_on.png
1AE8C899,icon_abilearboard/icon_alb01_teambuff11_on.png
A0B9C100,icon_abilearboard/icon_alb01_teambuff11_on.png
3689C677,icon_abilearboard/icon_alb01_teambuff11_on.png
951CA2E9,icon_abilearboard/icon_alb01_teambuff11_on.png
1F3D649B,icon_abilearboard/icon_alb01_teambuff11_on.png
7F8F7421,icon_abilearboard/icon_alb01_teambuff11_on.png
C5DE7DB8,icon_abilearboard/icon_alb01_teambuff11_on.png
53EE7ACF,icon_abilearboard/icon_alb01_teambuff11_on.png
F07B1E51,icon_abilearboard/icon_alb01_teambuff11_on.png
BCA80005,icon_abilearboard/icon_alb01_teambuff14_on.png
C6B7A3BC,icon_abilearboard/icon_alb01_teambuff14_on.png
7CE6AA25,icon_abilearboard/icon_alb01_teambuff14_on.png
EAD6AD52,icon_abilearboard/icon_alb01_teambuff14_on.png
4943C9CC,icon_abilearboard/icon_alb01_teambuff14_on.png
2A980772,icon_abilearboard/icon_alb01_teambuff14_on.png
A3D01F04,icon_abilearboard/icon_alb01_teambuff14_on.png
1981169D,icon_abilearboard/icon_alb01_teambuff14_on.png
8FB111EA,icon_abilearboard/icon_alb01_teambuff14_on.png
2C247574,icon_abilearboard/icon_alb01_teambuff14_on.png
90C90EEB,icon_abilearboard/icon_alb01_teambuff36_on.png
4D7FAA16,icon_abilearboard/icon_alb01_teambuff36_on.png
F72EA38F,icon_abilearboard/icon_alb01_teambuff36_on.png
611EA4F8,icon_abilearboard/icon_alb01_teambuff36_on.png
C28BC066,icon_abilearboard/icon_alb01_teambuff36_on.png
06F9099C,icon_abilearboard/icon_alb01_teambuff36_on.png
281816AE,icon_abilearboard/icon_alb01_teambuff36_on.png
92491F37,icon_abilearboard/icon_alb01_teambuff36_on.png
04791840,icon_abilearboard/icon_alb01_teambuff36_on.png
A7EC7CDE,icon_abilearboard/icon_alb01_teambuff36_on.png
97E4B60C,icon_abilearboard/icon_alb01_teambuff38_on.png
7E0875F6,icon_abilearboard/icon_alb01_teambuff38_on.png
C4597C6F,icon_abilearboard/icon_alb01_teambuff38_on.png
52697B18,icon_abilearboard/icon_alb01_teambuff38_on.png
F1FC1F86,icon_abilearboard/icon_alb01_teambuff38_on.png
01D4B17B,icon_abilearboard/icon_alb01_teambuff38_on.png
1B6FC94E,icon_abilearboard/icon_alb01_teambuff38_on.png
A13EC0D7,icon_abilearboard/icon_alb01_teambuff38_on.png
370EC7A0,icon_abilearboard/icon_alb01_teambuff38_on.png
949BA33E,icon_abilearboard/icon_alb01_teambuff38_on.png
6A70F585,icon_abilearboard/icon_alb01_teambuff12_on.png
40B791B1,icon_abilearboard/icon_alb01_teambuff12_on.png
FAE69828,icon_abilearboard/icon_alb01_teambuff12_on.png
6CD69F5F,icon_abilearboard/icon_alb01_teambuff12_on.png
CF43FBC1,icon_abilearboard/icon_alb01_teambuff12_on.png
FC40F2F2,icon_abilearboard/icon_alb01_teambuff12_on.png
25D02D09,icon_abilearboard/icon_alb01_teambuff12_on.png
9F812490,icon_abilearboard/icon_alb01_teambuff12_on.png
09B123E7,icon_abilearboard/icon_alb01_teambuff12_on.png
AA244779,icon_abilearboard/icon_alb01_teambuff12_on.png
4611FB6B,icon_abilearboard/icon_alb01_teambuff01_on.png
CB7F981B,icon_abilearboard/icon_alb01_teambuff01_on.png
712E9182,icon_abilearboard/icon_alb01_teambuff01_on.png
E71E96F5,icon_abilearboard/icon_alb01_teambuff01_on.png
448BF26B,icon_abilearboard/icon_alb01_teambuff01_on.png
D021FC1C,icon_abilearboard/icon_alb01_teambuff01_on.png
AE1824A3,icon_abilearboard/icon_alb01_teambuff01_on.png
14492D3A,icon_abilearboard/icon_alb01_teambuff01_on.png
82792A4D,icon_abilearboard/icon_alb01_teambuff01_on.png
21EC4ED3,icon_abilearboard/icon_alb01_teambuff01_on.png
73B49882,icon_abilearboard/icon_alb01_teambuff38_on.png
1720F33E,icon_abilearboard/icon_alb01_teambuff38_on.png
AD71FAA7,icon_abilearboard/icon_alb01_teambuff38_on.png
3B41FDD0,icon_abilearboard/icon_alb01_teambuff38_on.png
98D4994E,icon_abilearboard/icon_alb01_teambuff38_on.png
E5849FF5,icon_abilearboard/icon_alb01_teambuff29_on.png
72474F86,icon_abilearboard/icon_alb01_teambuff29_on.png
C816461F,icon_abilearboard/icon_alb01_teambuff29_on.png
5E264168,icon_abilearboard/icon_alb01_teambuff29_on.png
FDB325F6,icon_abilearboard/icon_alb01_teambuff29_on.png
5FD5966C,icon_abilearboard/icon_alb01_teambuff29_on.png
9CE8FA94,icon_abilearboard/icon_alb01_teambuff29_on.png
26B9F30D,icon_abilearboard/icon_alb01_teambuff29_on.png
B089F47A,icon_abilearboard/icon_alb01_teambuff29_on.png
131C90E4,icon_abilearboard/icon_alb01_teambuff29_on.png
C9E5911B,icon_abilearboard/icon_alb01_teambuff29_on.png
F98F462C,icon_abilearboard/icon_alb01_teambuff29_on.png
43DE4FB5,icon_abilearboard/icon_alb01_teambuff29_on.png
D5EE48C2,icon_abilearboard/icon_alb01_teambuff29_on.png
767B2C5C,icon_abilearboard/icon_alb01_teambuff29_on.png
58F82E8B,icon_abilearboard/icon_alb01_teambuff29_on.png
AF9F2574,icon_abilearboard/icon_alb01_teambuff29_on.png
15CE2CED,icon_abilearboard/icon_alb01_teambuff29_on.png
83FE2B9A,icon_abilearboard/icon_alb01_teambuff29_on.png
206B4F04,icon_abilearboard/icon_alb01_teambuff29_on.png
CEC829FC,icon_abilearboard/icon_alb01_teambuff15_on.png
CAF899CC,icon_abilearboard/icon_alb01_teambuff15_on.png
70A99055,icon_abilearboard/icon_alb01_teambuff15_on.png
E6999722,icon_abilearboard/icon_alb01_teambuff15_on.png
450CF3BC,icon_abilearboard/icon_alb01_teambuff15_on.png
2B41EE9C,icon_abilearboard/icon_alb01_teambuff15_on.png
F09EF18C,icon_abilearboard/icon_alb01_teambuff15_on.png
4ACFF815,icon_abilearboard/icon_alb01_teambuff15_on.png
DCFFFF62,icon_abilearboard/icon_alb01_teambuff15_on.png
7F6A9BFC,icon_abilearboard/icon_alb01_teambuff15_on.png
BD71E9EB,icon_abilearboard/icon_alb01_teambuff30_on.png
95F94D34,icon_abilearboard/icon_alb01_teambuff30_on.png
2FA844AD,icon_abilearboard/icon_alb01_teambuff30_on.png
B99843DA,icon_abilearboard/icon_alb01_teambuff30_on.png
1A0D2744,icon_abilearboard/icon_alb01_teambuff30_on.png
0720E072,icon_abilearboard/icon_alb01_teambuff30_on.png
7B56F826,icon_abilearboard/icon_alb01_teambuff30_on.png
C107F1BF,icon_abilearboard/icon_alb01_teambuff30_on.png
5737F6C8,icon_abilearboard/icon_alb01_teambuff30_on.png
F4A29256,icon_abilearboard/icon_alb01_teambuff30_on.png
9110E705,icon_abilearboard/icon_alb01_teambuff38_on.png
1E31449E,icon_abilearboard/icon_alb01_teambuff38_on.png
A4604D07,icon_abilearboard/icon_alb01_teambuff38_on.png
32504A70,icon_abilearboard/icon_alb01_teambuff38_on.png
91C52EEE,icon_abilearboard/icon_alb01_teambuff38_on.png
3285839B,icon_abilearboard/icon_alb01_teambuff38_on.png
A7099303,icon_abilearboard/icon_alb01_teambuff38_on.png
1D589A9A,icon_abilearboard/icon_alb01_teambuff38_on.png
8B689DED,icon_abilearboard/icon_alb01_teambuff38_on.png
28FDF973,icon_abilearboard/icon_alb01_teambuff38_on.png
A4B584EC,icon_abilearboard/icon_alb01_teambuff38_on.png
C26E2FBB,icon_abilearboard/icon_alb01_teambuff38_on.png
783F2622,icon_abilearboard/icon_alb01_teambuff38_on.png
EE0F2155,icon_abilearboard/icon_alb01_teambuff38_on.png
4D9A45CB,icon_abilearboard/icon_alb01_teambuff38_on.png
1EE48D75,icon_abilearboard/icon_alb01_teambuff38_on.png
2CC19AA9,icon_abilearboard/icon_alb01_teambuff38_on.png
96909330,icon_abilearboard/icon_alb01_teambuff38_on.png
00A09447,icon_abilearboard/icon_alb01_teambuff38_on.png
A335F0D9,icon_abilearboard/icon_alb01_teambuff38_on.png
88D48A02,icon_abilearboard/icon_alb01_teambuff13_on.png
49A62611,icon_abilearboard/icon_alb01_teambuff13_on.png
F3F72F88,icon_abilearboard/icon_alb01_teambuff13_on.png
65C728FF,icon_abilearboard/icon_alb01_teambuff13_on.png
C6524C61,icon_abilearboard/icon_alb01_teambuff13_on.png
19C93592,icon_abilearboard/icon_alb01_teambuff13_on.png
1FB64549,icon_abilearboard/icon_alb01_teambuff13_on.png
A5E74CD0,icon_abilearboard/icon_alb01_teambuff13_on.png
33D74BA7,icon_abilearboard/icon_alb01_teambuff13_on.png
90422F39,icon_abilearboard/icon_alb01_teambuff13_on.png
8FF932E5,icon_abilearboard/icon_alb01_teambuff30_on.png
7AD1F9F1,icon_abilearboard/icon_alb01_teambuff30_on.png
C080F068,icon_abilearboard/icon_alb01_teambuff30_on.png
56B0F71F,icon_abilearboard/icon_alb01_teambuff30_on.png
F5259381,icon_abilearboard/icon_alb01_teambuff30_on.png
5590EE4C,icon_abilearboard/icon_alb01_teambuff30_on.png
242FBD4A,icon_abilearboard/icon_alb01_teambuff30_on.png
9E7EB4D3,icon_abilearboard/icon_alb01_teambuff30_on.png
084EB3A4,icon_abilearboard/icon_alb01_teambuff30_on.png
ABDBD73A,icon_abilearboard/icon_alb01_teambuff30_on.png
C3A0E93B,icon_abilearboard/icon_alb01_teambuff19_on.png
414801F2,icon_abilearboard/icon_alb01_teambuff19_on.png
FB19086B,icon_abilearboard/icon_alb01_teambuff19_on.png
6D290F1C,icon_abilearboard/icon_alb01_teambuff19_on.png
CEBC6B82,icon_abilearboard/icon_alb01_teambuff19_on.png
79F1E0A2,icon_abilearboard/icon_alb01_teambuff19_on.png
AFE7B4E0,icon_abilearboard/icon_alb01_teambuff19_on.png
15B6BD79,icon_abilearboard/icon_alb01_teambuff19_on.png
8386BA0E,icon_abilearboard/icon_alb01_teambuff19_on.png
2013DE90,icon_abilearboard/icon_alb01_teambuff19_on.png
EFC1E7D5,icon_abilearboard/icon_alb01_teambuff20_on.png
CA800858,icon_abilearboard/icon_alb01_teambuff20_on.png
70D101C1,icon_abilearboard/icon_alb01_teambuff20_on.png
E6E106B6,icon_abilearboard/icon_alb01_teambuff20_on.png
45746228,icon_abilearboard/icon_alb01_teambuff20_on.png
4C54834B,icon_abilearboard/icon_alb01_teambuff20_on.png
73B8DFC5,icon_abilearboard/icon_alb01_teambuff20_on.png
C9E9D65C,icon_abilearboard/icon_alb01_teambuff20_on.png
5FD9D12B,icon_abilearboard/icon_alb01_teambuff20_on.png
FC4CB5B5,icon_abilearboard/icon_alb01_teambuff20_on.png
DA64843C,icon_abilearboard/icon_alb01_teambuff40_on.png
16DF637D,icon_abilearboard/icon_alb01_teambuff40_on.png
AC8E6AE4,icon_abilearboard/icon_alb01_teambuff40_on.png
3ABE6D93,icon_abilearboard/icon_alb01_teambuff40_on.png
992B090D,icon_abilearboard/icon_alb01_teambuff40_on.png
60358DA5,icon_abilearboard/icon_alb01_teambuff40_on.png
F870D66F,icon_abilearboard/icon_alb01_teambuff40_on.png
4221DFF6,icon_abilearboard/icon_alb01_teambuff40_on.png
D411D881,icon_abilearboard/icon_alb01_teambuff40_on.png
7784BC1F,icon_abilearboard/icon_alb01_teambuff40_on.png
F6058AD2,icon_abilearboard/icon_alb01_teambuff19_on.png
9D176AD7,icon_abilearboard/icon_alb01_teambuff19_on.png
2746634E,icon_abilearboard/icon_alb01_teambuff19_on.png
B1766439,icon_abilearboard/icon_alb01_teambuff19_on.png
12E300A7,icon_abilearboard/icon_alb01_teambuff19_on.png
67183542,icon_abilearboard/icon_alb01_teambuff19_on.png
CB07098F,icon_abilearboard/icon_alb01_teambuff19_on.png
71560016,icon_abilearboard/icon_alb01_teambuff19_on.png
E7660761,icon_abilearboard/icon_alb01_teambuff19_on.png
44F363FF,icon_abilearboard/icon_alb01_teambuff19_on.png
F1283235,icon_abilearboard/icon_alb01_teambuff20_on.png
AE60B537,icon_abilearboard/icon_alb01_teambuff20_on.png
1431BCAE,icon_abilearboard/icon_alb01_teambuff20_on.png
8201BBD9,icon_abilearboard/icon_alb01_teambuff20_on.png
2194DF47,icon_abilearboard/icon_alb01_teambuff20_on.png
14A1F555,icon_abilearboard/icon_alb01_teambuff20_on.png
9406DD77,icon_abilearboard/icon_alb01_teambuff20_on.png
2E57D4EE,icon_abilearboard/icon_alb01_teambuff20_on.png
B867D399,icon_abilearboard/icon_alb01_teambuff20_on.png
1BF2B707,icon_abilearboard/icon_alb01_teambuff20_on.png
38C0FBBB,icon_abilearboard/icon_alb01_teambuff14_on.png
1FCED4DD,icon_abilearboard/icon_alb01_teambuff14_on.png
A59FDD44,icon_abilearboard/icon_alb01_teambuff14_on.png
33AFDA33,icon_abilearboard/icon_alb01_teambuff14_on.png
903ABEAD,icon_abilearboard/icon_alb01_teambuff14_on.png
AEF0FCCC,icon_abilearboard/icon_alb01_teambuff03_on.png
7AA96865,icon_abilearboard/icon_alb01_teambuff03_on.png
C0F861FC,icon_abilearboard/icon_alb01_teambuff03_on.png
56C8668B,icon_abilearboard/icon_alb01_teambuff03_on.png
F55D0215,icon_abilearboard/icon_alb01_teambuff03_on.png
26292E5B,icon_abilearboard/icon_alb01_parameter03_on.png
7B2E69B2,icon_abilearboard/icon_alb01_parameter03_on.png
C17F602B,icon_abilearboard/icon_alb01_parameter03_on.png
574F675C,icon_abilearboard/icon_alb01_parameter03_on.png
F4DA03C2,icon_abilearboard/icon_alb01_parameter03_on.png
B019292C,icon_abilearboard/icon_alb01_teambuff38_on.png
1E49D50A,icon_abilearboard/icon_alb01_teambuff38_on.png
A418DC93,icon_abilearboard/icon_alb01_teambuff38_on.png
3228DBE4,icon_abilearboard/icon_alb01_teambuff38_on.png
91BDBF7A,icon_abilearboard/icon_alb01_teambuff38_on.png
7467BCE0,icon_abilearboard/icon_alb01_teambuff15_on.png
FD44AAAD,icon_abilearboard/icon_alb01_teambuff15_on.png
4715A334,icon_abilearboard/icon_alb01_teambuff15_on.png
D125A443,icon_abilearboard/icon_alb01_teambuff15_on.png
72B0C0DD,icon_abilearboard/icon_alb01_teambuff15_on.png
1AF12A5C,icon_abilearboard/icon_alb01_teambuff01_on.png
2801F46B,icon_abilearboard/icon_alb01_teambuff13_on.png
90BE2221,icon_abilearboard/icon_alb01_teambuff13_on.png
BBF29428,icon_abilearboard/icon_alb01_teambuff13_on.png
F5D99E99,icon_abilearboard/icon_alb01_teambuff01_on.png
FD4F28EE,icon_abilearboard/icon_alb01_teambuff01_on.png
13E09DFC,icon_abilearboard/icon_alb01_teambuff11_on.png
2097421C,icon_abilearboard/icon_alb01_teambuff13_on.png
F9235A84,icon_abilearboard/icon_alb01_teambuff01_on.png
D542546A,icon_abilearboard/icon_alb01_teambuff11_on.png
CC86396D,icon_abilearboard/icon_alb01_teambuff13_on.png
CBAB818A,icon_abilearboard/icon_alb01_teambuff01_on.png
B812419D,icon_abilearboard/icon_alb01_teambuff11_on.png
94734F73,icon_abilearboard/icon_alb01_teambuff13_on.png
A1D62C9A,icon_abilearboard/icon_alb01_teambuff11_on.png
16D4E13E,icon_abilearboard/icon_alb01_teambuff11_on.png
8A9A9A93,icon_abilearboard/icon_alb01_teambuff01_on.png
1CAA9DE4,icon_abilearboard/icon_alb01_teambuff01_on.png
E9B407A5,icon_abilearboard/icon_alb01_teambuff11_on.png
E8A7749E,icon_abilearboard/icon_alb01_teambuff11_on.png
357F1E6C,icon_abilearboard/icon_alb01_teambuff11_on.png
84E41252,icon_abilearboard/icon_alb01_teambuff03_on.png
B14171BB,icon_abilearboard/icon_alb01_teambuff03_on.png
47B73F79,icon_abilearboard/icon_alb01_teambuff12_on.png
A7FC640E,icon_abilearboard/icon_alb01_teambuff12_on.png
72125C90,icon_abilearboard/icon_alb01_teambuff11_on.png
7BA30F2B,icon_abilearboard/icon_alb01_teambuff11_on.png
CF6EEDEE,icon_abilearboard/icon_alb01_teambuff01_on.png
595EEA99,icon_abilearboard/icon_alb01_teambuff01_on.png
186FF180,icon_abilearboard/icon_alb01_teambuff38_on.png
C99ABCE7,icon_abilearboard/icon_alb01_teambuff01_on.png
FC3FDF0E,icon_abilearboard/icon_alb01_teambuff29_on.png
41436E70,icon_abilearboard/icon_alb01_teambuff29_on.png
32FAAE67,icon_abilearboard/icon_alb01_teambuff15_on.png
9642721E,icon_abilearboard/icon_alb01_teambuff30_on.png
4C2BAEB7,icon_abilearboard/icon_alb01_teambuff30_on.png
DA1BA9C0,icon_abilearboard/icon_alb01_teambuff38_on.png
604AA059,icon_abilearboard/icon_alb01_teambuff30_on.png
F67AA72E,icon_abilearboard/icon_alb01_teambuff12_on.png
55EFC3B0,icon_abilearboard/icon_alb01_teambuff03_on.png
C3DFC4C7,icon_abilearboard/icon_alb01_teambuff03_on.png
798ECD5E,icon_abilearboard/icon_alb01_teambuff11_on.png
EFBECA29,icon_abilearboard/icon_alb01_teambuff15_on.png
24B08B7D,icon_abilearboard/icon_alb01_parameter01_on.png
9EE182E4,icon_abilearboard/icon_alb01_parameter01_on.png
08D18593,icon_abilearboard/icon_alb01_parameter01_on.png
AB44E10D,icon_abilearboard/icon_alb01_parameter01_on.png
3D74E67A,icon_abilearboard/icon_alb01_parameter01_on.png
8725EFE3,icon_abilearboard/icon_alb01_parameter01_on.png
1115E894,icon_abilearboard/icon_alb01_parameter01_on.png
80085704,icon_abilearboard/icon_alb01_parameter01_on.png
16385073,icon_abilearboard/icon_alb01_parameter01_on.png
F3B19713,icon_abilearboard/icon_alb01_parameter01_on.png
13DA497C,icon_abilearboard/icon_alb01_parameter02_on.png
A98B40E5,icon_abilearboard/icon_alb01_parameter02_on.png
3FBB4792,icon_abilearboard/icon_alb01_parameter02_on.png
9C2E230C,icon_abilearboard/icon_alb01_parameter02_on.png
0A1E247B,icon_abilearboard/icon_alb01_parameter02_on.png
B04F2DE2,icon_abilearboard/icon_alb01_parameter02_on.png
267F2A95,icon_abilearboard/icon_alb01_parameter02_on.png
B7629505,icon_abilearboard/icon_alb01_parameter02_on.png
21529272,icon_abilearboard/icon_alb01_parameter02_on.png
C4DB5512,icon_abilearboard/icon_alb01_parameter02_on.png
4A640F7E,icon_abilearboard/icon_alb01_parameter03_on.png
F03506E7,icon_abilearboard/icon_alb01_parameter03_on.png
66050190,icon_abilearboard/icon_alb01_parameter03_on.png
C590650E,icon_abilearboard/icon_alb01_parameter03_on.png
53A06279,icon_abilearboard/icon_alb01_parameter03_on.png
E9F16BE0,icon_abilearboard/icon_alb01_parameter03_on.png
7FC16C97,icon_abilearboard/icon_alb01_parameter03_on.png
EEDCD307,icon_abilearboard/icon_alb01_parameter03_on.png
78ECD470,icon_abilearboard/icon_alb01_parameter03_on.png
9D651310,icon_abilearboard/icon_alb01_parameter03_on.png
7D0ECD7F,icon_abilearboard/icon_alb01_parameter05_on.png
C75FC4E6,icon_abilearboard/icon_alb01_parameter05_on.png
516FC391,icon_abilearboard/icon_alb01_parameter05_on.png
F2FAA70F,icon_abilearboard/icon_alb01_parameter05_on.png
64CAA078,icon_abilearboard/icon_alb01_parameter05_on.png
DE9BA9E1,icon_abilearboard/icon_alb01_parameter05_on.png
48ABAE96,icon_abilearboard/icon_alb01_parameter05_on.png
D9B61106,icon_abilearboard/icon_alb01_parameter05_on.png
4F861671,icon_abilearboard/icon_alb01_parameter05_on.png
AA0FD111,icon_abilearboard/icon_alb01_parameter05_on.png
F818827A,icon_abilearboard/icon_alb01_parameter06_on.png
42498BE3,icon_abilearboard/icon_alb01_parameter06_on.png
D4798C94,icon_abilearboard/icon_alb01_parameter06_on.png
77ECE80A,icon_abilearboard/icon_alb01_parameter06_on.png
E1DCEF7D,icon_abilearboard/icon_alb01_parameter06_on.png
5B8DE6E4,icon_abilearboard/icon_alb01_parameter06_on.png
CDBDE193,icon_abilearboard/icon_alb01_parameter06_on.png
5CA05E03,icon_abilearboard/icon_alb01_parameter06_on.png
CA905974,icon_abilearboard/icon_alb01_parameter06_on.png
2F199E14,icon_abilearboard/icon_alb01_parameter06_on.png
CF72407B,icon_abilearboard/icon_alb01_parameter04_on.png
752349E2,icon_abilearboard/icon_alb01_parameter04_on.png
E3134E95,icon_abilearboard/icon_alb01_parameter04_on.png
40862A0B,icon_abilearboard/icon_alb01_parameter04_on.png
D6B62D7C,icon_abilearboard/icon_alb01_parameter04_on.png
6CE724E5,icon_abilearboard/icon_alb01_parameter04_on.png
FAD72392,icon_abilearboard/icon_alb01_parameter04_on.png
6BCA9C02,icon_abilearboard/icon_alb01_parameter04_on.png
FDFA9B75,icon_abilearboard/icon_alb01_parameter04_on.png
18735C15,icon_abilearboard/icon_alb01_parameter04_on.png
96CC0679,icon_abilearboard/icon_alb01_parameter07_on.png
2C9D0FE0,icon_abilearboard/icon_alb01_parameter07_on.png
BAAD0897,icon_abilearboard/icon_alb01_parameter07_on.png
19386C09,icon_abilearboard/icon_alb01_parameter07_on.png
8F086B7E,icon_abilearboard/icon_alb01_parameter07_on.png
355962E7,icon_abilearboard/icon_alb01_parameter07_on.png
A3696590,icon_abilearboard/icon_alb01_parameter07_on.png
3274DA00,icon_abilearboard/icon_alb01_parameter07_on.png
A444DD77,icon_abilearboard/icon_alb01_parameter07_on.png
41CD1A17,icon_abilearboard/icon_alb01_parameter07_on.png
897F8B89,icon_abilearboard/icon_alb01_teambuff01_on.png
4199102A,icon_abilearboard/icon_alb01_teambuff01_on.png
FBC819B3,icon_abilearboard/icon_alb01_teambuff01_on.png
6DF81EC4,icon_abilearboard/icon_alb01_teambuff01_on.png
CE6D7A5A,icon_abilearboard/icon_alb01_teambuff01_on.png
332E8210,icon_abilearboard/icon_alb01_teambuff11_on.png
AF36A538,icon_abilearboard/icon_alb01_teambuff11_on.png
1567ACA1,icon_abilearboard/icon_alb01_teambuff11_on.png
8357ABD6,icon_abilearboard/icon_alb01_teambuff11_on.png
20C2CF48,icon_abilearboard/icon_alb01_teambuff11_on.png
A51E8567,icon_abilearboard/icon_alb01_teambuff12_on.png
CA511980,icon_abilearboard/icon_alb01_teambuff12_on.png
70001019,icon_abilearboard/icon_alb01_teambuff12_on.png
E630176E,icon_abilearboard/icon_alb01_teambuff12_on.png
45A573F0,icon_abilearboard/icon_alb01_teambuff12_on.png
068BE1F9,icon_abilearboard/icon_alb01_teambuff13_on.png
7369CE1D,icon_abilearboard/icon_alb01_teambuff13_on.png
C938C784,icon_abilearboard/icon_alb01_teambuff13_on.png
5F08C0F3,icon_abilearboard/icon_alb01_teambuff13_on.png
FC9DA46D,icon_abilearboard/icon_alb01_teambuff13_on.png
90BBE68E,icon_abilearboard/icon_alb01_teambuff01_on.png
160E72A5,icon_abilearboard/icon_alb01_teambuff01_on.png
AC5F7B3C,icon_abilearboard/icon_alb01_teambuff01_on.png
3A6F7C4B,icon_abilearboard/icon_alb01_teambuff01_on.png
99FA18D5,icon_abilearboard/icon_alb01_teambuff01_on.png
2AEAEF17,icon_abilearboard/icon_alb01_teambuff11_on.png
F8A1C7B7,icon_abilearboard/icon_alb01_teambuff11_on.png
42F0CE2E,icon_abilearboard/icon_alb01_teambuff11_on.png
D4C0C959,icon_abilearboard/icon_alb01_teambuff11_on.png
7755ADC7,icon_abilearboard/icon_alb01_teambuff11_on.png
BCDAE860,icon_abilearboard/icon_alb01_teambuff12_on.png
9DC67B0F,icon_abilearboard/icon_alb01_teambuff12_on.png
27977296,icon_abilearboard/icon_alb01_teambuff12_on.png
B1A775E1,icon_abilearboard/icon_alb01_teambuff12_on.png
1232117F,icon_abilearboard/icon_alb01_teambuff12_on.png
2DC757F0,icon_abilearboard/icon_alb01_teambuff13_on.png
CBD61857,icon_abilearboard/icon_alb01_teambuff13_on.png
718711CE,icon_abilearboard/icon_alb01_teambuff13_on.png
E7B716B9,icon_abilearboard/icon_alb01_teambuff13_on.png
44227227,icon_abilearboard/icon_alb01_teambuff13_on.png
BBF75087,icon_abilearboard/icon_alb01_teambuff11_on.png
AEB1A4EF,icon_abilearboard/icon_alb01_teambuff11_on.png
14E0AD76,icon_abilearboard/icon_alb01_teambuff11_on.png
82D0AA01,icon_abilearboard/icon_alb01_teambuff11_on.png
2145CE9F,icon_abilearboard/icon_alb01_teambuff11_on.png
5E7E97E7,icon_abilearboard/icon_alb01_teambuff11_on.png
94D7CCAF,icon_abilearboard/icon_alb01_teambuff11_on.png
2E86C536,icon_abilearboard/icon_alb01_teambuff11_on.png
B8B6C241,icon_abilearboard/icon_alb01_teambuff11_on.png
1B23A6DF,icon_abilearboard/icon_alb01_teambuff11_on.png
C84E9090,icon_abilearboard/icon_alb01_teambuff11_on.png
F1B07017,icon_abilearboard/icon_alb01_teambuff11_on.png
4BE1798E,icon_abilearboard/icon_alb01_teambuff11_on.png
DDD17EF9,icon_abilearboard/icon_alb01_teambuff11_on.png
7E441A67,icon_abilearboard/icon_alb01_teambuff11_on.png
721F9909,icon_abilearboard/icon_alb01_teambuff19_on.png
1F1FC505,icon_abilearboard/icon_alb01_teambuff19_on.png
A54ECC9C,icon_abilearboard/icon_alb01_teambuff19_on.png
337ECBEB,icon_abilearboard/icon_alb01_teambuff19_on.png
90EBAF75,icon_abilearboard/icon_alb01_teambuff19_on.png
E42F9E7E,icon_abilearboard/icon_alb01_teambuff20_on.png
7A7879BD,icon_abilearboard/icon_alb01_teambuff20_on.png
C0297024,icon_abilearboard/icon_alb01_teambuff20_on.png
56197753,icon_abilearboard/icon_alb01_teambuff20_on.png
F58C13CD,icon_abilearboard/icon_alb01_teambuff20_on.png
47BAFAE0,icon_abilearboard/icon_alb01_teambuff40_on.png
C340AE20,icon_abilearboard/icon_alb01_teambuff40_on.png
7911A7B9,icon_abilearboard/icon_alb01_teambuff40_on.png
EF21A0CE,icon_abilearboard/icon_alb01_teambuff40_on.png
4CB4C450,icon_abilearboard/icon_alb01_teambuff40_on.png
D18AFD97,icon_abilearboard/icon_alb01_teambuff19_on.png
A6271298,icon_abilearboard/icon_alb01_teambuff19_on.png
1C761B01,icon_abilearboard/icon_alb01_teambuff19_on.png
8A461C76,icon_abilearboard/icon_alb01_teambuff19_on.png
29D378E8,icon_abilearboard/icon_alb01_teambuff19_on.png
6BDBF40E,icon_abilearboard/icon_alb01_teambuff20_on.png
4888A78A,icon_abilearboard/icon_alb01_teambuff20_on.png
F2D9AE13,icon_abilearboard/icon_alb01_teambuff20_on.png
64E9A964,icon_abilearboard/icon_alb01_teambuff20_on.png
C77CCDFA,icon_abilearboard/icon_alb01_teambuff20_on.png
FDEBF379,icon_abilearboard/icon_alb01_teambuff14_on.png
2DEF1B32,icon_abilearboard/icon_alb01_teambuff14_on.png
97BE12AB,icon_abilearboard/icon_alb01_teambuff14_on.png
018E15DC,icon_abilearboard/icon_alb01_teambuff14_on.png
A21B7142,icon_abilearboard/icon_alb01_teambuff14_on.png
6CF64CE9,icon_abilearboard/icon_alb01_parameter03_on.png
7BFF786A,icon_abilearboard/icon_alb01_parameter03_on.png
C1AE71F3,icon_abilearboard/icon_alb01_parameter03_on.png
579E7684,icon_abilearboard/icon_alb01_parameter03_on.png
F40B121A,icon_abilearboard/icon_alb01_parameter03_on.png
59052BCE,icon_abilearboard/icon_alb01_teambuff03_on.png
A29E9FA4,icon_abilearboard/icon_alb01_teambuff03_on.png
18CF963D,icon_abilearboard/icon_alb01_teambuff03_on.png
8EFF914A,icon_abilearboard/icon_alb01_teambuff03_on.png
2D6AF5D4,icon_abilearboard/icon_alb01_teambuff03_on.png
E3542257,icon_abilearboard/icon_alb01_teambuff03_on.png
4C312AB6,icon_abilearboard/icon_alb01_teambuff03_on.png
F660232F,icon_abilearboard/icon_alb01_teambuff03_on.png
60502458,icon_abilearboard/icon_alb01_teambuff03_on.png
C3C540C6,icon_abilearboard/icon_alb01_teambuff03_on.png
75642520,icon_abilearboard/icon_alb01_teambuff03_on.png
2956960E,icon_abilearboard/icon_alb01_teambuff03_on.png
93079F97,icon_abilearboard/icon_alb01_teambuff03_on.png
053798E0,icon_abilearboard/icon_alb01_teambuff03_on.png
A6A2FC7E,icon_abilearboard/icon_alb01_teambuff03_on.png
D6F141BE,icon_abilearboard/icon_alb01_teambuff03_on.png
906E4193,icon_abilearboard/icon_alb01_teambuff03_on.png
2A3F480A,icon_abilearboard/icon_alb01_teambuff03_on.png
BC0F4F7D,icon_abilearboard/icon_alb01_teambuff03_on.png
1F9A2BE3,icon_abilearboard/icon_alb01_teambuff03_on.png
40C146C9,icon_abilearboard/icon_alb01_teambuff12_on.png
F509FD2B,icon_abilearboard/icon_alb01_teambuff12_on.png
4F58F4B2,icon_abilearboard/icon_alb01_teambuff12_on.png
D968F3C5,icon_abilearboard/icon_alb01_teambuff12_on.png
7AFD975B,icon_abilearboard/icon_alb01_teambuff12_on.png
FA904F50,icon_abilearboard/icon_alb01_teambuff11_on.png
1BA64839,icon_abilearboard/icon_alb01_teambuff11_on.png
A1F741A0,icon_abilearboard/icon_alb01_teambuff11_on.png
37C746D7,icon_abilearboard/icon_alb01_teambuff11_on.png
94522249,icon_abilearboard/icon_alb01_teambuff11_on.png
6CA04827,icon_abilearboard/icon_alb01_teambuff01_on.png
7EC1F481,icon_abilearboard/icon_alb01_teambuff01_on.png
C490FD18,icon_abilearboard/icon_alb01_teambuff01_on.png
52A0FA6F,icon_abilearboard/icon_alb01_teambuff01_on.png
F1359EF1,icon_abilearboard/icon_alb01_teambuff01_on.png
FDBDF7B7,icon_abilearboard/icon_alb01_teambuff01_on.png
28D197D9,icon_abilearboard/icon_alb01_teambuff01_on.png
92809E40,icon_abilearboard/icon_alb01_teambuff01_on.png
04B09937,icon_abilearboard/icon_alb01_teambuff01_on.png
A725FDA9,icon_abilearboard/icon_alb01_teambuff01_on.png
6B8DF0C0,icon_abilearboard/icon_alb01_teambuff11_on.png
4DB62B61,icon_abilearboard/icon_alb01_teambuff11_on.png
F7E722F8,icon_abilearboard/icon_alb01_teambuff11_on.png
61D7258F,icon_abilearboard/icon_alb01_teambuff11_on.png
C2424111,icon_abilearboard/icon_alb01_teambuff11_on.png
8E0437A0,icon_abilearboard/icon_alb01_teambuff11_on.png
77D04321,icon_abilearboard/icon_alb01_teambuff11_on.png
CD814AB8,icon_abilearboard/icon_alb01_teambuff11_on.png
5BB14DCF,icon_abilearboard/icon_alb01_teambuff11_on.png
F8242951,icon_abilearboard/icon_alb01_teambuff11_on.png
183430D7,icon_abilearboard/icon_alb01_teambuff14_on.png
12B7FF99,icon_abilearboard/icon_alb01_teambuff14_on.png
A8E6F600,icon_abilearboard/icon_alb01_teambuff14_on.png
3ED6F177,icon_abilearboard/icon_alb01_teambuff14_on.png
9D4395E9,icon_abilearboard/icon_alb01_teambuff14_on.png
A265394E,icon_abilearboard/icon_alb01_teambuff36_on.png
FC184A8B,icon_abilearboard/icon_alb01_teambuff36_on.png
46494312,icon_abilearboard/icon_alb01_teambuff36_on.png
D0794465,icon_abilearboard/icon_alb01_teambuff36_on.png
73EC20FB,icon_abilearboard/icon_alb01_teambuff36_on.png
34553E39,icon_abilearboard/icon_alb01_teambuff38_on.png
997FF633,icon_abilearboard/icon_alb01_teambuff38_on.png
232EFFAA,icon_abilearboard/icon_alb01_teambuff38_on.png
B51EF8DD,icon_abilearboard/icon_alb01_teambuff38_on.png
168B9C43,icon_abilearboard/icon_alb01_teambuff38_on.png
97C05AA7,icon_abilearboard/icon_alb01_teambuff12_on.png
204721AE,icon_abilearboard/icon_alb01_teambuff12_on.png
9A162837,icon_abilearboard/icon_alb01_teambuff12_on.png
0C262F40,icon_abilearboard/icon_alb01_teambuff12_on.png
AFB34BDE,icon_abilearboard/icon_alb01_teambuff12_on.png
01F05DD0,icon_abilearboard/icon_alb01_teambuff01_on.png
45209D16,icon_abilearboard/icon_alb01_teambuff01_on.png
FF71948F,icon_abilearboard/icon_alb01_teambuff01_on.png
694193F8,icon_abilearboard/icon_alb01_teambuff01_on.png
CAD4F766,icon_abilearboard/icon_alb01_teambuff01_on.png
BBA15449,icon_abilearboard/icon_alb01_teambuff38_on.png
AB8F2804,icon_abilearboard/icon_alb01_teambuff38_on.png
11DE219D,icon_abilearboard/icon_alb01_teambuff38_on.png
87EE26EA,icon_abilearboard/icon_alb01_teambuff38_on.png
247B4274,icon_abilearboard/icon_alb01_teambuff38_on.png
2D91533E,icon_abilearboard/icon_alb01_teambuff29_on.png
CEE894BC,icon_abilearboard/icon_alb01_teambuff29_on.png
74B99D25,icon_abilearboard/icon_alb01_teambuff29_on.png
E2899A52,icon_abilearboard/icon_alb01_teambuff29_on.png
411CFECC,icon_abilearboard/icon_alb01_teambuff29_on.png
BC8CECAE,icon_abilearboard/icon_alb01_teambuff29_on.png
98F8F7E4,icon_abilearboard/icon_alb01_teambuff29_on.png
22A9FE7D,icon_abilearboard/icon_alb01_teambuff29_on.png
B499F90A,icon_abilearboard/icon_alb01_teambuff29_on.png
170C9D94,icon_abilearboard/icon_alb01_teambuff29_on.png
2ABCEBD9,icon_abilearboard/icon_alb01_teambuff15_on.png
FD9F4B5C,icon_abilearboard/icon_alb01_teambuff15_on.png
47CE42C5,icon_abilearboard/icon_alb01_teambuff15_on.png
D1FE45B2,icon_abilearboard/icon_alb01_teambuff15_on.png
726B212C,icon_abilearboard/icon_alb01_teambuff15_on.png
4D571A8B,icon_abilearboard/icon_alb01_teambuff30_on.png
A7AAE366,icon_abilearboard/icon_alb01_teambuff30_on.png
1DFBEAFF,icon_abilearboard/icon_alb01_teambuff30_on.png
8BCBED88,icon_abilearboard/icon_alb01_teambuff30_on.png
285E8916,icon_abilearboard/icon_alb01_teambuff30_on.png
DB671DFC,icon_abilearboard/icon_alb01_teambuff38_on.png
C2CD5FDE,icon_abilearboard/icon_alb01_teambuff38_on.png
789C5647,icon_abilearboard/icon_alb01_teambuff38_on.png
EEAC5130,icon_abilearboard/icon_alb01_teambuff38_on.png
4D3935AE,icon_abilearboard/icon_alb01_teambuff38_on.png
61361465,icon_abilearboard/icon_alb01_teambuff38_on.png
2C62EACC,icon_abilearboard/icon_alb01_teambuff38_on.png
9633E355,icon_abilearboard/icon_alb01_teambuff38_on.png
0003E422,icon_abilearboard/icon_alb01_teambuff38_on.png
A39680BC,icon_abilearboard/icon_alb01_teambuff38_on.png
F7061312,icon_abilearboard/icon_alb01_teambuff13_on.png
49055674,icon_abilearboard/icon_alb01_teambuff13_on.png
F3545FED,icon_abilearboard/icon_alb01_teambuff13_on.png
6564589A,icon_abilearboard/icon_alb01_teambuff13_on.png
C6F13C04,icon_abilearboard/icon_alb01_teambuff13_on.png
5493778C,icon_abilearboard/icon_alb01_teambuff30_on.png
F03D81E9,icon_abilearboard/icon_alb01_teambuff30_on.png
4A6C8870,icon_abilearboard/icon_alb01_teambuff30_on.png
DC5C8F07,icon_abilearboard/icon_alb01_teambuff30_on.png
7FC9EB99,icon_abilearboard/icon_alb01_teambuff30_on.png
C2A370FB,icon_abilearboard/icon_alb01_teambuff03_on.png
955A3D51,icon_abilearboard/icon_alb01_teambuff03_on.png
2F0B34C8,icon_abilearboard/icon_alb01_teambuff03_on.png
B93B33BF,icon_abilearboard/icon_alb01_teambuff03_on.png
1AAE5721,icon_abilearboard/icon_alb01_teambuff03_on.png
0C660192,icon_abilearboard/icon_alb01_teambuff38_on.png
1783835B,icon_abilearboard/icon_alb01_teambuff38_on.png
ADD28AC2,icon_abilearboard/icon_alb01_teambuff38_on.png
3BE28DB5,icon_abilearboard/icon_alb01_teambuff38_on.png
9877E92B,icon_abilearboard/icon_alb01_teambuff38_on.png
AFF3650C,icon_abilearboard/icon_alb01_teambuff15_on.png
AEBB54C6,icon_abilearboard/icon_alb01_teambuff15_on.png
14EA5D5F,icon_abilearboard/icon_alb01_teambuff15_on.png
82DA5A28,icon_abilearboard/icon_alb01_teambuff15_on.png
214F3EB6,icon_abilearboard/icon_alb01_teambuff15_on.png
E92C4BF3,icon_abilearboard/icon_alb01_teambuff01_on.png
3C9E3568,icon_abilearboard/icon_alb01_teambuff01_on.png
86CF3CF1,icon_abilearboard/icon_alb01_teambuff01_on.png
10FF3B86,icon_abilearboard/icon_alb01_teambuff01_on.png
B36A5F18,icon_abilearboard/icon_alb01_teambuff01_on.png
537D426A,icon_abilearboard/icon_alb01_teambuff11_on.png
D231807A,icon_abilearboard/icon_alb01_teambuff11_on.png
686089E3,icon_abilearboard/icon_alb01_teambuff11_on.png
FE508E94,icon_abilearboard/icon_alb01_teambuff11_on.png
5DC5EA0A,icon_abilearboard/icon_alb01_teambuff11_on.png
C54D451D,icon_abilearboard/icon_alb01_teambuff12_on.png
B7563CC2,icon_abilearboard/icon_alb01_teambuff12_on.png
0D07355B,icon_abilearboard/icon_alb01_teambuff12_on.png
9B37322C,icon_abilearboard/icon_alb01_teambuff12_on.png
38A256B2,icon_abilearboard/icon_alb01_teambuff12_on.png
66D82183,icon_abilearboard/icon_alb01_teambuff13_on.png
0E6EEB5F,icon_abilearboard/icon_alb01_teambuff13_on.png
B43FE2C6,icon_abilearboard/icon_alb01_teambuff13_on.png
220FE5B1,icon_abilearboard/icon_alb01_teambuff13_on.png
819A812F,icon_abilearboard/icon_alb01_teambuff13_on.png
F0E826F4,icon_abilearboard/icon_alb01_teambuff01_on.png
6B0957E7,icon_abilearboard/icon_alb01_teambuff01_on.png
D1585E7E,icon_abilearboard/icon_alb01_teambuff01_on.png
47685909,icon_abilearboard/icon_alb01_teambuff01_on.png
E4FD3D97,icon_abilearboard/icon_alb01_teambuff01_on.png
4AB92F6D,icon_abilearboard/icon_alb01_teambuff11_on.png
85A6E2F5,icon_abilearboard/icon_alb01_teambuff11_on.png
3FF7EB6C,icon_abilearboard/icon_alb01_teambuff11_on.png
A9C7EC1B,icon_abilearboard/icon_alb01_teambuff11_on.png
0A528885,icon_abilearboard/icon_alb01_teambuff11_on.png
DC89281A,icon_abilearboard/icon_alb01_teambuff12_on.png
E0C15E4D,icon_abilearboard/icon_alb01_teambuff12_on.png
5A9057D4,icon_abilearboard/icon_alb01_teambuff12_on.png
CCA050A3,icon_abilearboard/icon_alb01_teambuff12_on.png
6F35343D,icon_abilearboard/icon_alb01_teambuff12_on.png
4D94978A,icon_abilearboard/icon_alb01_teambuff13_on.png
B6D13D15,icon_abilearboard/icon_alb01_teambuff13_on.png
0C80348C,icon_abilearboard/icon_alb01_teambuff13_on.png
9AB033FB,icon_abilearboard/icon_alb01_teambuff13_on.png
39255765,icon_abilearboard/icon_alb01_teambuff13_on.png
DBA490FD,icon_abilearboard/icon_alb01_teambuff11_on.png
D3B681AD,icon_abilearboard/icon_alb01_teambuff11_on.png
69E78834,icon_abilearboard/icon_alb01_teambuff11_on.png
FFD78F43,icon_abilearboard/icon_alb01_teambuff11_on.png
5C42EBDD,icon_abilearboard/icon_alb01_teambuff11_on.png
3E2D579D,icon_abilearboard/icon_alb01_teambuff11_on.png
E9D0E9ED,icon_abilearboard/icon_alb01_teambuff11_on.png
5381E074,icon_abilearboard/icon_alb01_teambuff11_on.png
C5B1E703,icon_abilearboard/icon_alb01_teambuff11_on.png
6624839D,icon_abilearboard/icon_alb01_teambuff11_on.png
A81D50EA,icon_abilearboard/icon_alb01_teambuff11_on.png
8CB75555,icon_abilearboard/icon_alb01_teambuff11_on.png
36E65CCC,icon_abilearboard/icon_alb01_teambuff11_on.png
A0D65BBB,icon_abilearboard/icon_alb01_teambuff11_on.png
03433F25,icon_abilearboard/icon_alb01_teambuff11_on.png
124C5973,icon_abilearboard/icon_alb01_teambuff19_on.png
6218E047,icon_abilearboard/icon_alb01_teambuff19_on.png
D849E9DE,icon_abilearboard/icon_alb01_teambuff19_on.png
4E79EEA9,icon_abilearboard/icon_alb01_teambuff19_on.png
EDEC8A37,icon_abilearboard/icon_alb01_teambuff19_on.png
847C5E04,icon_abilearboard/icon_alb01_teambuff20_on.png
077F5CFF,icon_abilearboard/icon_alb01_teambuff20_on.png
BD2E5566,icon_abilearboard/icon_alb01_teambuff20_on.png
2B1E5211,icon_abilearboard/icon_alb01_teambuff20_on.png
888B368F,icon_abilearboard/icon_alb01_teambuff20_on.png
27E93A9A,icon_abilearboard/icon_alb01_teambuff40_on.png
BE478B62,icon_abilearboard/icon_alb01_teambuff40_on.png
041682FB,icon_abilearboard/icon_alb01_teambuff40_on.png
9226858C,icon_abilearboard/icon_alb01_teambuff40_on.png
31B3E112,icon_abilearboard/icon_alb01_teambuff40_on.png
B1D93DED,icon_abilearboard/icon_alb01_teambuff19_on.png
DB2037DA,icon_abilearboard/icon_alb01_teambuff19_on.png
61713E43,icon_abilearboard/icon_alb01_teambuff19_on.png
F7413934,icon_abilearboard/icon_alb01_teambuff19_on.png
54D45DAA,icon_abilearboard/icon_alb01_teambuff19_on.png
0B883474,icon_abilearboard/icon_alb01_teambuff20_on.png
358F82C8,icon_abilearboard/icon_alb01_teambuff20_on.png
8FDE8B51,icon_abilearboard/icon_alb01_teambuff20_on.png
19EE8C26,icon_abilearboard/icon_alb01_teambuff20_on.png
BA7BE8B8,icon_abilearboard/icon_alb01_teambuff20_on.png
F9F06B41,icon_abilearboard/icon_alb01_teambuff03_on.png
2597F062,icon_abilearboard/icon_alb01_teambuff03_on.png
9FC6F9FB,icon_abilearboard/icon_alb01_teambuff03_on.png
09F6FE8C,icon_abilearboard/icon_alb01_teambuff03_on.png
AA639A12,icon_abilearboard/icon_alb01_teambuff03_on.png
43A162D8,icon_abilearboard/icon_alb01_teambuff03_on.png
CB384570,icon_abilearboard/icon_alb01_teambuff03_on.png
71694CE9,icon_abilearboard/icon_alb01_teambuff03_on.png
E7594B9E,icon_abilearboard/icon_alb01_teambuff03_on.png
44CC2F00,icon_abilearboard/icon_alb01_teambuff03_on.png
D59165AF,icon_abilearboard/icon_alb01_teambuff03_on.png
AE5FF9C8,icon_abilearboard/icon_alb01_teambuff03_on.png
140EF051,icon_abilearboard/icon_alb01_teambuff03_on.png
823EF726,icon_abilearboard/icon_alb01_teambuff03_on.png
21AB93B8,icon_abilearboard/icon_alb01_teambuff03_on.png
76040131,icon_abilearboard/icon_alb01_teambuff03_on.png
17672E55,icon_abilearboard/icon_alb01_teambuff03_on.png
AD3627CC,icon_abilearboard/icon_alb01_teambuff03_on.png
3B0620BB,icon_abilearboard/icon_alb01_teambuff03_on.png
98934425,icon_abilearboard/icon_alb01_teambuff03_on.png
E0340646,icon_abilearboard/icon_alb01_teambuff12_on.png
720092ED,icon_abilearboard/icon_alb01_teambuff12_on.png
C8519B74,icon_abilearboard/icon_alb01_teambuff12_on.png
5E619C03,icon_abilearboard/icon_alb01_teambuff12_on.png
FDF4F89D,icon_abilearboard/icon_alb01_teambuff12_on.png
5A650FDF,icon_abilearboard/icon_alb01_teambuff11_on.png
9CAF27FF,icon_abilearboard/icon_alb01_teambuff11_on.png
26FE2E66,icon_abilearboard/icon_alb01_teambuff11_on.png
B0CE2911,icon_abilearboard/icon_alb01_teambuff11_on.png
135B4D8F,icon_abilearboard/icon_alb01_teambuff11_on.png
CC5508A8,icon_abilearboard/icon_alb01_teambuff01_on.png
F9C89B47,icon_abilearboard/icon_alb01_teambuff01_on.png
439992DE,icon_abilearboard/icon_alb01_teambuff01_on.png
D5A995A9,icon_abilearboard/icon_alb01_teambuff01_on.png
763CF137,icon_abilearboard/icon_alb01_teambuff01_on.png
5D48B738,icon_abilearboard/icon_alb01_teambuff01_on.png
AFD8F81F,icon_abilearboard/icon_alb01_teambuff01_on.png
1589F186,icon_abilearboard/icon_alb01_teambuff01_on.png
83B9F6F1,icon_abilearboard/icon_alb01_teambuff01_on.png
202C926F,icon_abilearboard/icon_alb01_teambuff01_on.png
CB78B04F,icon_abilearboard/icon_alb01_teambuff11_on.png
CABF44A7,icon_abilearboard/icon_alb01_teambuff11_on.png
70EE4D3E,icon_abilearboard/icon_alb01_teambuff11_on.png
E6DE4A49,icon_abilearboard/icon_alb01_teambuff11_on.png
454B2ED7,icon_abilearboard/icon_alb01_teambuff11_on.png
2EF1772F,icon_abilearboard/icon_alb01_teambuff11_on.png
F0D92CE7,icon_abilearboard/icon_alb01_teambuff11_on.png
4A88257E,icon_abilearboard/icon_alb01_teambuff11_on.png
DCB82209,icon_abilearboard/icon_alb01_teambuff11_on.png
7F2D4697,icon_abilearboard/icon_alb01_teambuff11_on.png
B8C17058,icon_abilearboard/icon_alb01_teambuff14_on.png
95BE905F,icon_abilearboard/icon_alb01_teambuff14_on.png
2FEF99C6,icon_abilearboard/icon_alb01_teambuff14_on.png
B9DF9EB1,icon_abilearboard/icon_alb01_teambuff14_on.png
1A4AFA2F,icon_abilearboard/icon_alb01_teambuff14_on.png
029079C1,icon_abilearboard/icon_alb01_teambuff36_on.png
7B11254D,icon_abilearboard/icon_alb01_teambuff36_on.png
C1402CD4,icon_abilearboard/icon_alb01_teambuff36_on.png
57702BA3,icon_abilearboard/icon_alb01_teambuff36_on.png
F4E54F3D,icon_abilearboard/icon_alb01_teambuff36_on.png
94A07EB6,icon_abilearboard/icon_alb01_teambuff38_on.png
1E7699F5,icon_abilearboard/icon_alb01_teambuff38_on.png
A427906C,icon_abilearboard/icon_alb01_teambuff38_on.png
3217971B,icon_abilearboard/icon_alb01_teambuff38_on.png
9182F385,icon_abilearboard/icon_alb01_teambuff38_on.png
37351A28,icon_abilearboard/icon_alb01_teambuff12_on.png
A74E4E68,icon_abilearboard/icon_alb01_teambuff12_on.png
1D1F47F1,icon_abilearboard/icon_alb01_teambuff12_on.png
8B2F4086,icon_abilearboard/icon_alb01_teambuff12_on.png
28BA2418,icon_abilearboard/icon_alb01_teambuff12_on.png
A1051D5F,icon_abilearboard/icon_alb01_teambuff01_on.png
C229F2D0,icon_abilearboard/icon_alb01_teambuff01_on.png
7878FB49,icon_abilearboard/icon_alb01_teambuff01_on.png
EE48FC3E,icon_abilearboard/icon_alb01_teambuff01_on.png
4DDD98A0,icon_abilearboard/icon_alb01_teambuff01_on.png
1B5414C6,icon_abilearboard/icon_alb01_teambuff38_on.png
2C8647C2,icon_abilearboard/icon_alb01_teambuff38_on.png
96D74E5B,icon_abilearboard/icon_alb01_teambuff38_on.png
00E7492C,icon_abilearboard/icon_alb01_teambuff38_on.png
A3722DB2,icon_abilearboard/icon_alb01_teambuff38_on.png
8D6413B1,icon_abilearboard/icon_alb01_teambuff29_on.png
49E1FB7A,icon_abilearboard/icon_alb01_teambuff29_on.png
F3B0F2E3,icon_abilearboard/icon_alb01_teambuff29_on.png
6580F594,icon_abilearboard/icon_alb01_teambuff29_on.png
C615910A,icon_abilearboard/icon_alb01_teambuff29_on.png
1C79AC21,icon_abilearboard/icon_alb01_teambuff29_on.png
1FF19822,icon_abilearboard/icon_alb01_teambuff29_on.png
A5A091BB,icon_abilearboard/icon_alb01_teambuff29_on.png
339096CC,icon_abilearboard/icon_alb01_teambuff29_on.png
9005F252,icon_abilearboard/icon_alb01_teambuff29_on.png
8A49AB56,icon_abilearboard/icon_alb01_teambuff15_on.png
7A96249A,icon_abilearboard/icon_alb01_teambuff15_on.png
C0C72D03,icon_abilearboard/icon_alb01_teambuff15_on.png
56F72A74,icon_abilearboard/icon_alb01_teambuff15_on.png
F5624EEA,icon_abilearboard/icon_alb01_teambuff15_on.png
EDA25A04,icon_abilearboard/icon_alb01_teambuff30_on.png
20A38CA0,icon_abilearboard/icon_alb01_teambuff30_on.png
9AF28539,icon_abilearboard/icon_alb01_teambuff30_on.png
0CC2824E,icon_abilearboard/icon_alb01_teambuff30_on.png
AF57E6D0,icon_abilearboard/icon_alb01_teambuff30_on.png
7B925D73,icon_abilearboard/icon_alb01_teambuff38_on.png
45C43018,icon_abilearboard/icon_alb01_teambuff38_on.png
FF953981,icon_abilearboard/icon_alb01_teambuff38_on.png
69A53EF6,icon_abilearboard/icon_alb01_teambuff38_on.png
CA305A68,icon_abilearboard/icon_alb01_teambuff38_on.png
C1C354EA,icon_abilearboard/icon_alb01_teambuff38_on.png
AB6B850A,icon_abilearboard/icon_alb01_teambuff38_on.png
113A8C93,icon_abilearboard/icon_alb01_teambuff38_on.png
870A8BE4,icon_abilearboard/icon_alb01_teambuff38_on.png
249FEF7A,icon_abilearboard/icon_alb01_teambuff38_on.png
57F3539D,icon_abilearboard/icon_alb01_teambuff13_on.png
CE0C39B2,icon_abilearboard/icon_alb01_teambuff13_on.png
745D302B,icon_abilearboard/icon_alb01_teambuff13_on.png
E26D375C,icon_abilearboard/icon_alb01_teambuff13_on.png
41F853C2,icon_abilearboard/icon_alb01_teambuff13_on.png
F4663703,icon_abilearboard/icon_alb01_teambuff30_on.png
7734EE2F,icon_abilearboard/icon_alb01_teambuff30_on.png
CD65E7B6,icon_abilearboard/icon_alb01_teambuff30_on.png
5B55E0C1,icon_abilearboard/icon_alb01_teambuff30_on.png
F8C0845F,icon_abilearboard/icon_alb01_teambuff30_on.png
6C1D3578,icon_abilearboard/icon_alb01_teambuff03_on.png
D64C3CE1,icon_abilearboard/icon_alb01_teambuff03_on.png
407C3B96,icon_abilearboard/icon_alb01_teambuff12_on.png
E3E95F08,icon_abilearboard/icon_alb01_teambuff01_on.png
75D9587F,icon_abilearboard/icon_alb01_teambuff14_on.png
CF8851E6,icon_abilearboard/icon_alb01_teambuff01_on.png
59B85691,icon_abilearboard/icon_alb01_teambuff29_on.png
C8A5E901,icon_abilearboard/icon_alb01_teambuff15_on.png
5E95EE76,icon_abilearboard/icon_alb01_teambuff13_on.png
BB1C2916,icon_abilearboard/icon_alb01_teambuff30_on.png
2D2C2E61,icon_abilearboard/icon_alb01_teambuff38_on.png
977D27F8,icon_abilearboard/icon_alb01_teambuff38_on.png
BB6D019C,icon_abilearboard/icon_alb01_teambuff01_on.png
47B26678,icon_abilearboard/icon_alb01_teambuff01_on.png
FDE36FE1,icon_abilearboard/icon_alb01_teambuff01_on.png
6BD36896,icon_abilearboard/icon_alb01_teambuff01_on.png
C8460C08,icon_abilearboard/icon_alb01_teambuff01_on.png
013C0805,icon_abilearboard/icon_alb01_teambuff11_on.png
A91DD36A,icon_abilearboard/icon_alb01_teambuff11_on.png
134CDAF3,icon_abilearboard/icon_alb01_teambuff11_on.png
857CDD84,icon_abilearboard/icon_alb01_teambuff11_on.png
26E9B91A,icon_abilearboard/icon_alb01_teambuff11_on.png
970C0F72,icon_abilearboard/icon_alb01_teambuff12_on.png
CC7A6FD2,icon_abilearboard/icon_alb01_teambuff12_on.png
762B664B,icon_abilearboard/icon_alb01_teambuff12_on.png
E01B613C,icon_abilearboard/icon_alb01_teambuff12_on.png
438E05A2,icon_abilearboard/icon_alb01_teambuff12_on.png
34996BEC,icon_abilearboard/icon_alb01_teambuff13_on.png
7542B84F,icon_abilearboard/icon_alb01_teambuff13_on.png
CF13B1D6,icon_abilearboard/icon_alb01_teambuff13_on.png
5923B6A1,icon_abilearboard/icon_alb01_teambuff13_on.png
FAB6D23F,icon_abilearboard/icon_alb01_teambuff13_on.png
A2A96C9B,icon_abilearboard/icon_alb01_teambuff01_on.png
102504F7,icon_abilearboard/icon_alb01_teambuff01_on.png
AA740D6E,icon_abilearboard/icon_alb01_teambuff01_on.png
3C440A19,icon_abilearboard/icon_alb01_teambuff01_on.png
9FD16E87,icon_abilearboard/icon_alb01_teambuff01_on.png
18F86502,icon_abilearboard/icon_alb01_teambuff11_on.png
FE8AB1E5,icon_abilearboard/icon_alb01_teambuff11_on.png
44DBB87C,icon_abilearboard/icon_alb01_teambuff11_on.png
D2EBBF0B,icon_abilearboard/icon_alb01_teambuff11_on.png
717EDB95,icon_abilearboard/icon_alb01_teambuff11_on.png
8EC86275,icon_abilearboard/icon_alb01_teambuff12_on.png
9BED0D5D,icon_abilearboard/icon_alb01_teambuff12_on.png
21BC04C4,icon_abilearboard/icon_alb01_teambuff12_on.png
B78C03B3,icon_abilearboard/icon_alb01_teambuff12_on.png
1419672D,icon_abilearboard/icon_alb01_teambuff12_on.png
1FD5DDE5,icon_abilearboard/icon_alb01_teambuff13_on.png
CDFD6E05,icon_abilearboard/icon_alb01_teambuff13_on.png
77AC679C,icon_abilearboard/icon_alb01_teambuff13_on.png
E19C60EB,icon_abilearboard/icon_alb01_teambuff13_on.png
42090475,icon_abilearboard/icon_alb01_teambuff13_on.png
89E5DA92,icon_abilearboard/icon_alb01_teambuff11_on.png
A89AD2BD,icon_abilearboard/icon_alb01_teambuff11_on.png
12CBDB24,icon_abilearboard/icon_alb01_teambuff11_on.png
84FBDC53,icon_abilearboard/icon_alb01_teambuff11_on.png
276EB8CD,icon_abilearboard/icon_alb01_teambuff11_on.png
6C6C1DF2,icon_abilearboard/icon_alb01_teambuff11_on.png
92FCBAFD,icon_abilearboard/icon_alb01_teambuff11_on.png
28ADB364,icon_abilearboard/icon_alb01_teambuff11_on.png
BE9DB413,icon_abilearboard/icon_alb01_teambuff11_on.png
1D08D08D,icon_abilearboard/icon_alb01_teambuff11_on.png
FA5C1A85,icon_abilearboard/icon_alb01_teambuff11_on.png
F79B0645,icon_abilearboard/icon_alb01_teambuff11_on.png
4DCA0FDC,icon_abilearboard/icon_alb01_teambuff11_on.png
DBFA08AB,icon_abilearboard/icon_alb01_teambuff11_on.png
786F6C35,icon_abilearboard/icon_alb01_teambuff11_on.png
400D131C,icon_abilearboard/icon_alb01_teambuff19_on.png
1934B357,icon_abilearboard/icon_alb01_teambuff19_on.png
A365BACE,icon_abilearboard/icon_alb01_teambuff19_on.png
3555BDB9,icon_abilearboard/icon_alb01_teambuff19_on.png
96C0D927,icon_abilearboard/icon_alb01_teambuff19_on.png
D63D146B,icon_abilearboard/icon_alb01_teambuff20_on.png
7C530FEF,icon_abilearboard/icon_alb01_teambuff20_on.png
C6020676,icon_abilearboard/icon_alb01_teambuff20_on.png
50320101,icon_abilearboard/icon_alb01_teambuff20_on.png
F3A7659F,icon_abilearboard/icon_alb01_teambuff20_on.png
75A870F5,icon_abilearboard/icon_alb01_teambuff40_on.png
C56BD872,icon_abilearboard/icon_alb01_teambuff40_on.png
7F3AD1EB,icon_abilearboard/icon_alb01_teambuff40_on.png
E90AD69C,icon_abilearboard/icon_alb01_teambuff40_on.png
4A9FB202,icon_abilearboard/icon_alb01_teambuff40_on.png
E3987782,icon_abilearboard/icon_alb01_teambuff19_on.png
A00C64CA,icon_abilearboard/icon_alb01_teambuff19_on.png
1A5D6D53,icon_abilearboard/icon_alb01_teambuff19_on.png
8C6D6A24,icon_abilearboard/icon_alb01_teambuff19_on.png
2FF80EBA,icon_abilearboard/icon_alb01_teambuff19_on.png
59C97E1B,icon_abilearboard/icon_alb01_teambuff20_on.png
4EA3D1D8,icon_abilearboard/icon_alb01_teambuff20_on.png
F4F2D841,icon_abilearboard/icon_alb01_teambuff20_on.png
62C2DF36,icon_abilearboard/icon_alb01_teambuff20_on.png
C157BBA8,icon_abilearboard/icon_alb01_teambuff20_on.png
6B17A1DB,icon_abilearboard/icon_alb01_teambuff03_on.png
A4B5E9F6,icon_abilearboard/icon_alb01_teambuff03_on.png
1EE4E06F,icon_abilearboard/icon_alb01_teambuff03_on.png
88D4E718,icon_abilearboard/icon_alb01_teambuff03_on.png
2B418386,icon_abilearboard/icon_alb01_teambuff03_on.png
D146A842,icon_abilearboard/icon_alb01_teambuff03_on.png
4A1A5CE4,icon_abilearboard/icon_alb01_teambuff03_on.png
F04B557D,icon_abilearboard/icon_alb01_teambuff03_on.png
667B520A,icon_abilearboard/icon_alb01_teambuff03_on.png
C5EE3694,icon_abilearboard/icon_alb01_teambuff03_on.png
4776AF35,icon_abilearboard/icon_alb01_teambuff03_on.png
2F7DE05C,icon_abilearboard/icon_alb01_teambuff03_on.png
952CE9C5,icon_abilearboard/icon_alb01_teambuff03_on.png
031CEEB2,icon_abilearboard/icon_alb01_teambuff03_on.png
A0898A2C,icon_abilearboard/icon_alb01_teambuff03_on.png
E4E3CBAB,icon_abilearboard/icon_alb01_teambuff03_on.png
964537C1,icon_abilearboard/icon_alb01_teambuff03_on.png
2C143E58,icon_abilearboard/icon_alb01_teambuff03_on.png
BA24392F,icon_abilearboard/icon_alb01_teambuff03_on.png
19B15DB1,icon_abilearboard/icon_alb01_teambuff03_on.png
72D3CCDC,icon_abilearboard/icon_alb01_teambuff12_on.png
F3228B79,icon_abilearboard/icon_alb01_teambuff12_on.png
497382E0,icon_abilearboard/icon_alb01_teambuff12_on.png
DF438597,icon_abilearboard/icon_alb01_teambuff12_on.png
7CD6E109,icon_abilearboard/icon_alb01_teambuff12_on.png
C882C545,icon_abilearboard/icon_alb01_teambuff11_on.png
1D8D3E6B,icon_abilearboard/icon_alb01_teambuff11_on.png
A7DC37F2,icon_abilearboard/icon_alb01_teambuff11_on.png
31EC3085,icon_abilearboard/icon_alb01_teambuff11_on.png
9279541B,icon_abilearboard/icon_alb01_teambuff11_on.png
5EB2C232,icon_abilearboard/icon_alb01_teambuff01_on.png
78EA82D3,icon_abilearboard/icon_alb01_teambuff01_on.png
C2BB8B4A,icon_abilearboard/icon_alb01_teambuff01_on.png
548B8C3D,icon_abilearboard/icon_alb01_teambuff01_on.png
F71EE8A3,icon_abilearboard/icon_alb01_teambuff01_on.png
CFAF7DA2,icon_abilearboard/icon_alb01_teambuff01_on.png
2EFAE18B,icon_abilearboard/icon_alb01_teambuff01_on.png
94ABE812,icon_abilearboard/icon_alb01_teambuff01_on.png
029BEF65,icon_abilearboard/icon_alb01_teambuff01_on.png
A10E8BFB,icon_abilearboard/icon_alb01_teambuff01_on.png
599F7AD5,icon_abilearboard/icon_alb01_teambuff11_on.png
4B9D5D33,icon_abilearboard/icon_alb01_teambuff11_on.png
F1CC54AA,icon_abilearboard/icon_alb01_teambuff11_on.png
67FC53DD,icon_abilearboard/icon_alb01_teambuff11_on.png
C4693743,icon_abilearboard/icon_alb01_teambuff11_on.png
BC16BDB5,icon_abilearboard/icon_alb01_teambuff11_on.png
71FB3573,icon_abilearboard/icon_alb01_teambuff11_on.png
CBAA3CEA,icon_abilearboard/icon_alb01_teambuff11_on.png
5D9A3B9D,icon_abilearboard/icon_alb01_teambuff11_on.png
FE0F5F03,icon_abilearboard/icon_alb01_teambuff11_on.png
2A26BAC2,icon_abilearboard/icon_alb01_teambuff14_on.png
149C89CB,icon_abilearboard/icon_alb01_teambuff14_on.png
AECD8052,icon_abilearboard/icon_alb01_teambuff14_on.png
38FD8725,icon_abilearboard/icon_alb01_teambuff14_on.png
9B68E3BB,icon_abilearboard/icon_alb01_teambuff14_on.png
9077B35B,icon_abilearboard/icon_alb01_teambuff36_on.png
FA333CD9,icon_abilearboard/icon_alb01_teambuff36_on.png
40623540,icon_abilearboard/icon_alb01_teambuff36_on.png
D6523237,icon_abilearboard/icon_alb01_teambuff36_on.png
75C756A9,icon_abilearboard/icon_alb01_teambuff36_on.png
0647B42C,icon_abilearboard/icon_alb01_teambuff38_on.png
9F548061,icon_abilearboard/icon_alb01_teambuff38_on.png
250589F8,icon_abilearboard/icon_alb01_teambuff38_on.png
B3358E8F,icon_abilearboard/icon_alb01_teambuff38_on.png
10A0EA11,icon_abilearboard/icon_alb01_teambuff38_on.png
A5D2D0B2,icon_abilearboard/icon_alb01_teambuff12_on.png
266C57FC,icon_abilearboard/icon_alb01_teambuff12_on.png
9C3D5E65,icon_abilearboard/icon_alb01_teambuff12_on.png
0A0D5912,icon_abilearboard/icon_alb01_teambuff12_on.png
A9983D8C,icon_abilearboard/icon_alb01_teambuff12_on.png
33E2D7C5,icon_abilearboard/icon_alb01_teambuff01_on.png
430BEB44,icon_abilearboard/icon_alb01_teambuff01_on.png
F95AE2DD,icon_abilearboard/icon_alb01_teambuff01_on.png
6F6AE5AA,icon_abilearboard/icon_alb01_teambuff01_on.png
CCFF8134,icon_abilearboard/icon_alb01_teambuff01_on.png
89B3DE5C,icon_abilearboard/icon_alb01_teambuff38_on.png
ADA45E56,icon_abilearboard/icon_alb01_teambuff38_on.png
17F557CF,icon_abilearboard/icon_alb01_teambuff38_on.png
81C550B8,icon_abilearboard/icon_alb01_teambuff38_on.png
22503426,icon_abilearboard/icon_alb01_teambuff38_on.png
1F83D92B,icon_abilearboard/icon_alb01_teambuff29_on.png
C8C3E2EE,icon_abilearboard/icon_alb01_teambuff29_on.png
7292EB77,icon_abilearboard/icon_alb01_teambuff29_on.png
E4A2EC00,icon_abilearboard/icon_alb01_teambuff29_on.png
4737889E,icon_abilearboard/icon_alb01_teambuff29_on.png
8E9E66BB,icon_abilearboard/icon_alb01_teambuff29_on.png
9ED381B6,icon_abilearboard/icon_alb01_teambuff29_on.png
2482882F,icon_abilearboard/icon_alb01_teambuff29_on.png
B2B28F58,icon_abilearboard/icon_alb01_teambuff29_on.png
1127EBC6,icon_abilearboard/icon_alb01_teambuff29_on.png
18AE61CC,icon_abilearboard/icon_alb01_teambuff15_on.png
FBB43D0E,icon_abilearboard/icon_alb01_teambuff15_on.png
41E53497,icon_abilearboard/icon_alb01_teambuff15_on.png
D7D533E0,icon_abilearboard/icon_alb01_teambuff15_on.png
7440577E,icon_abilearboard/icon_alb01_teambuff15_on.png
7F45909E,icon_abilearboard/icon_alb01_teambuff30_on.png
A1819534,icon_abilearboard/icon_alb01_teambuff30_on.png
1BD09CAD,icon_abilearboard/icon_alb01_teambuff30_on.png
8DE09BDA,icon_abilearboard/icon_alb01_teambuff30_on.png
2E75FF44,icon_abilearboard/icon_alb01_teambuff30_on.png
E97597E9,icon_abilearboard/icon_alb01_teambuff38_on.png
C4E6298C,icon_abilearboard/icon_alb01_teambuff38_on.png
7EB72015,icon_abilearboard/icon_alb01_teambuff38_on.png
E8872762,icon_abilearboard/icon_alb01_teambuff38_on.png
4B1243FC,icon_abilearboard/icon_alb01_teambuff38_on.png
53249E70,icon_abilearboard/icon_alb01_teambuff38_on.png
2A499C9E,icon_abilearboard/icon_alb01_teambuff38_on.png
90189507,icon_abilearboard/icon_alb01_teambuff38_on.png
06289270,icon_abilearboard/icon_alb01_teambuff38_on.png
A5BDF6EE,icon_abilearboard/icon_alb01_teambuff38_on.png
C5149907,icon_abilearboard/icon_alb01_teambuff13_on.png
4F2E2026,icon_abilearboard/icon_alb01_teambuff13_on.png
F57F29BF,icon_abilearboard/icon_alb01_teambuff13_on.png
634F2EC8,icon_abilearboard/icon_alb01_teambuff13_on.png
C0DA4A56,icon_abilearboard/icon_alb01_teambuff13_on.png
6681FD99,icon_abilearboard/icon_alb01_teambuff30_on.png
F616F7BB,icon_abilearboard/icon_alb01_teambuff30_on.png
4C47FE22,icon_abilearboard/icon_alb01_teambuff30_on.png
DA77F955,icon_abilearboard/icon_alb01_teambuff30_on.png
79E29DCB,icon_abilearboard/icon_alb01_teambuff30_on.png
F0B1FAEE,icon_abilearboard/icon_alb01_teambuff03_on.png
93714B03,icon_abilearboard/icon_alb01_teambuff03_on.png
2920429A,icon_abilearboard/icon_alb01_teambuff03_on.png
BF1045ED,icon_abilearboard/icon_alb01_teambuff03_on.png
1C852173,icon_abilearboard/icon_alb01_teambuff03_on.png
3E748B87,icon_abilearboard/icon_alb01_teambuff38_on.png
11A8F509,icon_abilearboard/icon_alb01_teambuff38_on.png
ABF9FC90,icon_abilearboard/icon_alb01_teambuff38_on.png
3DC9FBE7,icon_abilearboard/icon_alb01_teambuff38_on.png
9E5C9F79,icon_abilearboard/icon_alb01_teambuff38_on.png
9DE1EF19,icon_abilearboard/icon_alb01_teambuff15_on.png
A8902294,icon_abilearboard/icon_alb01_teambuff15_on.png
12C12B0D,icon_abilearboard/icon_alb01_teambuff15_on.png
84F12C7A,icon_abilearboard/icon_alb01_teambuff15_on.png
276448E4,icon_abilearboard/icon_alb01_teambuff15_on.png
DB3EC1E6,icon_abilearboard/icon_alb01_teambuff01_on.png
3AB5433A,icon_abilearboard/icon_alb01_teambuff01_on.png
80E44AA3,icon_abilearboard/icon_alb01_teambuff01_on.png
16D44DD4,icon_abilearboard/icon_alb01_teambuff01_on.png
B541294A,icon_abilearboard/icon_alb01_teambuff01_on.png
616FC87F,icon_abilearboard/icon_alb01_teambuff11_on.png
D41AF628,icon_abilearboard/icon_alb01_teambuff11_on.png
6E4BFFB1,icon_abilearboard/icon_alb01_teambuff11_on.png
F87BF8C6,icon_abilearboard/icon_alb01_teambuff11_on.png
5BEE9C58,icon_abilearboard/icon_alb01_teambuff11_on.png
F75FCF08,icon_abilearboard/icon_alb01_teambuff12_on.png
B17D4A90,icon_abilearboard/icon_alb01_teambuff12_on.png
0B2C4309,icon_abilearboard/icon_alb01_teambuff12_on.png
9D1C447E,icon_abilearboard/icon_alb01_teambuff12_on.png
3E8920E0,icon_abilearboard/icon_alb01_teambuff12_on.png
54CAAB96,icon_abilearboard/icon_alb01_teambuff13_on.png
08459D0D,icon_abilearboard/icon_alb01_teambuff13_on.png
B2149494,icon_abilearboard/icon_alb01_teambuff13_on.png
242493E3,icon_abilearboard/icon_alb01_teambuff13_on.png
87B1F77D,icon_abilearboard/icon_alb01_teambuff13_on.png
C2FAACE1,icon_abilearboard/icon_alb01_teambuff01_on.png
6D2221B5,icon_abilearboard/icon_alb01_teambuff01_on.png
D773282C,icon_abilearboard/icon_alb01_teambuff01_on.png
41432F5B,icon_abilearboard/icon_alb01_teambuff01_on.png
E2D64BC5,icon_abilearboard/icon_alb01_teambuff01_on.png
78ABA578,icon_abilearboard/icon_alb01_teambuff11_on.png
838D94A7,icon_abilearboard/icon_alb01_teambuff11_on.png
39DC9D3E,icon_abilearboard/icon_alb01_teambuff11_on.png
AFEC9A49,icon_abilearboard/icon_alb01_teambuff11_on.png
0C79FED7,icon_abilearboard/icon_alb01_teambuff11_on.png
EE9BA20F,icon_abilearboard/icon_alb01_teambuff12_on.png
E6EA281F,icon_abilearboard/icon_alb01_teambuff12_on.png
5CBB2186,icon_abilearboard/icon_alb01_teambuff12_on.png
CA8B26F1,icon_abilearboard/icon_alb01_teambuff12_on.png
691E426F,icon_abilearboard/icon_alb01_teambuff12_on.png
7F861D9F,icon_abilearboard/icon_alb01_teambuff13_on.png
B0FA4B47,icon_abilearboard/icon_alb01_teambuff13_on.png
0AAB42DE,icon_abilearboard/icon_alb01_teambuff13_on.png
9C9B45A9,icon_abilearboard/icon_alb01_teambuff13_on.png
3F0E2137,icon_abilearboard/icon_alb01_teambuff13_on.png
E9B61AE8,icon_abilearboard/icon_alb01_teambuff11_on.png
D59DF7FF,icon_abilearboard/icon_alb01_teambuff11_on.png
6FCCFE66,icon_abilearboard/icon_alb01_teambuff11_on.png
F9FCF911,icon_abilearboard/icon_alb01_teambuff11_on.png
5A699D8F,icon_abilearboard/icon_alb01_teambuff11_on.png
0C3FDD88,icon_abilearboard/icon_alb01_teambuff11_on.png
EFFB9FBF,icon_abilearboard/icon_alb01_teambuff11_on.png
55AA9626,icon_abilearboard/icon_alb01_teambuff11_on.png
C39A9151,icon_abilearboard/icon_alb01_teambuff11_on.png
600FF5CF,icon_abilearboard/icon_alb01_teambuff11_on.png
9A0FDAFF,icon_abilearboard/icon_alb01_teambuff11_on.png
8A9C2307,icon_abilearboard/icon_alb01_teambuff11_on.png
30CD2A9E,icon_abilearboard/icon_alb01_teambuff11_on.png
A6FD2DE9,icon_abilearboard/icon_alb01_teambuff11_on.png
05684977,icon_abilearboard/icon_alb01_teambuff11_on.png
205ED366,icon_abilearboard/icon_alb01_teambuff19_on.png
64339615,icon_abilearboard/icon_alb01_teambuff19_on.png
DE629F8C,icon_abilearboard/icon_alb01_teambuff19_on.png
485298FB,icon_abilearboard/icon_alb01_teambuff19_on.png
EBC7FC65,icon_abilearboard/icon_alb01_teambuff19_on.png
B66ED411,icon_abilearboard/icon_alb01_teambuff20_on.png
01542AAD,icon_abilearboard/icon_alb01_teambuff20_on.png
BB052334,icon_abilearboard/icon_alb01_teambuff20_on.png
2D352443,icon_abilearboard/icon_alb01_teambuff20_on.png
8EA040DD,icon_abilearboard/icon_alb01_teambuff20_on.png
15FBB08F,icon_abilearboard/icon_alb01_teambuff40_on.png
B86CFD30,icon_abilearboard/icon_alb01_teambuff40_on.png
023DF4A9,icon_abilearboard/icon_alb01_teambuff40_on.png
940DF3DE,icon_abilearboard/icon_alb01_teambuff40_on.png
37989740,icon_abilearboard/icon_alb01_teambuff40_on.png
83CBB7F8,icon_abilearboard/icon_alb01_teambuff19_on.png
DD0B4188,icon_abilearboard/icon_alb01_teambuff19_on.png
675A4811,icon_abilearboard/icon_alb01_teambuff19_on.png
F16A4F66,icon_abilearboard/icon_alb01_teambuff19_on.png
52FF2BF8,icon_abilearboard/icon_alb01_teambuff19_on.png
399ABE61,icon_abilearboard/icon_alb01_teambuff20_on.png
33A4F49A,icon_abilearboard/icon_alb01_teambuff20_on.png
89F5FD03,icon_abilearboard/icon_alb01_teambuff20_on.png
1FC5FA74,icon_abilearboard/icon_alb01_teambuff20_on.png
BC509EEA,icon_abilearboard/icon_alb01_teambuff20_on.png
CBE2E154,icon_abilearboard/icon_alb01_teambuff03_on.png
23BC8630,icon_abilearboard/icon_alb01_teambuff03_on.png
99ED8FA9,icon_abilearboard/icon_alb01_teambuff03_on.png
0FDD88DE,icon_abilearboard/icon_alb01_teambuff03_on.png
AC48EC40,icon_abilearboard/icon_alb01_teambuff03_on.png
71B3E8CD,icon_abilearboard/icon_alb01_teambuff03_on.png
CD133322,icon_abilearboard/icon_alb01_teambuff03_on.png
77423ABB,icon_abilearboard/icon_alb01_teambuff03_on.png
E1723DCC,icon_abilearboard/icon_alb01_teambuff03_on.png
42E75952,icon_abilearboard/icon_alb01_teambuff03_on.png
E783EFBA,icon_abilearboard/icon_alb01_teambuff03_on.png
A8748F9A,icon_abilearboard/icon_alb01_teambuff03_on.png
12258603,icon_abilearboard/icon_alb01_teambuff03_on.png
84158174,icon_abilearboard/icon_alb01_teambuff03_on.png
2780E5EA,icon_abilearboard/icon_alb01_teambuff03_on.png
44168B24,icon_abilearboard/icon_alb01_teambuff03_on.png
114C5807,icon_abilearboard/icon_alb01_teambuff03_on.png
AB1D519E,icon_abilearboard/icon_alb01_teambuff03_on.png
3D2D56E9,icon_abilearboard/icon_alb01_teambuff03_on.png
9EB83277,icon_abilearboard/icon_alb01_teambuff03_on.png
D2268C53,icon_abilearboard/icon_alb01_teambuff12_on.png
742BE4BF,icon_abilearboard/icon_alb01_teambuff12_on.png
CE7AED26,icon_abilearboard/icon_alb01_teambuff12_on.png
584AEA51,icon_abilearboard/icon_alb01_teambuff12_on.png
FBDF8ECF,icon_abilearboard/icon_alb01_teambuff12_on.png
687785CA,icon_abilearboard/icon_alb01_teambuff11_on.png
9A8451AD,icon_abilearboard/icon_alb01_teambuff11_on.png
20D55834,icon_abilearboard/icon_alb01_teambuff11_on.png
B6E55F43,icon_abilearboard/icon_alb01_teambuff11_on.png
15703BDD,icon_abilearboard/icon_alb01_teambuff11_on.png
FE4782BD,icon_abilearboard/icon_alb01_teambuff01_on.png
FFE3ED15,icon_abilearboard/icon_alb01_teambuff01_on.png
45B2E48C,icon_abilearboard/icon_alb01_teambuff01_on.png
D382E3FB,icon_abilearboard/icon_alb01_teambuff01_on.png
70178765,icon_abilearboard/icon_alb01_teambuff01_on.png
6F5A3D2D,icon_abilearboard/icon_alb01_teambuff01_on.png
A9F38E4D,icon_abilearboard/icon_alb01_teambuff01_on.png
13A287D4,icon_abilearboard/icon_alb01_teambuff01_on.png
859280A3,icon_abilearboard/icon_alb01_teambuff01_on.png
2607E43D,icon_abilearboard/icon_alb01_teambuff01_on.png
F96A3A5A,icon_abilearboard/icon_alb01_teambuff11_on.png
CC9432F5,icon_abilearboard/icon_alb01_teambuff11_on.png
76C53B6C,icon_abilearboard/icon_alb01_teambuff11_on.png
E0F53C1B,icon_abilearboard/icon_alb01_teambuff11_on.png
43605885,icon_abilearboard/icon_alb01_teambuff11_on.png
1CE3FD3A,icon_abilearboard/icon_alb01_teambuff11_on.png
F6F25AB5,icon_abilearboard/icon_alb01_teambuff11_on.png
4CA3532C,icon_abilearboard/icon_alb01_teambuff11_on.png
DA93545B,icon_abilearboard/icon_alb01_teambuff11_on.png
790630C5,icon_abilearboard/icon_alb01_teambuff11_on.png
8AD3FA4D,icon_abilearboard/icon_alb01_teambuff14_on.png
9395E60D,icon_abilearboard/icon_alb01_teambuff14_on.png
29C4EF94,icon_abilearboard/icon_alb01_teambuff14_on.png
BFF4E8E3,icon_abilearboard/icon_alb01_teambuff14_on.png
1C618C7D,icon_abilearboard/icon_alb01_teambuff14_on.png
3082F3D4,icon_abilearboard/icon_alb01_teambuff36_on.png
7D3A531F,icon_abilearboard/icon_alb01_teambuff36_on.png
C76B5A86,icon_abilearboard/icon_alb01_teambuff36_on.png
515B5DF1,icon_abilearboard/icon_alb01_teambuff36_on.png
F2CE396F,icon_abilearboard/icon_alb01_teambuff36_on.png
A6B2F4A3,icon_abilearboard/icon_alb01_teambuff38_on.png
185DEFA7,icon_abilearboard/icon_alb01_teambuff38_on.png
A20CE63E,icon_abilearboard/icon_alb01_teambuff38_on.png
343CE149,icon_abilearboard/icon_alb01_teambuff38_on.png
97A985D7,icon_abilearboard/icon_alb01_teambuff38_on.png
0527903D,icon_abilearboard/icon_alb01_teambuff12_on.png
A165383A,icon_abilearboard/icon_alb01_teambuff12_on.png
1B3431A3,icon_abilearboard/icon_alb01_teambuff12_on.png
8D0436D4,icon_abilearboard/icon_alb01_teambuff12_on.png
2E91524A,icon_abilearboard/icon_alb01_teambuff12_on.png
9317974A,icon_abilearboard/icon_alb01_teambuff01_on.png
C4028482,icon_abilearboard/icon_alb01_teambuff01_on.png
7E538D1B,icon_abilearboard/icon_alb01_teambuff01_on.png
E8638A6C,icon_abilearboard/icon_alb01_teambuff01_on.png
4BF6EEF2,icon_abilearboard/icon_alb01_teambuff01_on.png
29469ED3,icon_abilearboard/icon_alb01_teambuff38_on.png
2AAD3190,icon_abilearboard/icon_alb01_teambuff38_on.png
90FC3809,icon_abilearboard/icon_alb01_teambuff38_on.png
06CC3F7E,icon_abilearboard/icon_alb01_teambuff38_on.png
A5595BE0,icon_abilearboard/icon_alb01_teambuff38_on.png
BF7699A4,icon_abilearboard/icon_alb01_teambuff29_on.png
4FCA8D28,icon_abilearboard/icon_alb01_teambuff29_on.png
F59B84B1,icon_abilearboard/icon_alb01_teambuff29_on.png
63AB83C6,icon_abilearboard/icon_alb01_teambuff29_on.png
C03EE758,icon_abilearboard/icon_alb01_teambuff29_on.png
2E6B2634,icon_abilearboard/icon_alb01_teambuff29_on.png
19DAEE70,icon_abilearboard/icon_alb01_teambuff29_on.png
A38BE7E9,icon_abilearboard/icon_alb01_teambuff29_on.png
35BBE09E,icon_abilearboard/icon_alb01_teambuff29_on.png
962E8400,icon_abilearboard/icon_alb01_teambuff29_on.png
B85B2143,icon_abilearboard/icon_alb01_teambuff15_on.png
7CBD52C8,icon_abilearboard/icon_alb01_teambuff15_on.png
C6EC5B51,icon_abilearboard/icon_alb01_teambuff15_on.png
50DC5C26,icon_abilearboard/icon_alb01_teambuff15_on.png
F34938B8,icon_abilearboard/icon_alb01_teambuff15_on.png
DFB0D011,icon_abilearboard/icon_alb01_teambuff30_on.png
2688FAF2,icon_abilearboard/icon_alb01_teambuff30_on.png
9CD9F36B,icon_abilearboard/icon_alb01_teambuff30_on.png
0AE9F41C,icon_abilearboard/icon_alb01_teambuff30_on.png
A97C9082,icon_abilearboard/icon_alb01_teambuff30_on.png
4980D766,icon_abilearboard/icon_alb01_teambuff38_on.png
43EF464A,icon_abilearboard/icon_alb01_teambuff38_on.png
F9BE4FD3,icon_abilearboard/icon_alb01_teambuff38_on.png
6F8E48A4,icon_abilearboard/icon_alb01_teambuff38_on.png
CC1B2C3A,icon_abilearboard/icon_alb01_teambuff38_on.png
F3D1DEFF,icon_abilearboard/icon_alb01_teambuff38_on.png
AD40F358,icon_abilearboard/icon_alb01_teambuff38_on.png
1711FAC1,icon_abilearboard/icon_alb01_teambuff38_on.png
8121FDB6,icon_abilearboard/icon_alb01_teambuff38_on.png
22B49928,icon_abilearboard/icon_alb01_teambuff38_on.png
65E1D988,icon_abilearboard/icon_alb01_teambuff13_on.png
C8274FE0,icon_abilearboard/icon_alb01_teambuff13_on.png
72764679,icon_abilearboard/icon_alb01_teambuff13_on.png
E446410E,icon_abilearboard/icon_alb01_teambuff13_on.png
47D32590,icon_abilearboard/icon_alb01_teambuff13_on.png
C674BD16,icon_abilearboard/icon_alb01_teambuff30_on.png
711F987D,icon_abilearboard/icon_alb01_teambuff30_on.png
CB4E91E4,icon_abilearboard/icon_alb01_teambuff30_on.png
5D7E9693,icon_abilearboard/icon_alb01_teambuff30_on.png
FEEBF20D,icon_abilearboard/icon_alb01_teambuff30_on.png
5E0FBF6D,icon_abilearboard/icon_alb01_teambuff03_on.png
E45EB6F4,icon_abilearboard/icon_alb01_teambuff03_on.png
726EB183,icon_abilearboard/icon_alb01_teambuff12_on.png
D1FBD51D,icon_abilearboard/icon_alb01_teambuff01_on.png
47CBD26A,icon_abilearboard/icon_alb01_teambuff14_on.png
FD9ADBF3,icon_abilearboard/icon_alb01_teambuff01_on.png
6BAADC84,icon_abilearboard/icon_alb01_teambuff29_on.png
FAB76314,icon_abilearboard/icon_alb01_teambuff15_on.png
6C876463,icon_abilearboard/icon_alb01_teambuff13_on.png
890EA303,icon_abilearboard/icon_alb01_teambuff30_on.png
1F3EA474,icon_abilearboard/icon_alb01_teambuff38_on.png
A56FADED,icon_abilearboard/icon_alb01_teambuff38_on.png
DDFB1BE9,icon_abilearboard/icon_alb01_teambuff01_on.png
67AA1270,icon_abilearboard/icon_alb01_teambuff11_on.png
F19A1507,icon_abilearboard/icon_alb01_teambuff12_on.png
520F7199,icon_abilearboard/icon_alb01_teambuff13_on.png
C43F76EE,icon_abilearboard/icon_alb01_teambuff01_on.png
7E6E7F77,icon_abilearboard/icon_alb01_teambuff11_on.png
E85E7800,icon_abilearboard/icon_alb01_teambuff12_on.png
7943C790,icon_abilearboard/icon_alb01_teambuff13_on.png
EF73C0E7,icon_abilearboard/icon_alb01_teambuff01_on.png
0AFA0787,icon_abilearboard/icon_alb01_teambuff11_on.png
9CCA00F0,icon_abilearboard/icon_alb01_teambuff12_on.png
269B0969,icon_abilearboard/icon_alb01_teambuff11_on.png
B0AB0E1E,icon_abilearboard/icon_alb01_teambuff12_on.png
133E6A80,icon_abilearboard/icon_alb01_teambuff13_on.png
850E6DF7,icon_abilearboard/icon_alb01_teambuff01_on.png
3F5F646E,icon_abilearboard/icon_alb01_teambuff11_on.png
A96F6319,icon_abilearboard/icon_alb01_teambuff12_on.png
3872DC89,icon_abilearboard/icon_alb01_teambuff13_on.png
AE42DBFE,icon_abilearboard/icon_alb01_teambuff01_on.png
C9A92AAC,icon_abilearboard/icon_alb01_teambuff11_on.png
5F992DDB,icon_abilearboard/icon_alb01_teambuff12_on.png
E5C82442,icon_abilearboard/icon_alb01_teambuff13_on.png
73F82335,icon_abilearboard/icon_alb01_teambuff01_on.png
D06D47AB,icon_abilearboard/icon_alb01_teambuff11_on.png
465D40DC,icon_abilearboard/icon_alb01_teambuff13_on.png
FC0C4945,icon_abilearboard/icon_alb01_teambuff11_on.png
6A3C4E32,icon_abilearboard/icon_alb01_teambuff12_on.png
FB21F1A2,icon_abilearboard/icon_alb01_teambuff11_on.png
6D11F6D5,icon_abilearboard/icon_alb01_teambuff01_on.png
889831B5,icon_abilearboard/icon_alb01_teambuff11_on.png
1EA836C2,icon_abilearboard/icon_alb01_teambuff12_on.png
A4F93F5B,icon_abilearboard/icon_alb01_teambuff11_on.png
32C9382C,icon_abilearboard/icon_alb01_teambuff11_on.png
915C5CB2,icon_abilearboard/icon_alb01_teambuff12_on.png
076C5BC5,icon_abilearboard/icon_alb01_teambuff11_on.png
BD3D525C,icon_abilearboard/icon_alb01_teambuff17_on.png
2B0D552B,icon_abilearboard/icon_alb01_teambuff17_on.png
